"Indicator","Time","Value (USD/GHS)"
"Currency","2018/06/08",4.70
"Currency","2018/06/07",4.68
"Currency","2018/06/06",4.70
"Currency","2018/06/05",4.74
"Currency","2018/06/04",4.69
"Currency","2018/06/01",4.74
"Currency","2018/05/31",4.72
"Currency","2018/05/30",4.69
"Currency","2018/05/29",4.67
"Currency","2018/05/28",4.66
"Currency","2018/05/25",4.64
"Currency","2018/05/24",4.64
"Currency","2018/05/23",4.64
"Currency","2018/05/22",4.63
"Currency","2018/05/21",4.64
"Currency","2018/05/18",4.60
"Currency","2018/05/17",4.61
"Currency","2018/05/16",4.59
"Currency","2018/05/15",4.57
"Currency","2018/05/14",4.53
"Currency","2018/05/11",4.53
"Currency","2018/05/10",4.54
"Currency","2018/05/09",4.53
"Currency","2018/05/08",4.51
"Currency","2018/05/07",4.50
"Currency","2018/05/04",4.48
"Currency","2018/05/03",4.48
"Currency","2018/05/02",4.51
"Currency","2018/05/01",4.50
"Currency","2018/04/30",4.50
"Currency","2018/04/27",4.48
"Currency","2018/04/26",4.46
"Currency","2018/04/25",4.44
"Currency","2018/04/24",4.44
"Currency","2018/04/23",4.44
"Currency","2018/04/20",4.43
"Currency","2018/04/19",4.44
"Currency","2018/04/18",4.44
"Currency","2018/04/17",4.43
"Currency","2018/04/16",4.42
"Currency","2018/04/13",4.43
"Currency","2018/04/12",4.43
"Currency","2018/04/11",4.42
"Currency","2018/04/10",4.42
"Currency","2018/04/09",4.43
"Currency","2018/04/06",4.45
"Currency","2018/04/05",4.45
"Currency","2018/04/04",4.43
"Currency","2018/04/03",4.42
"Currency","2018/04/02",4.41
"Currency","2018/03/30",4.41
"Currency","2018/03/29",4.41
"Currency","2018/03/28",4.41
"Currency","2018/03/27",4.41
"Currency","2018/03/26",4.41
"Currency","2018/03/23",4.39
"Currency","2018/03/22",4.41
"Currency","2018/03/21",4.41
"Currency","2018/03/20",4.41
"Currency","2018/03/19",4.43
"Currency","2018/03/16",4.41
"Currency","2018/03/15",4.41
"Currency","2018/03/14",4.41
"Currency","2018/03/13",4.42
"Currency","2018/03/12",4.42
"Currency","2018/03/09",4.43
"Currency","2018/03/08",4.44
"Currency","2018/03/07",4.44
"Currency","2018/03/06",4.44
"Currency","2018/03/05",4.44
"Currency","2018/03/02",4.46
"Currency","2018/03/01",4.44
"Currency","2018/02/28",4.46
"Currency","2018/02/27",4.46
"Currency","2018/02/26",4.46
"Currency","2018/02/23",4.46
"Currency","2018/02/22",4.45
"Currency","2018/02/21",4.43
"Currency","2018/02/20",4.44
"Currency","2018/02/19",4.46
"Currency","2018/02/16",4.52
"Currency","2018/02/15",4.44
"Currency","2018/02/14",4.47
"Currency","2018/02/13",4.44
"Currency","2018/02/12",4.49
"Currency","2018/02/09",4.45
"Currency","2018/02/08",4.42
"Currency","2018/02/07",4.42
"Currency","2018/02/06",4.47
"Currency","2018/02/05",4.47
"Currency","2018/02/02",4.47
"Currency","2018/02/01",4.50
"Currency","2018/01/31",4.50
"Currency","2018/01/30",4.49
"Currency","2018/01/29",4.50
"Currency","2018/01/26",4.51
"Currency","2018/01/25",4.54
"Currency","2018/01/24",4.54
"Currency","2018/01/23",4.52
"Currency","2018/01/22",4.54
"Currency","2018/01/19",4.54
"Currency","2018/01/18",4.54
"Currency","2018/01/17",4.53
"Currency","2018/01/16",4.53
"Currency","2018/01/15",4.52
"Currency","2018/01/12",4.50
"Currency","2018/01/11",4.55
"Currency","2018/01/10",4.52
"Currency","2018/01/09",4.55
"Currency","2018/01/08",4.54
"Currency","2018/01/05",4.54
"Currency","2018/01/04",4.54
"Currency","2018/01/03",4.53
"Currency","2018/01/02",4.53
"Currency","2017/12/29",4.52
"Currency","2017/12/28",4.52
"Currency","2017/12/27",4.51
"Currency","2017/12/26",4.51
"Currency","2017/12/25",4.51
"Currency","2017/12/22",4.51
"Currency","2017/12/21",4.51
"Currency","2017/12/20",4.50
"Currency","2017/12/19",4.52
"Currency","2017/12/18",4.52
"Currency","2017/12/15",4.51
"Currency","2017/12/14",4.51
"Currency","2017/12/13",4.44
"Currency","2017/12/12",4.44
"Currency","2017/12/11",4.50
"Currency","2017/12/08",4.50
"Currency","2017/12/07",4.44
"Currency","2017/12/06",4.44
"Currency","2017/12/05",4.44
"Currency","2017/12/04",4.43
"Currency","2017/12/01",4.48
"Currency","2017/11/30",4.53
"Currency","2017/11/29",4.62
"Currency","2017/11/28",4.60
"Currency","2017/11/27",4.63
"Currency","2017/11/24",4.61
"Currency","2017/11/23",4.63
"Currency","2017/11/22",4.62
"Currency","2017/11/21",4.61
"Currency","2017/11/20",4.57
"Currency","2017/11/17",4.57
"Currency","2017/11/16",4.55
"Currency","2017/11/15",4.48
"Currency","2017/11/14",4.48
"Currency","2017/11/13",4.44
"Currency","2017/11/10",4.44
"Currency","2017/11/09",4.39
"Currency","2017/11/08",4.43
"Currency","2017/11/07",4.38
"Currency","2017/11/06",4.41
"Currency","2017/11/03",4.41
"Currency","2017/11/02",4.40
"Currency","2017/11/01",4.39
"Currency","2017/10/31",4.39
"Currency","2017/10/30",4.39
"Currency","2017/10/27",4.38
"Currency","2017/10/26",4.42
"Currency","2017/10/25",4.42
"Currency","2017/10/24",4.42
"Currency","2017/10/23",4.42
"Currency","2017/10/21",4.39
"Currency","2017/10/20",4.39
"Currency","2017/10/19",4.42
"Currency","2017/10/18",4.42
"Currency","2017/10/17",4.42
"Currency","2017/10/16",4.39
"Currency","2017/10/13",4.36
"Currency","2017/10/12",4.42
"Currency","2017/10/11",4.38
"Currency","2017/10/10",4.42
"Currency","2017/10/09",4.42
"Currency","2017/10/06",4.36
"Currency","2017/10/05",4.42
"Currency","2017/10/04",4.42
"Currency","2017/10/03",4.42
"Currency","2017/10/02",4.40
"Currency","2017/09/30",4.37
"Currency","2017/09/29",4.37
"Currency","2017/09/28",4.42
"Currency","2017/09/27",4.42
"Currency","2017/09/26",4.40
"Currency","2017/09/25",4.42
"Currency","2017/09/22",4.38
"Currency","2017/09/21",4.42
"Currency","2017/09/20",4.42
"Currency","2017/09/19",4.42
"Currency","2017/09/18",4.42
"Currency","2017/09/16",4.40
"Currency","2017/09/15",4.40
"Currency","2017/09/14",4.42
"Currency","2017/09/13",4.42
"Currency","2017/09/12",4.42
"Currency","2017/09/11",4.42
"Currency","2017/09/08",4.38
"Currency","2017/09/07",4.42
"Currency","2017/09/06",4.42
"Currency","2017/09/05",4.42
"Currency","2017/09/04",4.43
"Currency","2017/09/01",4.43
"Currency","2017/08/31",4.40
"Currency","2017/08/30",4.40
"Currency","2017/08/29",4.42
"Currency","2017/08/28",4.40
"Currency","2017/08/25",4.41
"Currency","2017/08/24",4.42
"Currency","2017/08/23",4.40
"Currency","2017/08/22",4.40
"Currency","2017/08/21",4.40
"Currency","2017/08/18",4.39
"Currency","2017/08/17",4.40
"Currency","2017/08/16",4.40
"Currency","2017/08/15",4.45
"Currency","2017/08/14",4.45
"Currency","2017/08/12",4.43
"Currency","2017/08/11",4.43
"Currency","2017/08/10",4.41
"Currency","2017/08/09",4.39
"Currency","2017/08/08",4.39
"Currency","2017/08/07",4.40
"Currency","2017/08/04",4.39
"Currency","2017/08/03",4.40
"Currency","2017/08/02",4.26
"Currency","2017/08/01",4.26
"Currency","2017/07/31",4.37
"Currency","2017/07/28",4.35
"Currency","2017/07/27",4.38
"Currency","2017/07/26",4.39
"Currency","2017/07/25",4.37
"Currency","2017/07/24",4.38
"Currency","2017/07/21",4.41
"Currency","2017/07/20",4.39
"Currency","2017/07/19",4.39
"Currency","2017/07/18",4.39
"Currency","2017/07/17",4.37
"Currency","2017/07/14",4.34
"Currency","2017/07/13",4.40
"Currency","2017/07/12",4.40
"Currency","2017/07/11",4.40
"Currency","2017/07/10",4.40
"Currency","2017/07/08",4.39
"Currency","2017/07/07",4.39
"Currency","2017/07/06",4.38
"Currency","2017/07/05",4.39
"Currency","2017/07/04",4.33
"Currency","2017/07/03",4.37
"Currency","2017/06/30",4.41
"Currency","2017/06/29",4.40
"Currency","2017/06/28",4.41
"Currency","2017/06/27",4.31
"Currency","2017/06/26",4.40
"Currency","2017/06/24",4.42
"Currency","2017/06/23",4.39
"Currency","2017/06/22",4.39
"Currency","2017/06/21",4.39
"Currency","2017/06/20",4.39
"Currency","2017/06/19",4.39
"Currency","2017/06/17",4.39
"Currency","2017/06/16",4.39
"Currency","2017/06/15",4.37
"Currency","2017/06/14",4.39
"Currency","2017/06/13",4.35
"Currency","2017/06/12",4.35
"Currency","2017/06/09",4.35
"Currency","2017/06/08",4.35
"Currency","2017/06/07",4.35
"Currency","2017/06/06",4.35
"Currency","2017/06/05",4.35
"Currency","2017/06/02",4.35
"Currency","2017/06/01",4.30
"Currency","2017/05/31",4.35
"Currency","2017/05/30",4.35
"Currency","2017/05/29",4.34
"Currency","2017/05/26",4.30
"Currency","2017/05/25",4.35
"Currency","2017/05/24",4.37
"Currency","2017/05/23",4.31
"Currency","2017/05/22",4.31
"Currency","2017/05/20",4.42
"Currency","2017/05/19",4.42
"Currency","2017/05/18",4.37
"Currency","2017/05/17",4.31
"Currency","2017/05/15",4.30
"Currency","2017/05/12",4.24
"Currency","2017/05/11",4.15
"Currency","2017/05/10",4.24
"Currency","2017/05/09",4.19
"Currency","2017/05/08",4.17
"Currency","2017/05/05",4.18
"Currency","2017/05/04",4.19
"Currency","2017/05/03",4.19
"Currency","2017/05/02",4.22
"Currency","2017/05/01",4.21
"Currency","2017/04/28",4.21
"Currency","2017/04/27",4.20
"Currency","2017/04/26",4.20
"Currency","2017/04/21",4.14
"Currency","2017/04/20",4.10
"Currency","2017/04/19",4.12
"Currency","2017/04/18",4.18
"Currency","2017/04/17",4.18
"Currency","2017/04/14",4.18
"Currency","2017/04/13",4.22
"Currency","2017/04/12",4.21
"Currency","2017/04/11",4.11
"Currency","2017/04/10",4.21
"Currency","2017/04/07",4.14
"Currency","2017/04/06",4.15
"Currency","2017/04/05",4.34
"Currency","2017/04/04",4.25
"Currency","2017/04/03",4.26
"Currency","2017/03/31",4.27
"Currency","2017/03/30",4.27
"Currency","2017/03/29",4.33
"Currency","2017/03/28",4.34
"Currency","2017/03/27",4.32
"Currency","2017/03/24",4.34
"Currency","2017/03/23",4.34
"Currency","2017/03/22",4.44
"Currency","2017/03/21",4.47
"Currency","2017/03/20",4.46
"Currency","2017/03/17",4.51
"Currency","2017/03/16",4.51
"Currency","2017/03/15",4.44
"Currency","2017/03/14",4.60
"Currency","2017/03/13",4.58
"Currency","2017/03/10",4.55
"Currency","2017/03/09",4.61
"Currency","2017/03/08",4.57
"Currency","2017/03/07",4.58
"Currency","2017/03/06",4.73
"Currency","2017/03/03",4.71
"Currency","2017/03/02",4.73
"Currency","2017/03/01",4.56
"Currency","2017/02/28",4.69
"Currency","2017/02/27",4.64
"Currency","2017/02/24",4.60
"Currency","2017/02/23",4.54
"Currency","2017/02/22",4.55
"Currency","2017/02/21",4.53
"Currency","2017/02/20",4.34
"Currency","2017/02/17",4.52
"Currency","2017/02/16",4.44
"Currency","2017/02/15",4.40
"Currency","2017/02/14",4.38
"Currency","2017/02/13",4.40
"Currency","2017/02/10",4.43
"Currency","2017/02/09",4.45
"Currency","2017/02/08",4.44
"Currency","2017/02/07",4.33
"Currency","2017/02/06",4.40
"Currency","2017/02/04",4.38
"Currency","2017/02/03",4.38
"Currency","2017/02/02",4.37
"Currency","2017/02/01",4.35
"Currency","2017/01/31",4.34
"Currency","2017/01/30",4.31
"Currency","2017/01/27",4.32
"Currency","2017/01/26",4.33
"Currency","2017/01/25",4.23
"Currency","2017/01/24",4.24
"Currency","2017/01/23",4.34
"Currency","2017/01/20",4.34
"Currency","2017/01/19",4.28
"Currency","2017/01/18",4.22
"Currency","2017/01/17",4.23
"Currency","2017/01/16",4.26
"Currency","2017/01/13",4.24
"Currency","2017/01/12",4.24
"Currency","2017/01/11",4.23
"Currency","2017/01/10",4.25
"Currency","2017/01/09",4.24
"Currency","2017/01/06",4.24
"Currency","2017/01/05",4.25
"Currency","2017/01/04",4.19
"Currency","2017/01/03",4.28
"Currency","2017/01/02",4.28
"Currency","2016/12/30",4.28
"Currency","2016/12/29",4.28
"Currency","2016/12/28",4.24
"Currency","2016/12/27",4.28
"Currency","2016/12/26",4.28
"Currency","2016/12/24",4.30
"Currency","2016/12/23",4.30
"Currency","2016/12/22",4.29
"Currency","2016/12/21",4.22
"Currency","2016/12/20",4.10
"Currency","2016/12/19",4.11
"Currency","2016/12/16",4.28
"Currency","2016/12/15",4.10
"Currency","2016/12/14",4.12
"Currency","2016/12/13",4.10
"Currency","2016/12/12",4.15
"Currency","2016/12/10",4.16
"Currency","2016/12/09",4.28
"Currency","2016/12/08",4.24
"Currency","2016/12/07",4.23
"Currency","2016/12/06",4.29
"Currency","2016/12/05",4.28
"Currency","2016/12/02",4.10
"Currency","2016/12/01",4.26
"Currency","2016/11/30",4.32
"Currency","2016/11/29",4.30
"Currency","2016/11/28",4.10
"Currency","2016/11/26",4.23
"Currency","2016/11/25",4.23
"Currency","2016/11/24",4.10
"Currency","2016/11/23",3.97
"Currency","2016/11/22",3.97
"Currency","2016/11/21",4.07
"Currency","2016/11/19",4.00
"Currency","2016/11/18",4.00
"Currency","2016/11/17",3.96
"Currency","2016/11/16",4.03
"Currency","2016/11/15",3.90
"Currency","2016/11/14",3.94
"Currency","2016/11/12",4.00
"Currency","2016/11/11",4.00
"Currency","2016/11/10",4.00
"Currency","2016/11/09",3.99
"Currency","2016/11/08",3.98
"Currency","2016/11/07",3.99
"Currency","2016/11/04",3.99
"Currency","2016/11/03",3.85
"Currency","2016/11/02",3.99
"Currency","2016/11/01",3.98
"Currency","2016/10/31",3.98
"Currency","2016/10/28",3.98
"Currency","2016/10/27",3.97
"Currency","2016/10/26",3.98
"Currency","2016/10/25",3.96
"Currency","2016/10/24",3.97
"Currency","2016/10/21",3.88
"Currency","2016/10/20",4.00
"Currency","2016/10/19",3.97
"Currency","2016/10/18",3.98
"Currency","2016/10/17",3.98
"Currency","2016/10/14",3.96
"Currency","2016/10/13",3.90
"Currency","2016/10/12",3.97
"Currency","2016/10/11",3.96
"Currency","2016/10/10",4.02
"Currency","2016/10/07",3.97
"Currency","2016/10/06",3.97
"Currency","2016/10/05",3.97
"Currency","2016/10/04",3.98
"Currency","2016/10/03",3.97
"Currency","2016/10/01",3.97
"Currency","2016/09/30",3.97
"Currency","2016/09/29",3.97
"Currency","2016/09/28",3.96
"Currency","2016/09/27",3.97
"Currency","2016/09/26",3.96
"Currency","2016/09/24",3.98
"Currency","2016/09/23",3.99
"Currency","2016/09/22",3.96
"Currency","2016/09/21",3.97
"Currency","2016/09/20",3.94
"Currency","2016/09/19",3.99
"Currency","2016/09/17",3.95
"Currency","2016/09/16",3.97
"Currency","2016/09/15",3.96
"Currency","2016/09/14",3.95
"Currency","2016/09/13",3.95
"Currency","2016/09/12",3.95
"Currency","2016/09/10",3.95
"Currency","2016/09/09",3.95
"Currency","2016/09/08",3.94
"Currency","2016/09/07",3.96
"Currency","2016/09/06",3.95
"Currency","2016/09/05",3.96
"Currency","2016/09/03",3.94
"Currency","2016/09/02",3.94
"Currency","2016/09/01",3.94
"Currency","2016/08/31",3.87
"Currency","2016/08/30",3.86
"Currency","2016/08/29",3.85
"Currency","2016/08/26",3.88
"Currency","2016/08/25",3.86
"Currency","2016/08/24",3.96
"Currency","2016/08/23",3.95
"Currency","2016/08/22",3.95
"Currency","2016/08/19",3.95
"Currency","2016/08/18",3.94
"Currency","2016/08/17",3.94
"Currency","2016/08/16",4.00
"Currency","2016/08/15",3.94
"Currency","2016/08/12",3.94
"Currency","2016/08/11",3.94
"Currency","2016/08/10",3.81
"Currency","2016/08/09",3.95
"Currency","2016/08/08",3.94
"Currency","2016/08/05",3.96
"Currency","2016/08/04",3.94
"Currency","2016/08/03",3.94
"Currency","2016/08/02",3.95
"Currency","2016/08/01",3.95
"Currency","2016/07/29",3.95
"Currency","2016/07/28",3.94
"Currency","2016/07/27",3.94
"Currency","2016/07/26",3.97
"Currency","2016/07/25",3.81
"Currency","2016/07/22",3.94
"Currency","2016/07/21",3.95
"Currency","2016/07/20",3.94
"Currency","2016/07/19",3.95
"Currency","2016/07/18",3.93
"Currency","2016/07/15",3.94
"Currency","2016/07/14",3.93
"Currency","2016/07/13",3.93
"Currency","2016/07/12",3.95
"Currency","2016/07/11",3.94
"Currency","2016/07/08",3.93
"Currency","2016/07/07",3.94
"Currency","2016/07/06",3.94
"Currency","2016/07/05",3.93
"Currency","2016/07/04",3.95
"Currency","2016/07/01",3.95
"Currency","2016/06/30",3.83
"Currency","2016/06/29",3.92
"Currency","2016/06/28",3.92
"Currency","2016/06/27",3.83
"Currency","2016/06/24",3.91
"Currency","2016/06/23",3.92
"Currency","2016/06/22",3.91
"Currency","2016/06/21",3.91
"Currency","2016/06/20",3.90
"Currency","2016/06/17",3.94
"Currency","2016/06/16",3.90
"Currency","2016/06/15",3.90
"Currency","2016/06/14",3.89
"Currency","2016/06/13",3.91
"Currency","2016/06/10",3.87
"Currency","2016/06/09",3.86
"Currency","2016/06/08",3.87
"Currency","2016/06/07",3.87
"Currency","2016/06/06",3.84
"Currency","2016/06/03",3.84
"Currency","2016/06/02",3.84
"Currency","2016/06/01",3.84
"Currency","2016/05/31",3.83
"Currency","2016/05/30",3.88
"Currency","2016/05/27",3.88
"Currency","2016/05/26",3.87
"Currency","2016/05/25",3.83
"Currency","2016/05/24",3.84
"Currency","2016/05/23",3.83
"Currency","2016/05/20",3.87
"Currency","2016/05/19",3.82
"Currency","2016/05/18",3.84
"Currency","2016/05/17",3.81
"Currency","2016/05/16",3.88
"Currency","2016/05/13",3.86
"Currency","2016/05/12",3.81
"Currency","2016/05/11",3.82
"Currency","2016/05/10",3.83
"Currency","2016/05/09",3.82
"Currency","2016/05/06",3.83
"Currency","2016/05/05",3.83
"Currency","2016/05/04",3.79
"Currency","2016/05/03",3.79
"Currency","2016/05/02",3.79
"Currency","2016/04/29",3.79
"Currency","2016/04/28",3.79
"Currency","2016/04/27",3.82
"Currency","2016/04/26",3.83
"Currency","2016/04/25",3.83
"Currency","2016/04/23",3.82
"Currency","2016/04/22",3.81
"Currency","2016/04/21",3.82
"Currency","2016/04/20",3.84
"Currency","2016/04/19",3.83
"Currency","2016/04/18",3.83
"Currency","2016/04/15",3.84
"Currency","2016/04/14",3.81
"Currency","2016/04/13",3.83
"Currency","2016/04/12",3.83
"Currency","2016/04/11",3.83
"Currency","2016/04/09",3.83
"Currency","2016/04/08",3.83
"Currency","2016/04/07",3.85
"Currency","2016/04/06",3.84
"Currency","2016/04/05",3.84
"Currency","2016/04/04",3.84
"Currency","2016/04/01",3.86
"Currency","2016/03/31",3.83
"Currency","2016/03/30",3.85
"Currency","2016/03/29",3.85
"Currency","2016/03/28",3.85
"Currency","2016/03/25",3.83
"Currency","2016/03/24",3.84
"Currency","2016/03/23",3.90
"Currency","2016/03/22",3.84
"Currency","2016/03/21",3.83
"Currency","2016/03/18",3.85
"Currency","2016/03/17",3.89
"Currency","2016/03/16",3.86
"Currency","2016/03/15",3.87
"Currency","2016/03/14",3.85
"Currency","2016/03/13",3.86
"Currency","2016/03/11",3.86
"Currency","2016/03/10",3.87
"Currency","2016/03/09",3.88
"Currency","2016/03/08",3.88
"Currency","2016/03/07",3.85
"Currency","2016/03/06",3.86
"Currency","2016/03/04",3.86
"Currency","2016/03/03",3.86
"Currency","2016/03/02",3.87
"Currency","2016/03/01",3.94
"Currency","2016/02/29",3.86
"Currency","2016/02/28",3.92
"Currency","2016/02/26",3.93
"Currency","2016/02/25",3.92
"Currency","2016/02/24",3.94
"Currency","2016/02/23",3.99
"Currency","2016/02/22",3.98
"Currency","2016/02/19",3.98
"Currency","2016/02/18",3.98
"Currency","2016/02/17",3.98
"Currency","2016/02/16",3.96
"Currency","2016/02/15",3.97
"Currency","2016/02/12",3.98
"Currency","2016/02/11",3.97
"Currency","2016/02/10",3.99
"Currency","2016/02/09",3.95
"Currency","2016/02/08",3.95
"Currency","2016/02/05",4.00
"Currency","2016/02/04",4.00
"Currency","2016/02/03",4.00
"Currency","2016/02/02",3.98
"Currency","2016/02/01",3.99
"Currency","2016/01/29",3.95
"Currency","2016/01/28",3.96
"Currency","2016/01/27",3.98
"Currency","2016/01/26",3.97
"Currency","2016/01/25",3.97
"Currency","2016/01/22",3.98
"Currency","2016/01/21",4.00
"Currency","2016/01/20",3.98
"Currency","2016/01/19",3.87
"Currency","2016/01/18",3.93
"Currency","2016/01/15",3.83
"Currency","2016/01/14",3.86
"Currency","2016/01/13",3.85
"Currency","2016/01/12",3.83
"Currency","2016/01/11",3.82
"Currency","2016/01/10",3.83
"Currency","2016/01/08",3.83
"Currency","2016/01/07",3.82
"Currency","2016/01/06",3.82
"Currency","2016/01/05",3.79
"Currency","2016/01/04",3.82
"Currency","2016/01/01",3.81
"Currency","2015/12/31",3.81
"Currency","2015/12/30",3.81
"Currency","2015/12/29",3.81
"Currency","2015/12/28",3.82
"Currency","2015/12/25",3.82
"Currency","2015/12/24",3.82
"Currency","2015/12/23",3.82
"Currency","2015/12/22",3.82
"Currency","2015/12/21",3.80
"Currency","2015/12/20",3.79
"Currency","2015/12/18",3.79
"Currency","2015/12/17",3.81
"Currency","2015/12/16",3.80
"Currency","2015/12/15",3.82
"Currency","2015/12/14",3.79
"Currency","2015/12/11",3.82
"Currency","2015/12/10",3.82
"Currency","2015/12/09",3.81
"Currency","2015/12/08",3.81
"Currency","2015/12/07",3.81
"Currency","2015/12/06",3.76
"Currency","2015/12/04",3.76
"Currency","2015/12/03",3.81
"Currency","2015/12/02",3.81
"Currency","2015/12/01",3.78
"Currency","2015/11/30",3.81
"Currency","2015/11/28",3.82
"Currency","2015/11/27",3.82
"Currency","2015/11/26",3.77
"Currency","2015/11/25",3.83
"Currency","2015/11/24",3.82
"Currency","2015/11/23",3.79
"Currency","2015/11/20",3.82
"Currency","2015/11/19",3.83
"Currency","2015/11/18",3.83
"Currency","2015/11/17",3.83
"Currency","2015/11/16",3.82
"Currency","2015/11/13",3.82
"Currency","2015/11/12",3.82
"Currency","2015/11/11",3.82
"Currency","2015/11/10",3.81
"Currency","2015/11/09",3.81
"Currency","2015/11/08",3.76
"Currency","2015/11/06",3.80
"Currency","2015/11/05",3.79
"Currency","2015/11/04",3.81
"Currency","2015/11/03",3.89
"Currency","2015/11/02",3.88
"Currency","2015/11/01",3.78
"Currency","2015/10/30",3.78
"Currency","2015/10/29",3.80
"Currency","2015/10/28",3.80
"Currency","2015/10/27",3.82
"Currency","2015/10/26",3.80
"Currency","2015/10/25",3.80
"Currency","2015/10/23",3.80
"Currency","2015/10/22",3.82
"Currency","2015/10/21",3.83
"Currency","2015/10/20",3.90
"Currency","2015/10/19",3.90
"Currency","2015/10/18",3.84
"Currency","2015/10/16",3.84
"Currency","2015/10/15",3.88
"Currency","2015/10/14",3.83
"Currency","2015/10/13",3.75
"Currency","2015/10/12",3.76
"Currency","2015/10/09",3.76
"Currency","2015/10/08",3.75
"Currency","2015/10/07",3.78
"Currency","2015/10/06",3.78
"Currency","2015/10/05",3.71
"Currency","2015/10/04",3.73
"Currency","2015/10/02",3.73
"Currency","2015/10/01",3.79
"Currency","2015/09/30",3.75
"Currency","2015/09/29",3.77
"Currency","2015/09/28",3.79
"Currency","2015/09/27",3.80
"Currency","2015/09/26",3.80
"Currency","2015/09/25",3.80
"Currency","2015/09/24",3.86
"Currency","2015/09/23",3.83
"Currency","2015/09/22",3.91
"Currency","2015/09/21",3.93
"Currency","2015/09/20",3.90
"Currency","2015/09/18",3.90
"Currency","2015/09/17",3.93
"Currency","2015/09/16",4.01
"Currency","2015/09/15",4.03
"Currency","2015/09/14",4.02
"Currency","2015/09/13",4.00
"Currency","2015/09/11",4.00
"Currency","2015/09/10",4.01
"Currency","2015/09/09",3.91
"Currency","2015/09/08",3.91
"Currency","2015/09/07",3.85
"Currency","2015/09/06",3.80
"Currency","2015/09/04",3.80
"Currency","2015/09/03",3.82
"Currency","2015/09/02",3.80
"Currency","2015/09/01",3.83
"Currency","2015/08/31",3.90
"Currency","2015/08/30",4.03
"Currency","2015/08/28",4.03
"Currency","2015/08/27",4.09
"Currency","2015/08/26",4.30
"Currency","2015/08/25",4.32
"Currency","2015/08/24",4.23
"Currency","2015/08/21",4.20
"Currency","2015/08/20",4.20
"Currency","2015/08/19",4.12
"Currency","2015/08/18",4.13
"Currency","2015/08/17",4.11
"Currency","2015/08/14",4.10
"Currency","2015/08/13",4.09
"Currency","2015/08/12",4.05
"Currency","2015/08/11",3.90
"Currency","2015/08/10",3.91
"Currency","2015/08/07",3.91
"Currency","2015/08/06",3.85
"Currency","2015/08/05",3.77
"Currency","2015/08/04",3.78
"Currency","2015/08/03",3.72
"Currency","2015/07/31",3.72
"Currency","2015/07/30",3.65
"Currency","2015/07/29",3.66
"Currency","2015/07/28",3.53
"Currency","2015/07/27",3.35
"Currency","2015/07/24",3.25
"Currency","2015/07/23",3.23
"Currency","2015/07/22",3.21
"Currency","2015/07/21",3.20
"Currency","2015/07/20",3.24
"Currency","2015/07/17",3.29
"Currency","2015/07/16",3.40
"Currency","2015/07/15",3.47
"Currency","2015/07/14",3.45
"Currency","2015/07/13",3.44
"Currency","2015/07/12",3.50
"Currency","2015/07/10",3.62
"Currency","2015/07/09",3.77
"Currency","2015/07/08",3.90
"Currency","2015/07/07",3.92
"Currency","2015/07/06",4.20
"Currency","2015/07/04",3.93
"Currency","2015/07/03",4.32
"Currency","2015/07/02",4.35
"Currency","2015/07/01",4.34
"Currency","2015/06/30",4.39
"Currency","2015/06/29",4.39
"Currency","2015/06/26",4.39
"Currency","2015/06/25",4.39
"Currency","2015/06/24",4.38
"Currency","2015/06/23",4.38
"Currency","2015/06/22",4.36
"Currency","2015/06/19",4.36
"Currency","2015/06/18",4.37
"Currency","2015/06/17",4.36
"Currency","2015/06/16",4.32
"Currency","2015/06/15",4.28
"Currency","2015/06/12",4.29
"Currency","2015/06/11",4.22
"Currency","2015/06/10",4.20
"Currency","2015/06/09",4.16
"Currency","2015/06/08",4.07
"Currency","2015/06/05",4.05
"Currency","2015/06/04",4.06
"Currency","2015/06/03",4.09
"Currency","2015/06/02",4.07
"Currency","2015/06/01",4.03
"Currency","2015/05/29",4.01
"Currency","2015/05/28",4.00
"Currency","2015/05/27",4.01
"Currency","2015/05/26",4.03
"Currency","2015/05/25",4.02
"Currency","2015/05/22",4.02
"Currency","2015/05/21",3.99
"Currency","2015/05/20",3.98
"Currency","2015/05/19",3.94
"Currency","2015/05/18",3.97
"Currency","2015/05/15",3.90
"Currency","2015/05/14",3.89
"Currency","2015/05/13",3.86
"Currency","2015/05/12",3.85
"Currency","2015/05/11",3.84
"Currency","2015/05/08",3.87
"Currency","2015/05/07",3.85
"Currency","2015/05/05",3.84
"Currency","2015/05/04",3.84
"Currency","2015/05/01",3.84
"Currency","2015/04/30",3.84
"Currency","2015/04/29",3.84
"Currency","2015/04/28",3.85
"Currency","2015/04/27",3.81
"Currency","2015/04/24",3.82
"Currency","2015/04/23",3.81
"Currency","2015/04/22",3.81
"Currency","2015/04/21",3.80
"Currency","2015/04/20",3.80
"Currency","2015/04/17",3.79
"Currency","2015/04/16",3.80
"Currency","2015/04/15",3.80
"Currency","2015/04/14",3.79
"Currency","2015/04/13",3.80
"Currency","2015/04/10",3.81
"Currency","2015/04/09",3.81
"Currency","2015/04/08",3.81
"Currency","2015/04/07",3.77
"Currency","2015/04/06",3.81
"Currency","2015/04/03",3.79
"Currency","2015/04/02",3.81
"Currency","2015/04/01",3.81
"Currency","2015/03/31",3.74
"Currency","2015/03/30",3.79
"Currency","2015/03/27",3.80
"Currency","2015/03/26",3.72
"Currency","2015/03/25",3.74
"Currency","2015/03/24",3.66
"Currency","2015/03/23",3.65
"Currency","2015/03/20",3.74
"Currency","2015/03/19",3.58
"Currency","2015/03/18",3.54
"Currency","2015/03/17",3.64
"Currency","2015/03/16",3.55
"Currency","2015/03/13",3.53
"Currency","2015/03/12",3.50
"Currency","2015/03/11",3.50
"Currency","2015/03/10",3.51
"Currency","2015/03/09",3.53
"Currency","2015/03/06",3.48
"Currency","2015/03/05",3.48
"Currency","2015/03/04",3.47
"Currency","2015/03/03",3.48
"Currency","2015/03/02",3.49
"Currency","2015/02/27",3.50
"Currency","2015/02/26",3.48
"Currency","2015/02/25",3.44
"Currency","2015/02/24",3.49
"Currency","2015/02/23",3.46
"Currency","2015/02/20",3.40
"Currency","2015/02/19",3.39
"Currency","2015/02/18",3.48
"Currency","2015/02/17",3.40
"Currency","2015/02/16",3.40
"Currency","2015/02/13",3.40
"Currency","2015/02/12",3.39
"Currency","2015/02/11",3.39
"Currency","2015/02/10",3.39
"Currency","2015/02/09",3.38
"Currency","2015/02/06",3.36
"Currency","2015/02/05",3.38
"Currency","2015/02/04",3.30
"Currency","2015/02/03",3.31
"Currency","2015/02/02",3.35
"Currency","2015/01/30",3.33
"Currency","2015/01/29",3.38
"Currency","2015/01/28",3.32
"Currency","2015/01/27",3.29
"Currency","2015/01/26",3.25
"Currency","2015/01/23",3.24
"Currency","2015/01/22",3.25
"Currency","2015/01/21",3.21
"Currency","2015/01/20",3.22
"Currency","2015/01/19",3.20
"Currency","2015/01/16",3.20
"Currency","2015/01/15",3.20
"Currency","2015/01/14",3.20
"Currency","2015/01/13",3.20
"Currency","2015/01/12",3.20
"Currency","2015/01/09",3.20
"Currency","2015/01/08",3.19
"Currency","2015/01/07",3.19
"Currency","2015/01/06",3.18
"Currency","2015/01/05",3.18
"Currency","2015/01/02",3.21
"Currency","2015/01/01",3.17
"Currency","2014/12/31",3.18
"Currency","2014/12/30",3.18
"Currency","2014/12/29",3.19
"Currency","2014/12/26",3.18
"Currency","2014/12/25",3.18
"Currency","2014/12/24",3.18
"Currency","2014/12/23",3.18
"Currency","2014/12/22",3.18
"Currency","2014/12/19",3.18
"Currency","2014/12/18",3.18
"Currency","2014/12/17",3.18
"Currency","2014/12/16",3.19
"Currency","2014/12/15",3.18
"Currency","2014/12/12",3.18
"Currency","2014/12/11",3.17
"Currency","2014/12/10",3.19
"Currency","2014/12/09",3.17
"Currency","2014/12/08",3.17
"Currency","2014/12/05",3.18
"Currency","2014/12/04",3.18
"Currency","2014/12/03",3.20
"Currency","2014/12/02",3.17
"Currency","2014/12/01",3.19
"Currency","2014/11/28",3.18
"Currency","2014/11/27",3.17
"Currency","2014/11/26",3.17
"Currency","2014/11/25",3.17
"Currency","2014/11/24",3.17
"Currency","2014/11/23",3.19
"Currency","2014/11/22",3.19
"Currency","2014/11/21",3.17
"Currency","2014/11/20",3.18
"Currency","2014/11/19",3.19
"Currency","2014/11/18",3.21
"Currency","2014/11/17",3.18
"Currency","2014/11/16",3.21
"Currency","2014/11/15",3.21
"Currency","2014/11/14",3.20
"Currency","2014/11/13",3.21
"Currency","2014/11/12",3.18
"Currency","2014/11/11",3.22
"Currency","2014/11/10",3.18
"Currency","2014/11/09",3.21
"Currency","2014/11/08",3.21
"Currency","2014/11/07",3.24
"Currency","2014/11/06",3.19
"Currency","2014/11/05",3.18
"Currency","2014/11/04",3.19
"Currency","2014/11/03",3.22
"Currency","2014/11/02",3.21
"Currency","2014/11/01",3.22
"Currency","2014/10/31",3.18
"Currency","2014/10/30",3.23
"Currency","2014/10/29",3.19
"Currency","2014/10/28",3.20
"Currency","2014/10/27",3.18
"Currency","2014/10/26",3.18
"Currency","2014/10/25",3.20
"Currency","2014/10/24",3.22
"Currency","2014/10/23",3.18
"Currency","2014/10/22",3.21
"Currency","2014/10/21",3.20
"Currency","2014/10/20",3.21
"Currency","2014/10/19",3.20
"Currency","2014/10/18",3.21
"Currency","2014/10/17",3.16
"Currency","2014/10/16",3.13
"Currency","2014/10/15",3.18
"Currency","2014/10/14",3.18
"Currency","2014/10/13",3.19
"Currency","2014/10/12",3.18
"Currency","2014/10/11",3.18
"Currency","2014/10/10",3.21
"Currency","2014/10/09",3.20
"Currency","2014/10/08",3.16
"Currency","2014/10/07",3.17
"Currency","2014/10/06",3.24
"Currency","2014/10/05",3.18
"Currency","2014/10/04",3.18
"Currency","2014/10/03",3.29
"Currency","2014/10/02",3.20
"Currency","2014/10/01",3.26
"Currency","2014/09/30",3.20
"Currency","2014/09/29",3.22
"Currency","2014/09/28",3.22
"Currency","2014/09/27",3.22
"Currency","2014/09/26",3.27
"Currency","2014/09/25",3.28
"Currency","2014/09/24",3.38
"Currency","2014/09/23",3.26
"Currency","2014/09/22",3.29
"Currency","2014/09/21",3.30
"Currency","2014/09/20",3.30
"Currency","2014/09/19",3.49
"Currency","2014/09/18",3.54
"Currency","2014/09/17",3.56
"Currency","2014/09/16",3.59
"Currency","2014/09/15",3.67
"Currency","2014/09/14",3.59
"Currency","2014/09/13",3.59
"Currency","2014/09/12",3.59
"Currency","2014/09/11",3.63
"Currency","2014/09/10",3.70
"Currency","2014/09/09",3.70
"Currency","2014/09/08",3.72
"Currency","2014/09/05",3.76
"Currency","2014/09/04",3.79
"Currency","2014/09/03",3.80
"Currency","2014/09/02",3.80
"Currency","2014/09/01",3.78
"Currency","2014/08/29",3.79
"Currency","2014/08/28",3.78
"Currency","2014/08/27",3.67
"Currency","2014/08/26",3.73
"Currency","2014/08/25",3.65
"Currency","2014/08/22",3.88
"Currency","2014/08/21",3.73
"Currency","2014/08/20",3.86
"Currency","2014/08/19",3.76
"Currency","2014/08/18",3.75
"Currency","2014/08/15",3.74
"Currency","2014/08/14",3.84
"Currency","2014/08/13",3.84
"Currency","2014/08/12",3.61
"Currency","2014/08/11",3.61
"Currency","2014/08/08",3.52
"Currency","2014/08/07",3.50
"Currency","2014/08/06",3.40
"Currency","2014/08/05",3.42
"Currency","2014/08/04",3.35
"Currency","2014/08/01",3.45
"Currency","2014/07/31",3.70
"Currency","2014/07/30",3.59
"Currency","2014/07/29",3.60
"Currency","2014/07/28",3.59
"Currency","2014/07/25",3.67
"Currency","2014/07/24",3.56
"Currency","2014/07/23",3.43
"Currency","2014/07/22",3.39
"Currency","2014/07/21",3.38
"Currency","2014/07/19",3.41
"Currency","2014/07/18",3.33
"Currency","2014/07/17",3.36
"Currency","2014/07/16",3.39
"Currency","2014/07/15",3.41
"Currency","2014/07/14",3.37
"Currency","2014/07/13",3.31
"Currency","2014/07/12",3.31
"Currency","2014/07/11",3.33
"Currency","2014/07/10",3.28
"Currency","2014/07/09",3.35
"Currency","2014/07/08",3.35
"Currency","2014/07/07",3.23
"Currency","2014/07/06",3.01
"Currency","2014/07/05",3.01
"Currency","2014/07/04",3.33
"Currency","2014/07/03",3.25
"Currency","2014/07/02",3.23
"Currency","2014/07/01",3.31
"Currency","2014/06/30",3.39
"Currency","2014/06/29",3.00
"Currency","2014/06/28",3.00
"Currency","2014/06/27",3.32
"Currency","2014/06/26",3.19
"Currency","2014/06/25",3.19
"Currency","2014/06/24",3.18
"Currency","2014/06/23",3.17
"Currency","2014/06/22",3.07
"Currency","2014/06/21",3.07
"Currency","2014/06/20",3.18
"Currency","2014/06/19",3.16
"Currency","2014/06/18",3.16
"Currency","2014/06/17",3.10
"Currency","2014/06/16",3.10
"Currency","2014/06/15",3.09
"Currency","2014/06/14",3.09
"Currency","2014/06/13",3.10
"Currency","2014/06/12",3.05
"Currency","2014/06/11",3.06
"Currency","2014/06/10",3.05
"Currency","2014/06/09",3.02
"Currency","2014/06/08",3.03
"Currency","2014/06/07",3.03
"Currency","2014/06/06",3.07
"Currency","2014/06/05",2.95
"Currency","2014/06/04",2.95
"Currency","2014/06/03",2.95
"Currency","2014/06/02",2.99
"Currency","2014/06/01",3.00
"Currency","2014/05/31",3.00
"Currency","2014/05/30",2.99
"Currency","2014/05/29",2.95
"Currency","2014/05/28",2.94
"Currency","2014/05/27",2.94
"Currency","2014/05/26",2.94
"Currency","2014/05/24",2.94
"Currency","2014/05/23",2.94
"Currency","2014/05/22",2.94
"Currency","2014/05/21",2.94
"Currency","2014/05/20",1.00
"Currency","2014/05/19",2.86
"Currency","2014/05/18",2.95
"Currency","2014/05/17",2.95
"Currency","2014/05/16",2.90
"Currency","2014/05/15",2.90
"Currency","2014/05/14",2.90
"Currency","2014/05/13",2.89
"Currency","2014/05/12",2.87
"Currency","2014/05/11",2.88
"Currency","2014/05/10",2.88
"Currency","2014/05/09",2.87
"Currency","2014/05/08",2.84
"Currency","2014/05/07",2.84
"Currency","2014/05/06",2.82
"Currency","2014/05/05",2.82
"Currency","2014/05/04",2.84
"Currency","2014/05/03",2.84
"Currency","2014/05/02",2.82
"Currency","2014/05/01",2.82
"Currency","2014/04/30",2.82
"Currency","2014/04/29",2.82
"Currency","2014/04/28",2.82
"Currency","2014/04/27",2.82
"Currency","2014/04/26",2.82
"Currency","2014/04/25",2.80
"Currency","2014/04/24",2.79
"Currency","2014/04/23",2.78
"Currency","2014/04/22",2.77
"Currency","2014/04/21",2.77
"Currency","2014/04/20",2.74
"Currency","2014/04/19",2.74
"Currency","2014/04/18",2.77
"Currency","2014/04/17",2.77
"Currency","2014/04/16",2.77
"Currency","2014/04/15",2.77
"Currency","2014/04/14",2.77
"Currency","2014/04/13",2.77
"Currency","2014/04/12",2.77
"Currency","2014/04/11",2.77
"Currency","2014/04/10",2.76
"Currency","2014/04/09",2.70
"Currency","2014/04/08",2.70
"Currency","2014/04/07",2.68
"Currency","2014/04/06",2.70
"Currency","2014/04/05",2.70
"Currency","2014/04/04",2.70
"Currency","2014/04/03",2.68
"Currency","2014/04/02",2.68
"Currency","2014/04/01",2.69
"Currency","2014/03/31",2.67
"Currency","2014/03/30",2.64
"Currency","2014/03/29",2.70
"Currency","2014/03/28",2.64
"Currency","2014/03/27",2.59
"Currency","2014/03/26",2.58
"Currency","2014/03/25",2.57
"Currency","2014/03/24",2.57
"Currency","2014/03/23",2.63
"Currency","2014/03/22",2.63
"Currency","2014/03/21",2.61
"Currency","2014/03/20",2.60
"Currency","2014/03/19",2.58
"Currency","2014/03/18",2.56
"Currency","2014/03/17",2.53
"Currency","2014/03/16",2.55
"Currency","2014/03/15",2.55
"Currency","2014/03/14",2.55
"Currency","2014/03/13",2.54
"Currency","2014/03/12",2.55
"Currency","2014/03/11",2.54
"Currency","2014/03/10",2.57
"Currency","2014/03/09",2.53
"Currency","2014/03/08",2.55
"Currency","2014/03/07",2.53
"Currency","2014/03/06",2.54
"Currency","2014/03/05",2.56
"Currency","2014/03/04",2.54
"Currency","2014/03/03",2.54
"Currency","2014/03/02",2.57
"Currency","2014/03/01",2.57
"Currency","2014/02/28",2.56
"Currency","2014/02/27",2.55
"Currency","2014/02/26",2.54
"Currency","2014/02/25",2.53
"Currency","2014/02/24",2.50
"Currency","2014/02/23",2.50
"Currency","2014/02/22",2.52
"Currency","2014/02/21",2.51
"Currency","2014/02/20",2.52
"Currency","2014/02/19",2.49
"Currency","2014/02/18",2.48
"Currency","2014/02/17",2.53
"Currency","2014/02/16",2.54
"Currency","2014/02/15",2.54
"Currency","2014/02/14",2.53
"Currency","2014/02/13",2.48
"Currency","2014/02/12",2.50
"Currency","2014/02/11",2.51
"Currency","2014/02/10",2.38
"Currency","2014/02/09",2.40
"Currency","2014/02/08",2.45
"Currency","2014/02/07",2.43
"Currency","2014/02/06",2.48
"Currency","2014/02/05",2.47
"Currency","2014/02/04",2.45
"Currency","2014/02/03",2.37
"Currency","2014/02/02",2.37
"Currency","2014/02/01",2.38
"Currency","2014/01/31",2.37
"Currency","2014/01/30",2.37
"Currency","2014/01/29",2.44
"Currency","2014/01/28",2.45
"Currency","2014/01/27",2.42
"Currency","2014/01/24",2.39
"Currency","2014/01/23",2.40
"Currency","2014/01/22",2.39
"Currency","2014/01/21",2.38
"Currency","2014/01/20",2.38
"Currency","2014/01/19",2.37
"Currency","2014/01/18",2.38
"Currency","2014/01/17",2.37
"Currency","2014/01/16",2.32
"Currency","2014/01/15",2.32
"Currency","2014/01/14",2.37
"Currency","2014/01/13",2.36
"Currency","2014/01/12",2.36
"Currency","2014/01/11",2.36
"Currency","2014/01/10",2.40
"Currency","2014/01/09",2.36
"Currency","2014/01/08",2.35
"Currency","2014/01/07",2.37
"Currency","2014/01/06",2.33
"Currency","2014/01/05",2.32
"Currency","2014/01/04",2.33
"Currency","2014/01/03",2.33
"Currency","2014/01/02",2.35
"Currency","2014/01/01",2.35
"Currency","2013/12/31",2.37
"Currency","2013/12/30",2.37
"Currency","2013/12/29",2.35
"Currency","2013/12/28",2.35
"Currency","2013/12/27",2.36
"Currency","2013/12/26",2.34
"Currency","2013/12/25",2.34
"Currency","2013/12/24",2.34
"Currency","2013/12/23",2.34
"Currency","2013/12/22",2.35
"Currency","2013/12/21",2.35
"Currency","2013/12/20",2.33
"Currency","2013/12/19",2.32
"Currency","2013/12/18",2.30
"Currency","2013/12/17",2.30
"Currency","2013/12/16",2.30
"Currency","2013/12/15",2.31
"Currency","2013/12/14",2.31
"Currency","2013/12/13",2.30
"Currency","2013/12/12",2.30
"Currency","2013/12/11",2.29
"Currency","2013/12/10",2.32
"Currency","2013/12/09",2.30
"Currency","2013/12/08",2.31
"Currency","2013/12/07",2.30
"Currency","2013/12/06",2.29
"Currency","2013/12/05",2.29
"Currency","2013/12/04",2.28
"Currency","2013/12/03",2.27
"Currency","2013/12/02",2.26
"Currency","2013/12/01",2.27
"Currency","2013/11/30",2.27
"Currency","2013/11/29",2.26
"Currency","2013/11/28",2.28
"Currency","2013/11/27",2.27
"Currency","2013/11/26",2.27
"Currency","2013/11/25",2.24
"Currency","2013/11/24",2.25
"Currency","2013/11/23",2.27
"Currency","2013/11/22",2.28
"Currency","2013/11/21",2.27
"Currency","2013/11/20",2.27
"Currency","2013/11/19",2.27
"Currency","2013/11/18",2.24
"Currency","2013/11/17",2.25
"Currency","2013/11/16",2.26
"Currency","2013/11/15",2.24
"Currency","2013/11/14",2.20
"Currency","2013/11/13",2.20
"Currency","2013/11/12",2.21
"Currency","2013/11/11",2.23
"Currency","2013/11/10",2.22
"Currency","2013/11/09",2.22
"Currency","2013/11/08",2.23
"Currency","2013/11/07",2.22
"Currency","2013/11/06",2.22
"Currency","2013/11/05",2.22
"Currency","2013/11/04",2.21
"Currency","2013/11/03",2.21
"Currency","2013/11/02",2.21
"Currency","2013/11/01",2.20
"Currency","2013/10/31",2.20
"Currency","2013/10/30",2.19
"Currency","2013/10/29",2.19
"Currency","2013/10/28",2.18
"Currency","2013/10/27",2.20
"Currency","2013/10/26",2.19
"Currency","2013/10/25",2.17
"Currency","2013/10/24",2.17
"Currency","2013/10/23",2.16
"Currency","2013/10/22",2.17
"Currency","2013/10/21",2.17
"Currency","2013/10/20",2.18
"Currency","2013/10/19",2.18
"Currency","2013/10/18",2.17
"Currency","2013/10/17",2.17
"Currency","2013/10/16",2.17
"Currency","2013/10/15",2.16
"Currency","2013/10/14",2.17
"Currency","2013/10/13",2.18
"Currency","2013/10/11",2.16
"Currency","2013/10/10",2.17
"Currency","2013/10/09",2.17
"Currency","2013/10/08",2.18
"Currency","2013/10/07",2.16
"Currency","2013/10/04",2.16
"Currency","2013/10/03",2.15
"Currency","2013/10/02",2.16
"Currency","2013/10/01",2.16
"Currency","2013/09/30",2.16
"Currency","2013/09/27",2.16
"Currency","2013/09/26",2.16
"Currency","2013/09/25",2.16
"Currency","2013/09/24",2.16
"Currency","2013/09/23",2.16
"Currency","2013/09/20",2.16
"Currency","2013/09/19",2.14
"Currency","2013/09/18",2.16
"Currency","2013/09/17",2.16
"Currency","2013/09/16",2.15
"Currency","2013/09/13",2.16
"Currency","2013/09/12",2.15
"Currency","2013/09/11",2.16
"Currency","2013/09/10",2.14
"Currency","2013/09/09",2.15
"Currency","2013/09/06",2.16
"Currency","2013/09/05",2.13
"Currency","2013/09/04",2.14
"Currency","2013/09/03",2.14
"Currency","2013/09/02",2.11
"Currency","2013/08/30",2.14
"Currency","2013/08/29",2.13
"Currency","2013/08/28",2.12
"Currency","2013/08/27",2.13
"Currency","2013/08/26",2.13
"Currency","2013/08/23",2.13
"Currency","2013/08/22",2.13
"Currency","2013/08/21",2.12
"Currency","2013/08/20",2.12
"Currency","2013/08/19",2.12
"Currency","2013/08/16",2.08
"Currency","2013/08/15",2.07
"Currency","2013/08/14",2.08
"Currency","2013/08/13",2.07
"Currency","2013/08/12",2.07
"Currency","2013/08/09",2.07
"Currency","2013/08/08",2.07
"Currency","2013/08/07",2.06
"Currency","2013/08/06",2.06
"Currency","2013/08/05",2.05
"Currency","2013/08/02",2.07
"Currency","2013/08/01",2.09
"Currency","2013/07/31",2.09
"Currency","2013/07/30",2.07
"Currency","2013/07/29",2.07
"Currency","2013/07/26",2.04
"Currency","2013/07/25",2.07
"Currency","2013/07/24",2.04
"Currency","2013/07/23",2.05
"Currency","2013/07/22",2.01
"Currency","2013/07/19",2.03
"Currency","2013/07/18",2.06
"Currency","2013/07/17",2.02
"Currency","2013/07/16",2.02
"Currency","2013/07/15",2.01
"Currency","2013/07/12",2.02
"Currency","2013/07/11",1.99
"Currency","2013/07/10",2.03
"Currency","2013/07/09",2.00
"Currency","2013/07/08",2.03
"Currency","2013/07/05",2.02
"Currency","2013/07/04",1.99
"Currency","2013/07/03",2.01
"Currency","2013/07/02",2.00
"Currency","2013/07/01",2.01
"Currency","2013/06/28",2.01
"Currency","2013/06/27",2.02
"Currency","2013/06/26",2.00
"Currency","2013/06/25",1.99
"Currency","2013/06/24",2.00
"Currency","2013/06/21",1.99
"Currency","2013/06/20",2.00
"Currency","2013/06/19",1.99
"Currency","2013/06/18",1.99
"Currency","2013/06/17",1.98
"Currency","2013/06/14",1.98
"Currency","2013/06/13",1.98
"Currency","2013/06/12",1.96
"Currency","2013/06/11",1.96
"Currency","2013/06/10",1.96
"Currency","2013/06/07",1.96
"Currency","2013/06/06",1.98
"Currency","2013/06/05",1.98
"Currency","2013/06/04",1.97
"Currency","2013/06/03",1.98
"Currency","2013/05/31",1.97
"Currency","2013/05/30",1.97
"Currency","2013/05/29",1.99
"Currency","2013/05/28",1.98
"Currency","2013/05/27",1.98
"Currency","2013/05/24",1.97
"Currency","2013/05/23",1.99
"Currency","2013/05/22",1.97
"Currency","2013/05/21",1.97
"Currency","2013/05/20",1.98
"Currency","2013/05/17",1.97
"Currency","2013/05/16",1.97
"Currency","2013/05/15",1.98
"Currency","2013/05/14",1.97
"Currency","2013/05/13",1.97
"Currency","2013/05/10",1.98
"Currency","2013/05/09",1.95
"Currency","2013/05/08",1.96
"Currency","2013/05/07",1.96
"Currency","2013/05/06",1.98
"Currency","2013/05/03",1.97
"Currency","2013/05/02",1.96
"Currency","2013/05/01",1.94
"Currency","2013/04/30",1.95
"Currency","2013/04/29",1.94
"Currency","2013/04/26",1.96
"Currency","2013/04/25",1.95
"Currency","2013/04/24",1.95
"Currency","2013/04/23",1.94
"Currency","2013/04/22",1.94
"Currency","2013/04/19",1.94
"Currency","2013/04/18",1.94
"Currency","2013/04/17",1.91
"Currency","2013/04/16",1.93
"Currency","2013/04/15",1.91
"Currency","2013/04/12",1.93
"Currency","2013/04/11",1.92
"Currency","2013/04/10",1.91
"Currency","2013/04/09",1.93
"Currency","2013/04/08",1.92
"Currency","2013/04/05",1.90
"Currency","2013/04/04",1.92
"Currency","2013/04/03",1.91
"Currency","2013/04/02",1.94
"Currency","2013/04/01",1.92
"Currency","2013/03/29",1.92
"Currency","2013/03/28",1.92
"Currency","2013/03/27",1.92
"Currency","2013/03/26",1.94
"Currency","2013/03/25",1.91
"Currency","2013/03/22",1.93
"Currency","2013/03/21",1.94
"Currency","2013/03/20",1.93
"Currency","2013/03/19",1.91
"Currency","2013/03/18",1.91
"Currency","2013/03/15",1.90
"Currency","2013/03/14",1.91
"Currency","2013/03/13",1.90
"Currency","2013/03/12",1.90
"Currency","2013/03/11",1.91
"Currency","2013/03/08",1.88
"Currency","2013/03/07",1.91
"Currency","2013/03/06",1.90
"Currency","2013/03/05",1.89
"Currency","2013/03/04",1.90
"Currency","2013/03/01",1.91
"Currency","2013/02/28",1.89
"Currency","2013/02/27",1.90
"Currency","2013/02/26",1.93
"Currency","2013/02/25",1.89
"Currency","2013/02/22",1.89
"Currency","2013/02/21",1.90
"Currency","2013/02/20",1.88
"Currency","2013/02/19",1.88
"Currency","2013/02/18",1.87
"Currency","2013/02/15",1.88
"Currency","2013/02/14",1.89
"Currency","2013/02/13",1.88
"Currency","2013/02/12",1.90
"Currency","2013/02/11",1.90
"Currency","2013/02/08",1.91
"Currency","2013/02/07",1.89
"Currency","2013/02/06",1.88
"Currency","2013/02/05",1.90
"Currency","2013/02/04",1.89
"Currency","2013/02/01",1.88
"Currency","2013/01/31",1.88
"Currency","2013/01/30",1.87
"Currency","2013/01/29",1.88
"Currency","2013/01/28",1.88
"Currency","2013/01/25",1.89
"Currency","2013/01/24",1.90
"Currency","2013/01/23",1.89
"Currency","2013/01/22",1.89
"Currency","2013/01/21",1.90
"Currency","2013/01/18",1.89
"Currency","2013/01/17",1.89
"Currency","2013/01/16",1.89
"Currency","2013/01/15",1.88
"Currency","2013/01/14",1.86
"Currency","2013/01/11",1.84
"Currency","2013/01/10",1.87
"Currency","2013/01/09",1.88
"Currency","2013/01/08",1.87
"Currency","2013/01/07",1.89
"Currency","2013/01/04",1.90
"Currency","2013/01/03",1.90
"Currency","2013/01/02",1.88
"Currency","2013/01/01",1.90
"Currency","2012/12/31",1.88
"Currency","2012/12/28",1.89
"Currency","2012/12/27",1.88
"Currency","2012/12/26",1.88
"Currency","2012/12/25",1.88
"Currency","2012/12/24",1.88
"Currency","2012/12/21",1.88
"Currency","2012/12/20",1.89
"Currency","2012/12/19",1.87
"Currency","2012/12/18",1.87
"Currency","2012/12/17",1.86
"Currency","2012/12/14",1.87
"Currency","2012/12/13",1.87
"Currency","2012/12/12",1.87
"Currency","2012/12/11",1.87
"Currency","2012/12/10",1.87
"Currency","2012/12/07",1.89
"Currency","2012/12/06",1.87
"Currency","2012/12/05",1.87
"Currency","2012/12/04",1.88
"Currency","2012/12/03",1.88
"Currency","2012/11/30",1.89
"Currency","2012/11/29",1.91
"Currency","2012/11/28",1.88
"Currency","2012/11/27",1.87
"Currency","2012/11/26",1.87
"Currency","2012/11/23",1.88
"Currency","2012/11/22",1.87
"Currency","2012/11/21",1.87
"Currency","2012/11/20",1.86
"Currency","2012/11/19",1.86
"Currency","2012/11/16",1.86
"Currency","2012/11/15",1.86
"Currency","2012/11/14",1.88
"Currency","2012/11/13",1.86
"Currency","2012/11/12",1.86
"Currency","2012/11/09",1.86
"Currency","2012/11/08",1.87
"Currency","2012/11/07",1.86
"Currency","2012/11/06",1.87
"Currency","2012/11/05",1.87
"Currency","2012/11/02",1.87
"Currency","2012/11/01",1.87
"Currency","2012/10/31",1.86
"Currency","2012/10/30",1.86
"Currency","2012/10/29",1.85
"Currency","2012/10/26",1.86
"Currency","2012/10/25",1.85
"Currency","2012/10/24",1.86
"Currency","2012/10/23",1.86
"Currency","2012/10/22",1.87
"Currency","2012/10/19",1.87
"Currency","2012/10/18",1.87
"Currency","2012/10/17",1.86
"Currency","2012/10/16",1.88
"Currency","2012/10/15",1.88
"Currency","2012/10/12",1.87
"Currency","2012/10/11",1.87
"Currency","2012/10/10",1.87
"Currency","2012/10/09",1.88
"Currency","2012/10/08",1.87
"Currency","2012/10/05",1.87
"Currency","2012/10/04",1.87
"Currency","2012/10/03",1.88
"Currency","2012/10/02",1.89
"Currency","2012/10/01",1.89
"Currency","2012/09/28",1.87
"Currency","2012/09/27",1.88
"Currency","2012/09/26",1.90
"Currency","2012/09/25",1.90
"Currency","2012/09/24",1.91
"Currency","2012/09/21",1.90
"Currency","2012/09/20",1.88
"Currency","2012/09/19",1.88
"Currency","2012/09/18",1.91
"Currency","2012/09/17",1.87
"Currency","2012/09/14",1.87
"Currency","2012/09/13",1.88
"Currency","2012/09/12",1.87
"Currency","2012/09/11",1.89
"Currency","2012/09/10",1.89
"Currency","2012/09/07",1.91
"Currency","2012/09/06",1.90
"Currency","2012/09/05",1.92
"Currency","2012/09/04",1.91
"Currency","2012/09/03",1.91
"Currency","2012/08/31",1.92
"Currency","2012/08/30",1.92
"Currency","2012/08/29",1.91
"Currency","2012/08/28",1.91
"Currency","2012/08/27",1.92
"Currency","2012/08/24",1.92
"Currency","2012/08/23",1.91
"Currency","2012/08/22",1.91
"Currency","2012/08/21",1.92
"Currency","2012/08/20",1.93
"Currency","2012/08/17",1.91
"Currency","2012/08/16",1.93
"Currency","2012/08/15",1.94
"Currency","2012/08/14",1.93
"Currency","2012/08/13",1.93
"Currency","2012/08/10",1.93
"Currency","2012/08/09",1.93
"Currency","2012/08/08",1.94
"Currency","2012/08/07",1.93
"Currency","2012/08/06",1.92
"Currency","2012/08/03",1.95
"Currency","2012/08/02",1.95
"Currency","2012/08/01",1.93
"Currency","2012/07/31",1.93
"Currency","2012/07/30",1.94
"Currency","2012/07/27",1.93
"Currency","2012/07/26",1.93
"Currency","2012/07/25",1.94
"Currency","2012/07/24",1.94
"Currency","2012/07/23",1.95
"Currency","2012/07/20",1.93
"Currency","2012/07/19",1.92
"Currency","2012/07/18",1.92
"Currency","2012/07/17",1.92
"Currency","2012/07/16",1.92
"Currency","2012/07/13",1.93
"Currency","2012/07/12",1.92
"Currency","2012/07/11",1.95
"Currency","2012/07/10",1.93
"Currency","2012/07/09",1.95
"Currency","2012/07/06",1.95
"Currency","2012/07/05",1.93
"Currency","2012/07/04",1.92
"Currency","2012/07/03",1.94
"Currency","2012/07/02",1.91
"Currency","2012/06/29",1.91
"Currency","2012/06/28",1.92
"Currency","2012/06/27",1.92
"Currency","2012/06/26",1.91
"Currency","2012/06/25",1.91
"Currency","2012/06/22",1.93
"Currency","2012/06/21",1.91
"Currency","2012/06/20",1.90
"Currency","2012/06/19",1.92
"Currency","2012/06/18",1.90
"Currency","2012/06/15",1.89
"Currency","2012/06/14",1.90
"Currency","2012/06/13",1.90
"Currency","2012/06/12",1.91
"Currency","2012/06/11",1.88
"Currency","2012/06/08",1.89
"Currency","2012/06/07",1.88
"Currency","2012/06/06",1.87
"Currency","2012/06/05",1.86
"Currency","2012/06/04",1.86
"Currency","2012/06/01",1.88
"Currency","2012/05/31",1.88
"Currency","2012/05/30",1.88
"Currency","2012/05/29",1.88
"Currency","2012/05/28",1.88
"Currency","2012/05/25",1.89
"Currency","2012/05/24",1.89
"Currency","2012/05/23",1.88
"Currency","2012/05/22",1.86
"Currency","2012/05/21",1.86
"Currency","2012/05/18",1.88
"Currency","2012/05/17",1.90
"Currency","2012/05/16",1.90
"Currency","2012/05/15",1.88
"Currency","2012/05/14",1.88
"Currency","2012/05/11",1.88
"Currency","2012/05/10",1.87
"Currency","2012/05/09",1.86
"Currency","2012/05/08",1.86
"Currency","2012/05/07",1.85
"Currency","2012/05/04",1.84
"Currency","2012/05/03",1.85
"Currency","2012/05/02",1.85
"Currency","2012/05/01",1.85
"Currency","2012/04/30",1.83
"Currency","2012/04/27",1.83
"Currency","2012/04/26",1.85
"Currency","2012/04/25",1.82
"Currency","2012/04/24",1.81
"Currency","2012/04/23",1.80
"Currency","2012/04/20",1.82
"Currency","2012/04/19",1.81
"Currency","2012/04/18",1.79
"Currency","2012/04/17",1.80
"Currency","2012/04/16",1.79
"Currency","2012/04/13",1.79
"Currency","2012/04/12",1.79
"Currency","2012/04/11",1.77
"Currency","2012/04/10",1.77
"Currency","2012/04/09",1.75
"Currency","2012/04/06",1.78
"Currency","2012/04/05",1.79
"Currency","2012/04/04",1.78
"Currency","2012/04/03",1.78
"Currency","2012/04/02",1.76
"Currency","2012/03/30",1.77
"Currency","2012/03/29",1.78
"Currency","2012/03/28",1.78
"Currency","2012/03/27",1.77
"Currency","2012/03/26",1.74
"Currency","2012/03/23",1.76
"Currency","2012/03/22",1.76
"Currency","2012/03/21",1.76
"Currency","2012/03/20",1.75
"Currency","2012/03/19",1.71
"Currency","2012/03/16",1.73
"Currency","2012/03/15",1.72
"Currency","2012/03/14",1.72
"Currency","2012/03/13",1.72
"Currency","2012/03/12",1.72
"Currency","2012/03/09",1.71
"Currency","2012/03/08",1.71
"Currency","2012/03/07",1.71
"Currency","2012/03/06",1.71
"Currency","2012/03/05",1.69
"Currency","2012/03/02",1.70
"Currency","2012/03/01",1.70
"Currency","2012/02/29",1.70
"Currency","2012/02/28",1.70
"Currency","2012/02/27",1.68
"Currency","2012/02/24",1.71
"Currency","2012/02/23",1.68
"Currency","2012/02/22",1.70
"Currency","2012/02/21",1.68
"Currency","2012/02/20",1.68
"Currency","2012/02/17",1.69
"Currency","2012/02/16",1.70
"Currency","2012/02/15",1.70
"Currency","2012/02/14",1.70
"Currency","2012/02/13",1.69
"Currency","2012/02/10",1.70
"Currency","2012/02/09",1.67
"Currency","2012/02/08",1.69
"Currency","2012/02/07",1.68
"Currency","2012/02/06",1.67
"Currency","2012/02/03",1.67
"Currency","2012/02/02",1.68
"Currency","2012/02/01",1.68
"Currency","2012/01/31",1.62
"Currency","2012/01/30",1.65
"Currency","2012/01/27",1.62
"Currency","2012/01/26",1.70
"Currency","2012/01/25",1.71
"Currency","2012/01/24",1.68
"Currency","2012/01/23",1.72
"Currency","2012/01/20",1.72
"Currency","2012/01/19",1.74
"Currency","2012/01/18",1.72
"Currency","2012/01/17",1.70
"Currency","2012/01/16",1.70
"Currency","2012/01/13",1.67
"Currency","2012/01/12",1.66
"Currency","2012/01/11",1.64
"Currency","2012/01/10",1.64
"Currency","2012/01/09",1.65
"Currency","2012/01/06",1.64
"Currency","2012/01/05",1.64
"Currency","2012/01/04",1.64
"Currency","2012/01/03",1.62
"Currency","2012/01/02",1.62
"Currency","2011/12/30",1.62
"Currency","2011/12/29",1.62
"Currency","2011/12/28",1.62
"Currency","2011/12/27",1.62
"Currency","2011/12/26",1.62
"Currency","2011/12/23",1.62
"Currency","2011/12/22",1.62
"Currency","2011/12/21",1.62
"Currency","2011/12/20",1.62
"Currency","2011/12/19",1.62
"Currency","2011/12/16",1.64
"Currency","2011/12/15",1.62
"Currency","2011/12/14",1.64
"Currency","2011/12/13",1.64
"Currency","2011/12/12",1.63
"Currency","2011/12/09",1.64
"Currency","2011/12/08",1.63
"Currency","2011/12/07",1.61
"Currency","2011/12/06",1.61
"Currency","2011/12/05",1.64
"Currency","2011/12/02",1.63
"Currency","2011/12/01",1.62
"Currency","2011/11/30",1.62
"Currency","2011/11/29",1.62
"Currency","2011/11/28",1.62
"Currency","2011/11/25",1.62
"Currency","2011/11/24",1.61
"Currency","2011/11/23",1.61
"Currency","2011/11/22",1.61
"Currency","2011/11/21",1.61
"Currency","2011/11/18",1.60
"Currency","2011/11/17",1.60
"Currency","2011/11/16",1.60
"Currency","2011/11/15",1.60
"Currency","2011/11/14",1.58
"Currency","2011/11/11",1.60
"Currency","2011/11/10",1.59
"Currency","2011/11/09",1.59
"Currency","2011/11/08",1.60
"Currency","2011/11/07",1.59
"Currency","2011/11/04",1.58
"Currency","2011/11/03",1.58
"Currency","2011/11/02",1.58
"Currency","2011/11/01",1.58
"Currency","2011/10/31",1.58
"Currency","2011/10/28",1.60
"Currency","2011/10/27",1.59
"Currency","2011/10/26",1.60
"Currency","2011/10/25",1.59
"Currency","2011/10/24",1.57
"Currency","2011/10/21",1.61
"Currency","2011/10/20",1.63
"Currency","2011/10/19",1.63
"Currency","2011/10/18",1.63
"Currency","2011/10/17",1.61
"Currency","2011/10/14",1.62
"Currency","2011/10/13",1.60
"Currency","2011/10/12",1.61
"Currency","2011/10/11",1.60
"Currency","2011/10/10",1.59
"Currency","2011/10/07",1.60
"Currency","2011/10/06",1.60
"Currency","2011/10/05",1.58
"Currency","2011/10/04",1.61
"Currency","2011/10/03",1.57
"Currency","2011/09/30",1.57
"Currency","2011/09/29",1.59
"Currency","2011/09/28",1.59
"Currency","2011/09/27",1.59
"Currency","2011/09/26",1.55
"Currency","2011/09/23",1.57
"Currency","2011/09/22",1.58
"Currency","2011/09/21",1.56
"Currency","2011/09/20",1.54
"Currency","2011/09/19",1.55
"Currency","2011/09/16",1.57
"Currency","2011/09/15",1.54
"Currency","2011/09/14",1.55
"Currency","2011/09/13",1.54
"Currency","2011/09/12",1.54
"Currency","2011/09/09",1.52
"Currency","2011/09/08",1.53
"Currency","2011/09/07",1.53
"Currency","2011/09/06",1.51
"Currency","2011/09/05",1.52
"Currency","2011/09/04",1.54
"Currency","2011/09/02",1.52
"Currency","2011/09/01",1.53
"Currency","2011/08/31",1.51
"Currency","2011/08/30",1.52
"Currency","2011/08/29",1.50
"Currency","2011/08/26",1.51
"Currency","2011/08/25",1.53
"Currency","2011/08/24",1.52
"Currency","2011/08/23",1.51
"Currency","2011/08/22",1.50
"Currency","2011/08/21",1.52
"Currency","2011/08/19",1.52
"Currency","2011/08/18",1.51
"Currency","2011/08/17",1.51
"Currency","2011/08/16",1.50
"Currency","2011/08/15",1.52
"Currency","2011/08/12",1.52
"Currency","2011/08/11",1.52
"Currency","2011/08/10",1.51
"Currency","2011/08/09",1.50
"Currency","2011/08/08",1.49
"Currency","2011/08/05",1.51
"Currency","2011/08/04",1.50
"Currency","2011/08/03",1.49
"Currency","2011/08/02",1.50
"Currency","2011/08/01",1.47
"Currency","2011/07/29",1.51
"Currency","2011/07/28",1.51
"Currency","2011/07/27",1.51
"Currency","2011/07/26",1.51
"Currency","2011/07/25",1.49
"Currency","2011/07/22",1.51
"Currency","2011/07/21",1.50
"Currency","2011/07/20",1.51
"Currency","2011/07/19",1.49
"Currency","2011/07/18",1.50
"Currency","2011/07/15",1.50
"Currency","2011/07/14",1.52
"Currency","2011/07/13",1.51
"Currency","2011/07/12",1.50
"Currency","2011/07/11",1.50
"Currency","2011/07/08",1.51
"Currency","2011/07/07",1.50
"Currency","2011/07/06",1.52
"Currency","2011/07/05",1.50
"Currency","2011/07/04",1.50
"Currency","2011/07/01",1.49
"Currency","2011/06/30",1.52
"Currency","2011/06/29",1.52
"Currency","2011/06/28",1.50
"Currency","2011/06/27",1.50
"Currency","2011/06/24",1.52
"Currency","2011/06/23",1.50
"Currency","2011/06/22",1.52
"Currency","2011/06/21",1.52
"Currency","2011/06/20",1.50
"Currency","2011/06/17",1.51
"Currency","2011/06/16",1.50
"Currency","2011/06/15",1.50
"Currency","2011/06/14",1.52
"Currency","2011/06/13",1.51
"Currency","2011/06/10",1.52
"Currency","2011/06/09",1.51
"Currency","2011/06/08",1.50
"Currency","2011/06/07",1.51
"Currency","2011/06/06",1.48
"Currency","2011/06/03",1.51
"Currency","2011/06/02",1.51
"Currency","2011/06/01",1.49
"Currency","2011/05/31",1.49
"Currency","2011/05/30",1.48
"Currency","2011/05/27",1.51
"Currency","2011/05/26",1.49
"Currency","2011/05/25",1.49
"Currency","2011/05/24",1.50
"Currency","2011/05/23",1.50
"Currency","2011/05/20",1.50
"Currency","2011/05/19",1.51
"Currency","2011/05/18",1.51
"Currency","2011/05/17",1.50
"Currency","2011/05/16",1.51
"Currency","2011/05/13",1.49
"Currency","2011/05/12",1.50
"Currency","2011/05/11",1.50
"Currency","2011/05/10",1.49
"Currency","2011/05/09",1.51
"Currency","2011/05/06",1.49
"Currency","2011/05/05",1.51
"Currency","2011/05/04",1.50
"Currency","2011/05/03",1.49
"Currency","2011/05/02",1.48
"Currency","2011/04/29",1.49
"Currency","2011/04/28",1.49
"Currency","2011/04/27",1.49
"Currency","2011/04/26",1.50
"Currency","2011/04/25",1.50
"Currency","2011/04/22",1.48
"Currency","2011/04/21",1.48
"Currency","2011/04/20",1.51
"Currency","2011/04/19",1.51
"Currency","2011/04/18",1.50
"Currency","2011/04/15",1.51
"Currency","2011/04/14",1.51
"Currency","2011/04/13",1.49
"Currency","2011/04/12",1.52
"Currency","2011/04/11",1.49
"Currency","2011/04/08",1.51
"Currency","2011/04/07",1.51
"Currency","2011/04/06",1.51
"Currency","2011/04/05",1.49
"Currency","2011/04/04",1.48
"Currency","2011/04/01",1.51
"Currency","2011/03/31",1.52
"Currency","2011/03/30",1.53
"Currency","2011/03/29",1.53
"Currency","2011/03/28",1.52
"Currency","2011/03/25",1.51
"Currency","2011/03/24",1.52
"Currency","2011/03/23",1.52
"Currency","2011/03/22",1.51
"Currency","2011/03/21",1.51
"Currency","2011/03/20",1.53
"Currency","2011/03/18",1.50
"Currency","2011/03/17",1.53
"Currency","2011/03/16",1.52
"Currency","2011/03/15",1.50
"Currency","2011/03/14",1.49
"Currency","2011/03/13",1.51
"Currency","2011/03/11",1.49
"Currency","2011/03/10",1.52
"Currency","2011/03/09",1.52
"Currency","2011/03/08",1.52
"Currency","2011/03/07",1.50
"Currency","2011/03/06",1.52
"Currency","2011/03/04",1.50
"Currency","2011/03/03",1.50
"Currency","2011/03/02",1.50
"Currency","2011/03/01",1.50
"Currency","2011/02/28",1.50
"Currency","2011/02/27",1.50
"Currency","2011/02/25",1.49
"Currency","2011/02/24",1.47
"Currency","2011/02/23",1.48
"Currency","2011/02/22",1.49
"Currency","2011/02/21",1.46
"Currency","2011/02/20",1.48
"Currency","2011/02/18",1.49
"Currency","2011/02/17",1.49
"Currency","2011/02/16",1.49
"Currency","2011/02/15",1.49
"Currency","2011/02/14",1.49
"Currency","2011/02/13",1.51
"Currency","2011/02/11",1.49
"Currency","2011/02/10",1.52
"Currency","2011/02/09",1.52
"Currency","2011/02/08",1.53
"Currency","2011/02/07",1.56
"Currency","2011/02/06",1.58
"Currency","2011/02/04",1.57
"Currency","2011/02/03",1.56
"Currency","2011/02/02",1.56
"Currency","2011/02/01",1.56
"Currency","2011/01/31",1.53
"Currency","2011/01/30",1.55
"Currency","2011/01/28",1.52
"Currency","2011/01/27",1.53
"Currency","2011/01/26",1.52
"Currency","2011/01/25",1.50
"Currency","2011/01/24",1.48
"Currency","2011/01/23",1.50
"Currency","2011/01/21",1.49
"Currency","2011/01/20",1.48
"Currency","2011/01/19",1.48
"Currency","2011/01/18",1.48
"Currency","2011/01/17",1.47
"Currency","2011/01/16",1.49
"Currency","2011/01/14",1.46
"Currency","2011/01/13",1.44
"Currency","2011/01/12",1.46
"Currency","2011/01/11",1.47
"Currency","2011/01/10",1.47
"Currency","2011/01/09",1.49
"Currency","2011/01/07",1.48
"Currency","2011/01/06",1.48
"Currency","2011/01/05",1.48
"Currency","2011/01/04",1.48
"Currency","2011/01/03",1.47
"Currency","2011/01/02",1.49
"Currency","2010/12/31",1.47
"Currency","2010/12/30",1.46
"Currency","2010/12/29",1.47
"Currency","2010/12/28",1.45
"Currency","2010/12/27",1.45
"Currency","2010/12/26",1.47
"Currency","2010/12/24",1.47
"Currency","2010/12/23",1.46
"Currency","2010/12/22",1.46
"Currency","2010/12/21",1.46
"Currency","2010/12/20",1.45
"Currency","2010/12/19",1.47
"Currency","2010/12/17",1.45
"Currency","2010/12/16",1.44
"Currency","2010/12/15",1.45
"Currency","2010/12/14",1.46
"Currency","2010/12/13",1.44
"Currency","2010/12/12",1.45
"Currency","2010/12/10",1.47
"Currency","2010/12/09",1.45
"Currency","2010/12/08",1.46
"Currency","2010/12/07",1.43
"Currency","2010/12/06",1.41
"Currency","2010/12/05",1.43
"Currency","2010/12/03",1.44
"Currency","2010/12/02",1.43
"Currency","2010/12/01",1.43
"Currency","2010/11/30",1.45
"Currency","2010/11/29",1.43
"Currency","2010/11/28",1.44
"Currency","2010/11/26",1.43
"Currency","2010/11/25",1.43
"Currency","2010/11/24",1.45
"Currency","2010/11/23",1.43
"Currency","2010/11/22",1.42
"Currency","2010/11/21",1.44
"Currency","2010/11/19",1.43
"Currency","2010/11/18",1.42
"Currency","2010/11/17",1.42
"Currency","2010/11/16",1.43
"Currency","2010/11/15",1.42
"Currency","2010/11/14",1.44
"Currency","2010/11/12",1.42
"Currency","2010/11/11",1.43
"Currency","2010/11/10",1.44
"Currency","2010/11/09",1.43
"Currency","2010/11/08",1.42
"Currency","2010/11/07",1.43
"Currency","2010/11/05",1.42
"Currency","2010/11/04",1.44
"Currency","2010/11/03",1.42
"Currency","2010/11/02",1.43
"Currency","2010/11/01",1.41
"Currency","2010/10/31",1.43
"Currency","2010/10/29",1.43
"Currency","2010/10/28",1.43
"Currency","2010/10/27",1.42
"Currency","2010/10/26",1.42
"Currency","2010/10/25",1.40
"Currency","2010/10/24",1.42
"Currency","2010/10/22",1.42
"Currency","2010/10/21",1.42
"Currency","2010/10/20",1.43
"Currency","2010/10/19",1.42
"Currency","2010/10/18",1.42
"Currency","2010/10/17",1.44
"Currency","2010/10/15",1.43
"Currency","2010/10/14",1.41
"Currency","2010/10/13",1.42
"Currency","2010/10/12",1.42
"Currency","2010/10/11",1.41
"Currency","2010/10/10",1.42
"Currency","2010/10/08",1.42
"Currency","2010/10/07",1.42
"Currency","2010/10/06",1.43
"Currency","2010/10/05",1.42
"Currency","2010/10/04",1.39
"Currency","2010/10/03",1.41
"Currency","2010/10/01",1.40
"Currency","2010/09/30",1.42
"Currency","2010/09/29",1.43
"Currency","2010/09/28",1.41
"Currency","2010/09/27",1.40
"Currency","2010/09/26",1.42
"Currency","2010/09/24",1.41
"Currency","2010/09/23",1.41
"Currency","2010/09/22",1.42
"Currency","2010/09/21",1.43
"Currency","2010/09/20",1.42
"Currency","2010/09/19",1.44
"Currency","2010/09/17",1.43
"Currency","2010/09/16",1.43
"Currency","2010/09/15",1.42
"Currency","2010/09/14",1.43
"Currency","2010/09/13",1.42
"Currency","2010/09/12",1.44
"Currency","2010/09/10",1.41
"Currency","2010/09/09",1.41
"Currency","2010/09/08",1.41
"Currency","2010/09/07",1.41
"Currency","2010/09/06",1.41
"Currency","2010/09/05",1.43
"Currency","2010/09/03",1.43
"Currency","2010/09/02",1.43
"Currency","2010/09/01",1.43
"Currency","2010/08/31",1.41
"Currency","2010/08/30",1.41
"Currency","2010/08/29",1.43
"Currency","2010/08/27",1.42
"Currency","2010/08/26",1.42
"Currency","2010/08/25",1.42
"Currency","2010/08/24",1.42
"Currency","2010/08/23",1.41
"Currency","2010/08/22",1.43
"Currency","2010/08/20",1.41
"Currency","2010/08/19",1.42
"Currency","2010/08/18",1.42
"Currency","2010/08/17",1.41
"Currency","2010/08/16",1.42
"Currency","2010/08/15",1.44
"Currency","2010/08/13",1.43
"Currency","2010/08/12",1.42
"Currency","2010/08/11",1.43
"Currency","2010/08/10",1.42
"Currency","2010/08/09",1.40
"Currency","2010/08/08",1.42
"Currency","2010/08/06",1.43
"Currency","2010/08/05",1.43
"Currency","2010/08/04",1.43
"Currency","2010/08/03",1.43
"Currency","2010/08/02",1.42
"Currency","2010/08/01",1.44
"Currency","2010/07/30",1.42
"Currency","2010/07/29",1.42
"Currency","2010/07/28",1.43
"Currency","2010/07/27",1.44
"Currency","2010/07/26",1.40
"Currency","2010/07/25",1.47
"Currency","2010/07/23",1.45
"Currency","2010/07/22",1.43
"Currency","2010/07/21",1.44
"Currency","2010/07/20",1.44
"Currency","2010/07/19",1.45
"Currency","2010/07/18",1.45
"Currency","2010/07/16",1.45
"Currency","2010/07/15",1.42
"Currency","2010/07/14",1.42
"Currency","2010/07/13",1.42
"Currency","2010/07/12",1.41
"Currency","2010/07/11",1.46
"Currency","2010/07/09",1.43
"Currency","2010/07/08",1.42
"Currency","2010/07/07",1.42
"Currency","2010/07/06",1.41
"Currency","2010/07/05",1.42
"Currency","2010/07/04",1.44
"Currency","2010/07/02",1.42
"Currency","2010/07/01",1.42
"Currency","2010/06/30",1.42
"Currency","2010/06/29",1.42
"Currency","2010/06/28",1.42
"Currency","2010/06/27",1.43
"Currency","2010/06/25",1.42
"Currency","2010/06/24",1.42
"Currency","2010/06/23",1.42
"Currency","2010/06/22",1.41
"Currency","2010/06/21",1.44
"Currency","2010/06/20",1.43
"Currency","2010/06/18",1.44
"Currency","2010/06/17",1.41
"Currency","2010/06/16",1.41
"Currency","2010/06/15",1.42
"Currency","2010/06/14",1.43
"Currency","2010/06/13",1.43
"Currency","2010/06/11",1.43
"Currency","2010/06/10",1.41
"Currency","2010/06/09",1.42
"Currency","2010/06/08",1.42
"Currency","2010/06/07",1.45
"Currency","2010/06/06",1.45
"Currency","2010/06/04",1.42
"Currency","2010/06/03",1.43
"Currency","2010/06/02",1.42
"Currency","2010/06/01",1.42
"Currency","2010/05/31",1.41
"Currency","2010/05/30",1.45
"Currency","2010/05/28",1.41
"Currency","2010/05/27",1.43
"Currency","2010/05/26",1.43
"Currency","2010/05/25",1.43
"Currency","2010/05/24",1.41
"Currency","2010/05/21",1.42
"Currency","2010/05/20",1.41
"Currency","2010/05/19",1.37
"Currency","2010/05/18",1.42
"Currency","2010/05/17",1.39
"Currency","2010/05/16",1.43
"Currency","2010/05/14",1.41
"Currency","2010/05/13",1.41
"Currency","2010/05/12",1.40
"Currency","2010/05/11",1.41
"Currency","2010/05/10",1.42
"Currency","2010/05/09",1.41
"Currency","2010/05/07",1.40
"Currency","2010/05/06",1.42
"Currency","2010/05/05",1.41
"Currency","2010/05/04",1.42
"Currency","2010/05/03",1.40
"Currency","2010/05/02",1.42
"Currency","2010/04/30",1.40
"Currency","2010/04/29",1.40
"Currency","2010/04/28",1.40
"Currency","2010/04/27",1.41
"Currency","2010/04/26",1.39
"Currency","2010/04/25",1.41
"Currency","2010/04/23",1.39
"Currency","2010/04/22",1.41
"Currency","2010/04/21",1.40
"Currency","2010/04/20",1.41
"Currency","2010/04/19",1.39
"Currency","2010/04/16",1.40
"Currency","2010/04/15",1.39
"Currency","2010/04/14",1.39
"Currency","2010/04/13",1.40
"Currency","2010/04/12",1.40
"Currency","2010/04/09",1.39
"Currency","2010/04/08",1.39
"Currency","2010/04/07",1.40
"Currency","2010/04/06",1.40
"Currency","2010/04/05",1.40
"Currency","2010/04/02",1.40
"Currency","2010/04/01",1.39
"Currency","2010/03/31",1.40
"Currency","2010/03/30",1.40
"Currency","2010/03/29",1.40
"Currency","2010/03/26",1.39
"Currency","2010/03/25",1.40
"Currency","2010/03/24",1.40
"Currency","2010/03/23",1.39
"Currency","2010/03/22",1.39
"Currency","2010/03/19",1.40
"Currency","2010/03/18",1.41
"Currency","2010/03/17",1.41
"Currency","2010/03/16",1.40
"Currency","2010/03/15",1.40
"Currency","2010/03/12",1.39
"Currency","2010/03/11",1.39
"Currency","2010/03/10",1.39
"Currency","2010/03/09",1.40
"Currency","2010/03/08",1.40
"Currency","2010/03/07",1.42
"Currency","2010/03/05",1.40
"Currency","2010/03/04",1.42
"Currency","2010/03/03",1.40
"Currency","2010/03/02",1.40
"Currency","2010/03/01",1.41
"Currency","2010/02/28",1.42
"Currency","2010/02/26",1.40
"Currency","2010/02/25",1.40
"Currency","2010/02/24",1.41
"Currency","2010/02/23",1.41
"Currency","2010/02/22",1.41
"Currency","2010/02/21",1.41
"Currency","2010/02/19",1.39
"Currency","2010/02/18",1.42
"Currency","2010/02/17",1.42
"Currency","2010/02/16",1.40
"Currency","2010/02/15",1.42
"Currency","2010/02/14",1.42
"Currency","2010/02/12",1.40
"Currency","2010/02/11",1.42
"Currency","2010/02/10",1.42
"Currency","2010/02/09",1.41
"Currency","2010/02/08",1.41
"Currency","2010/02/07",1.44
"Currency","2010/02/05",1.42
"Currency","2010/02/04",1.42
"Currency","2010/02/03",1.43
"Currency","2010/02/02",1.41
"Currency","2010/02/01",1.41
"Currency","2010/01/31",1.44
"Currency","2010/01/29",1.42
"Currency","2010/01/28",1.42
"Currency","2010/01/27",1.42
"Currency","2010/01/26",1.41
"Currency","2010/01/25",1.41
"Currency","2010/01/24",1.42
"Currency","2010/01/22",1.41
"Currency","2010/01/21",1.40
"Currency","2010/01/20",1.40
"Currency","2010/01/19",1.42
"Currency","2010/01/18",1.40
"Currency","2010/01/17",1.42
"Currency","2010/01/15",1.40
"Currency","2010/01/14",1.40
"Currency","2010/01/13",1.40
"Currency","2010/01/12",1.40
"Currency","2010/01/11",1.42
"Currency","2010/01/10",1.42
"Currency","2010/01/08",1.41
"Currency","2010/01/07",1.42
"Currency","2010/01/06",1.41
"Currency","2010/01/05",1.42
"Currency","2010/01/04",1.41
"Currency","2010/01/03",1.44
"Currency","2010/01/01",1.42
"Currency","2009/12/31",1.42
"Currency","2009/12/30",1.41
"Currency","2009/12/29",1.42
"Currency","2009/12/28",1.42
"Currency","2009/12/27",1.43
"Currency","2009/12/25",1.41
"Currency","2009/12/24",1.42
"Currency","2009/12/23",1.40
"Currency","2009/12/22",1.41
"Currency","2009/12/21",1.42
"Currency","2009/12/20",1.43
"Currency","2009/12/18",1.42
"Currency","2009/12/17",1.41
"Currency","2009/12/16",1.41
"Currency","2009/12/15",1.41
"Currency","2009/12/14",1.41
"Currency","2009/12/13",1.44
"Currency","2009/12/11",1.42
"Currency","2009/12/10",1.41
"Currency","2009/12/09",1.41
"Currency","2009/12/08",1.42
"Currency","2009/12/07",1.41
"Currency","2009/12/06",1.45
"Currency","2009/12/04",1.44
"Currency","2009/12/03",1.42
"Currency","2009/12/02",1.42
"Currency","2009/12/01",1.41
"Currency","2009/11/30",1.41
"Currency","2009/11/29",1.42
"Currency","2009/11/27",1.41
"Currency","2009/11/26",1.42
"Currency","2009/11/25",1.41
"Currency","2009/11/24",1.41
"Currency","2009/11/23",1.42
"Currency","2009/11/22",1.43
"Currency","2009/11/20",1.42
"Currency","2009/11/19",1.41
"Currency","2009/11/18",1.42
"Currency","2009/11/17",1.42
"Currency","2009/11/16",1.41
"Currency","2009/11/15",1.43
"Currency","2009/11/13",1.41
"Currency","2009/11/12",1.42
"Currency","2009/11/11",1.42
"Currency","2009/11/10",1.42
"Currency","2009/11/09",1.41
"Currency","2009/11/08",1.43
"Currency","2009/11/06",1.42
"Currency","2009/11/05",1.41
"Currency","2009/11/04",1.40
"Currency","2009/11/03",1.41
"Currency","2009/11/02",1.42
"Currency","2009/11/01",1.44
"Currency","2009/10/30",1.42
"Currency","2009/10/29",1.41
"Currency","2009/10/28",1.42
"Currency","2009/10/27",1.42
"Currency","2009/10/26",1.44
"Currency","2009/10/25",1.44
"Currency","2009/10/23",1.43
"Currency","2009/10/22",1.42
"Currency","2009/10/21",1.42
"Currency","2009/10/20",1.43
"Currency","2009/10/19",1.42
"Currency","2009/10/18",1.45
"Currency","2009/10/16",1.43
"Currency","2009/10/15",1.43
"Currency","2009/10/14",1.43
"Currency","2009/10/13",1.43
"Currency","2009/10/12",1.42
"Currency","2009/10/11",1.45
"Currency","2009/10/09",1.43
"Currency","2009/10/08",1.43
"Currency","2009/10/07",1.43
"Currency","2009/10/06",1.44
"Currency","2009/10/05",1.43
"Currency","2009/10/04",1.45
"Currency","2009/10/02",1.43
"Currency","2009/10/01",1.44
"Currency","2009/09/30",1.43
"Currency","2009/09/29",1.43
"Currency","2009/09/28",1.43
"Currency","2009/09/27",1.44
"Currency","2009/09/25",1.43
"Currency","2009/09/24",1.44
"Currency","2009/09/23",1.44
"Currency","2009/09/22",1.43
"Currency","2009/09/21",1.43
"Currency","2009/09/20",1.46
"Currency","2009/09/18",1.44
"Currency","2009/09/17",1.44
"Currency","2009/09/16",1.44
"Currency","2009/09/15",1.43
"Currency","2009/09/14",1.43
"Currency","2009/09/13",1.46
"Currency","2009/09/11",1.44
"Currency","2009/09/10",1.43
"Currency","2009/09/09",1.43
"Currency","2009/09/08",1.44
"Currency","2009/09/07",1.44
"Currency","2009/09/06",1.45
"Currency","2009/09/04",1.44
"Currency","2009/09/03",1.45
"Currency","2009/09/02",1.44
"Currency","2009/09/01",1.45
"Currency","2009/08/31",1.44
"Currency","2009/08/30",1.45
"Currency","2009/08/28",1.44
"Currency","2009/08/27",1.43
"Currency","2009/08/26",1.45
"Currency","2009/08/25",1.45
"Currency","2009/08/24",1.45
"Currency","2009/08/23",1.45
"Currency","2009/08/21",1.45
"Currency","2009/08/20",1.45
"Currency","2009/08/19",1.44
"Currency","2009/08/18",1.45
"Currency","2009/08/17",1.45
"Currency","2009/08/16",1.47
"Currency","2009/08/14",1.46
"Currency","2009/08/13",1.45
"Currency","2009/08/12",1.45
"Currency","2009/08/11",1.45
"Currency","2009/08/10",1.46
"Currency","2009/08/09",1.47
"Currency","2009/08/07",1.47
"Currency","2009/08/06",1.47
"Currency","2009/08/05",1.47
"Currency","2009/08/04",1.48
"Currency","2009/08/03",1.47
"Currency","2009/07/31",1.47
"Currency","2009/07/30",1.48
"Currency","2009/07/29",1.50
"Currency","2009/07/28",1.50
"Currency","2009/07/27",1.49
"Currency","2009/07/26",1.49
"Currency","2009/07/24",1.49
"Currency","2009/07/23",1.49
"Currency","2009/07/22",1.48
"Currency","2009/07/21",1.49
"Currency","2009/07/20",1.48
"Currency","2009/07/19",1.48
"Currency","2009/07/17",1.48
"Currency","2009/07/16",1.48
"Currency","2009/07/15",1.48
"Currency","2009/07/14",1.48
"Currency","2009/07/13",1.48
"Currency","2009/07/12",1.47
"Currency","2009/07/10",1.48
"Currency","2009/07/09",1.47
"Currency","2009/07/08",1.49
"Currency","2009/07/07",1.49
"Currency","2009/07/06",1.47
"Currency","2009/07/05",1.48
"Currency","2009/07/03",1.48
"Currency","2009/07/02",1.49
"Currency","2009/07/01",1.47
"Currency","2009/06/30",1.49
"Currency","2009/06/29",1.47
"Currency","2009/06/28",1.48
"Currency","2009/06/26",1.48
"Currency","2009/06/25",1.47
"Currency","2009/06/24",1.49
"Currency","2009/06/23",1.46
"Currency","2009/06/22",1.47
"Currency","2009/06/21",1.47
"Currency","2009/06/19",1.47
"Currency","2009/06/18",1.48
"Currency","2009/06/17",1.46
"Currency","2009/06/16",1.47
"Currency","2009/06/15",1.48
"Currency","2009/06/14",1.48
"Currency","2009/06/12",1.47
"Currency","2009/06/11",1.46
"Currency","2009/06/10",1.48
"Currency","2009/06/09",1.45
"Currency","2009/06/08",1.46
"Currency","2009/06/07",1.49
"Currency","2009/06/05",1.49
"Currency","2009/06/04",1.47
"Currency","2009/06/03",1.47
"Currency","2009/06/02",1.45
"Currency","2009/06/01",1.45
"Currency","2009/05/31",1.46
"Currency","2009/05/29",1.45
"Currency","2009/05/28",1.45
"Currency","2009/05/27",1.47
"Currency","2009/05/26",1.44
"Currency","2009/05/25",1.45
"Currency","2009/05/24",1.45
"Currency","2009/05/22",1.45
"Currency","2009/05/21",1.42
"Currency","2009/05/20",1.43
"Currency","2009/05/19",1.44
"Currency","2009/05/18",1.43
"Currency","2009/05/15",1.44
"Currency","2009/05/14",1.43
"Currency","2009/05/13",1.44
"Currency","2009/05/12",1.43
"Currency","2009/05/11",1.43
"Currency","2009/05/08",1.41
"Currency","2009/05/07",1.43
"Currency","2009/05/06",1.44
"Currency","2009/05/05",1.44
"Currency","2009/05/04",1.42
"Currency","2009/05/01",1.44
"Currency","2009/04/30",1.44
"Currency","2009/04/29",1.43
"Currency","2009/04/28",1.42
"Currency","2009/04/27",1.44
"Currency","2009/04/24",1.42
"Currency","2009/04/23",1.41
"Currency","2009/04/22",1.41
"Currency","2009/04/21",1.41
"Currency","2009/04/20",1.41
"Currency","2009/04/17",1.42
"Currency","2009/04/16",1.40
"Currency","2009/04/15",1.41
"Currency","2009/04/14",1.40
"Currency","2009/04/13",1.39
"Currency","2009/04/10",1.41
"Currency","2009/04/09",1.41
"Currency","2009/04/08",1.40
"Currency","2009/04/07",1.39
"Currency","2009/04/06",1.41
"Currency","2009/04/03",1.39
"Currency","2009/04/02",1.38
"Currency","2009/04/01",1.40
"Currency","2009/03/31",1.40
"Currency","2009/03/30",1.39
"Currency","2009/03/27",1.39
"Currency","2009/03/26",1.40
"Currency","2009/03/25",1.39
"Currency","2009/03/24",1.40
"Currency","2009/03/23",1.39
"Currency","2009/03/20",1.39
"Currency","2009/03/19",1.38
"Currency","2009/03/18",1.34
"Currency","2009/03/17",1.38
"Currency","2009/03/16",1.39
"Currency","2009/03/13",1.38
"Currency","2009/03/12",1.37
"Currency","2009/03/11",1.38
"Currency","2009/03/10",1.38
"Currency","2009/03/09",1.38
"Currency","2009/03/06",1.38
"Currency","2009/03/05",1.38
"Currency","2009/03/04",1.37
"Currency","2009/03/03",1.38
"Currency","2009/03/02",1.38
"Currency","2009/02/27",1.37
"Currency","2009/02/26",1.38
"Currency","2009/02/25",1.38
"Currency","2009/02/24",1.37
"Currency","2009/02/23",1.39
"Currency","2009/02/20",1.33
"Currency","2009/02/19",1.37
"Currency","2009/02/18",1.37
"Currency","2009/02/17",1.35
"Currency","2009/02/16",1.35
"Currency","2009/02/13",1.35
"Currency","2009/02/12",1.33
"Currency","2009/02/11",1.34
"Currency","2009/02/10",1.34
"Currency","2009/02/09",1.34
"Currency","2009/02/06",1.32
"Currency","2009/02/05",1.33
"Currency","2009/02/04",1.32
"Currency","2009/02/03",1.32
"Currency","2009/02/02",1.31
"Currency","2009/01/30",1.32
"Currency","2009/01/29",1.32
"Currency","2009/01/28",1.32
"Currency","2009/01/27",1.30
"Currency","2009/01/26",1.28
"Currency","2009/01/23",1.28
"Currency","2009/01/22",1.29
"Currency","2009/01/21",1.28
"Currency","2009/01/20",1.30
"Currency","2009/01/19",1.30
"Currency","2009/01/16",1.28
"Currency","2009/01/15",1.27
"Currency","2009/01/14",1.27
"Currency","2009/01/13",1.28
"Currency","2009/01/12",1.27
"Currency","2009/01/09",1.30
"Currency","2009/01/08",1.25
"Currency","2009/01/07",1.26
"Currency","2009/01/06",1.25
"Currency","2009/01/05",1.26
"Currency","2009/01/02",1.25
"Currency","2009/01/01",1.25
"Currency","2008/12/31",1.26
"Currency","2008/12/30",1.25
"Currency","2008/12/29",1.28
"Currency","2008/12/26",1.24
"Currency","2008/12/25",1.24
"Currency","2008/12/24",1.24
"Currency","2008/12/23",1.25
"Currency","2008/12/22",1.24
"Currency","2008/12/19",1.25
"Currency","2008/12/18",1.26
"Currency","2008/12/17",1.21
"Currency","2008/12/16",1.19
"Currency","2008/12/15",1.21
"Currency","2008/12/12",1.22
"Currency","2008/12/11",1.21
"Currency","2008/12/10",1.20
"Currency","2008/12/09",1.20
"Currency","2008/12/08",1.20
"Currency","2008/12/05",1.20
"Currency","2008/12/04",1.19
"Currency","2008/12/03",1.20
"Currency","2008/12/02",1.19
"Currency","2008/12/01",1.20
"Currency","2008/11/28",1.20
"Currency","2008/11/27",1.19
"Currency","2008/11/26",1.19
"Currency","2008/11/25",1.12
"Currency","2008/11/24",1.16
"Currency","2008/11/21",1.17
"Currency","2008/11/20",1.18
"Currency","2008/11/19",1.19
"Currency","2008/11/18",1.17
"Currency","2008/11/17",1.17
"Currency","2008/11/14",1.18
"Currency","2008/11/13",1.14
"Currency","2008/11/12",1.17
"Currency","2008/11/11",1.18
"Currency","2008/11/10",1.18
"Currency","2008/11/07",1.17
"Currency","2008/11/06",1.17
"Currency","2008/11/05",1.16
"Currency","2008/11/04",1.13
"Currency","2008/11/03",1.17
"Currency","2008/10/31",1.15
"Currency","2008/10/30",1.17
"Currency","2008/10/29",1.14
"Currency","2008/10/28",1.13
"Currency","2008/10/27",1.15
"Currency","2008/10/24",1.14
"Currency","2008/10/23",1.14
"Currency","2008/10/22",1.16
"Currency","2008/10/21",1.16
"Currency","2008/10/20",1.16
"Currency","2008/10/17",1.15
"Currency","2008/10/16",1.15
"Currency","2008/10/15",1.17
"Currency","2008/10/14",1.16
"Currency","2008/10/13",1.15
"Currency","2008/10/10",1.16
"Currency","2008/10/09",1.15
"Currency","2008/10/08",1.15
"Currency","2008/10/07",1.15
"Currency","2008/10/06",1.15
"Currency","2008/10/03",1.15
"Currency","2008/10/02",1.15
"Currency","2008/10/01",1.15
"Currency","2008/09/30",1.16
"Currency","2008/09/29",1.14
"Currency","2008/09/26",1.14
"Currency","2008/09/25",1.14
"Currency","2008/09/24",1.14
"Currency","2008/09/23",1.15
"Currency","2008/09/22",1.12
"Currency","2008/09/19",1.12
"Currency","2008/09/18",1.15
"Currency","2008/09/17",1.13
"Currency","2008/09/16",1.14
"Currency","2008/09/15",1.13
"Currency","2008/09/12",1.13
"Currency","2008/09/11",1.13
"Currency","2008/09/10",1.15
"Currency","2008/09/09",1.14
"Currency","2008/09/08",1.15
"Currency","2008/09/05",1.14
"Currency","2008/09/04",1.16
"Currency","2008/09/03",1.13
"Currency","2008/09/02",1.14
"Currency","2008/09/01",1.15
"Currency","2008/08/29",1.14
"Currency","2008/08/28",1.14
"Currency","2008/08/27",1.14
"Currency","2008/08/26",1.13
"Currency","2008/08/25",1.17
"Currency","2008/08/22",1.17
"Currency","2008/08/21",1.17
"Currency","2008/08/20",1.17
"Currency","2008/08/19",1.17
"Currency","2008/08/18",1.17
"Currency","2008/08/15",1.17
"Currency","2008/08/14",1.17
"Currency","2008/08/13",1.17
"Currency","2008/08/11",1.17
"Currency","2008/08/08",1.17
"Currency","2008/08/07",1.17
"Currency","2008/08/06",1.17
"Currency","2008/08/05",1.16
"Currency","2008/08/04",1.16
"Currency","2008/08/01",1.16
"Currency","2008/07/31",1.14
"Currency","2008/07/30",1.13
"Currency","2008/07/29",1.15
"Currency","2008/07/28",1.13
"Currency","2008/07/25",1.13
"Currency","2008/07/24",1.13
"Currency","2008/07/23",1.12
"Currency","2008/07/22",1.12
"Currency","2008/07/21",1.11
"Currency","2008/07/18",1.11
"Currency","2008/07/17",1.11
"Currency","2008/07/16",1.11
"Currency","2008/07/15",1.03
"Currency","2008/07/14",1.09
"Currency","2008/07/11",1.02
"Currency","2008/07/10",1.09
"Currency","2008/07/09",1.09
"Currency","2008/07/08",1.08
"Currency","2008/07/07",1.08
"Currency","2008/07/04",1.03
"Currency","2008/07/03",1.10
"Currency","2008/07/02",1.07
"Currency","2008/07/01",1.11
"Currency","2008/06/30",1.08
"Currency","2008/06/27",1.07
"Currency","2008/06/26",1.08
"Currency","2008/06/25",1.07
"Currency","2008/06/24",1.07
"Currency","2008/06/23",1.07
"Currency","2008/06/20",1.07
"Currency","2008/06/19",1.06
"Currency","2008/06/18",1.07
"Currency","2008/06/17",1.07
"Currency","2008/06/16",1.05
"Currency","2008/06/13",1.05
"Currency","2008/06/12",1.05
"Currency","2008/06/11",0.99
"Currency","2008/06/10",0.99
"Currency","2008/06/09",1.00
"Currency","2008/06/06",1.01
"Currency","2008/06/05",1.01
"Currency","2008/06/04",1.02
"Currency","2008/06/03",1.00
"Currency","2008/06/02",1.01
"Currency","2008/05/30",1.02
"Currency","2008/05/29",0.98
"Currency","2008/05/28",0.98
"Currency","2008/05/27",0.99
"Currency","2008/05/26",1.00
"Currency","2008/05/23",0.98
"Currency","2008/05/22",1.00
"Currency","2008/05/21",0.98
"Currency","2008/05/20",0.98
"Currency","2008/05/19",0.98
"Currency","2008/05/16",0.97
"Currency","2008/05/15",0.98
"Currency","2008/05/14",1.00
"Currency","2008/05/13",0.97
"Currency","2008/05/12",0.97
"Currency","2008/05/09",0.97
"Currency","2008/05/08",0.97
"Currency","2008/05/07",0.99
"Currency","2008/05/06",0.99
"Currency","2008/05/05",0.99
"Currency","2008/05/02",0.97
"Currency","2008/04/30",0.98
"Currency","2008/04/29",0.99
"Currency","2008/04/28",0.99
"Currency","2008/04/25",0.96
"Currency","2008/04/24",0.97
"Currency","2008/04/23",0.99
"Currency","2008/04/22",0.98
"Currency","2008/04/21",0.97
"Currency","2008/04/18",0.99
"Currency","2008/04/17",0.98
"Currency","2008/04/16",0.98
"Currency","2008/04/15",0.98
"Currency","2008/04/14",0.98
"Currency","2008/04/11",0.96
"Currency","2008/04/10",0.99
"Currency","2008/04/09",0.97
"Currency","2008/04/08",0.96
"Currency","2008/04/07",0.98
"Currency","2008/04/04",0.96
"Currency","2008/04/03",0.95
"Currency","2008/04/02",0.97
"Currency","2008/03/31",0.98
"Currency","2008/03/28",0.96
"Currency","2008/03/27",0.97
"Currency","2008/03/26",0.95
"Currency","2008/03/25",0.96
"Currency","2008/03/24",0.96
"Currency","2008/03/21",0.95
"Currency","2008/03/20",0.96
"Currency","2008/03/19",0.96
"Currency","2008/03/18",0.97
"Currency","2008/03/17",0.95
"Currency","2008/03/14",0.96
"Currency","2008/03/13",0.97
"Currency","2008/03/12",0.95
"Currency","2008/03/11",0.96
"Currency","2008/03/10",0.97
"Currency","2008/03/07",0.96
"Currency","2008/03/06",0.95
"Currency","2008/03/05",0.95
"Currency","2008/03/04",0.97
"Currency","2008/03/03",0.96
"Currency","2008/02/29",0.96
"Currency","2008/02/28",0.96
"Currency","2008/02/27",0.95
"Currency","2008/02/26",0.95
"Currency","2008/02/25",0.96
"Currency","2008/02/22",0.96
"Currency","2008/02/21",0.95
"Currency","2008/02/20",0.96
"Currency","2008/02/19",0.96
"Currency","2008/02/18",0.96
"Currency","2008/02/15",0.96
"Currency","2008/02/14",0.96
"Currency","2008/02/13",0.97
"Currency","2008/02/12",0.95
"Currency","2008/02/11",0.96
"Currency","2008/02/08",0.95
"Currency","2008/02/07",0.97
"Currency","2008/02/06",0.96
"Currency","2008/02/05",0.97
"Currency","2008/02/04",0.96
"Currency","2008/02/01",0.97
"Currency","2008/01/31",0.96
"Currency","2008/01/30",0.95
"Currency","2008/01/29",0.95
"Currency","2008/01/28",0.95
"Currency","2008/01/25",0.95
"Currency","2008/01/24",0.95
"Currency","2008/01/23",0.95
"Currency","2008/01/22",0.95
"Currency","2008/01/21",0.96
"Currency","2008/01/18",0.96
"Currency","2008/01/17",0.95
"Currency","2008/01/16",0.96
"Currency","2008/01/15",0.96
"Currency","2008/01/14",0.95
"Currency","2008/01/11",0.95
"Currency","2008/01/10",0.95
"Currency","2008/01/09",0.96
"Currency","2008/01/08",0.95
"Currency","2008/01/07",0.95
"Currency","2008/01/04",0.95
"Currency","2008/01/03",0.96
"Currency","2008/01/02",0.95
"Currency","2008/01/01",0.97
"Currency","2007/12/31",0.98
"Currency","2007/12/28",0.96
"Currency","2007/12/27",0.95
"Currency","2007/12/26",0.94
"Currency","2007/12/25",0.94
"Currency","2007/12/24",0.94
"Currency","2007/12/21",0.94
"Currency","2007/12/20",0.95
"Currency","2007/12/19",0.94
"Currency","2007/12/17",0.96
"Currency","2007/12/14",0.95
"Currency","2007/12/13",0.95
"Currency","2007/12/12",0.96
"Currency","2007/12/11",0.96
"Currency","2007/12/10",0.96
"Currency","2007/12/07",0.97
"Currency","2007/12/06",0.96
"Currency","2007/12/05",0.97
"Currency","2007/12/04",0.96
"Currency","2007/12/03",0.97
"Currency","2007/11/30",0.95
"Currency","2007/11/29",0.96
"Currency","2007/11/28",0.96
"Currency","2007/11/27",0.94
"Currency","2007/11/23",0.94
"Currency","2007/11/22",0.96
"Currency","2007/11/21",0.96
"Currency","2007/11/20",0.96
"Currency","2007/11/19",0.96
"Currency","2007/11/16",0.96
"Currency","2007/11/15",0.94
"Currency","2007/11/14",0.96
"Currency","2007/11/13",0.96
"Currency","2007/11/12",0.96
"Currency","2007/11/09",0.96
"Currency","2007/11/08",0.95
"Currency","2007/11/07",0.96
"Currency","2007/11/06",0.93
"Currency","2007/11/05",0.93
"Currency","2007/11/02",0.94
"Currency","2007/11/01",0.93
"Currency","2007/10/31",0.94
"Currency","2007/10/30",0.93
"Currency","2007/10/29",0.93
"Currency","2007/10/26",0.93
"Currency","2007/10/25",0.94
"Currency","2007/10/24",0.94
"Currency","2007/10/23",0.92
"Currency","2007/10/22",0.93
"Currency","2007/10/19",0.93
"Currency","2007/10/18",0.92
"Currency","2007/10/17",0.92
"Currency","2007/10/16",0.92
"Currency","2007/10/15",0.93
"Currency","2007/10/12",0.92
"Currency","2007/10/11",0.92
"Currency","2007/10/10",0.93
"Currency","2007/10/09",0.93
"Currency","2007/10/08",0.93
"Currency","2007/10/05",0.92
"Currency","2007/10/04",0.93
"Currency","2007/10/03",0.94
"Currency","2007/10/02",0.93
"Currency","2007/10/01",0.93
"Currency","2007/09/28",0.93
"Currency","2007/09/27",0.93
"Currency","2007/09/26",0.92
"Currency","2007/09/25",0.92
"Currency","2007/09/24",0.93
"Currency","2007/09/21",0.93
"Currency","2007/09/20",0.92
"Currency","2007/09/19",0.92
"Currency","2007/09/18",0.91
"Currency","2007/09/17",0.92
"Currency","2007/09/14",0.93
"Currency","2007/09/13",0.92
"Currency","2007/09/12",0.92
"Currency","2007/09/11",0.92
"Currency","2007/09/07",0.92
"Currency","2007/09/06",0.92
"Currency","2007/09/05",0.92
"Currency","2007/09/04",0.92
"Currency","2007/09/03",0.92
"Currency","2007/08/31",0.92
"Currency","2007/08/30",0.92
"Currency","2007/08/29",0.92
"Currency","2007/08/28",0.92
"Currency","2007/08/27",0.92
"Currency","2007/08/24",0.92
"Currency","2007/08/23",0.92
"Currency","2007/08/22",0.91
"Currency","2007/08/21",0.92
"Currency","2007/08/20",0.91
"Currency","2007/08/17",0.92
"Currency","2007/08/16",0.92
"Currency","2007/08/15",0.92
"Currency","2007/08/14",0.91
"Currency","2007/08/13",0.92
"Currency","2007/08/10",0.92
"Currency","2007/08/09",0.92
"Currency","2007/08/08",0.91
"Currency","2007/08/07",0.91
"Currency","2007/08/06",0.91
"Currency","2007/08/03",0.91
"Currency","2007/08/02",0.92
"Currency","2007/08/01",0.91
"Currency","2007/07/31",0.91
"Currency","2007/07/30",0.91
"Currency","2007/07/27",0.91
"Currency","2007/07/26",0.91
"Currency","2007/07/25",0.92
"Currency","2007/07/24",0.91
"Currency","2007/07/23",0.91
"Currency","2007/07/20",0.91
"Currency","2007/07/19",0.91
"Currency","2007/07/18",0.91
"Currency","2007/07/17",0.91
"Currency","2007/07/16",0.91
"Currency","2007/07/13",0.91
"Currency","2007/07/12",0.91
"Currency","2007/07/11",0.90
"","",""
"Data Source: http://www.tradingeconomics.com","",""
"Downloaded from http://vam.wfp.org on 11 Jun 2018","",""
