"Indicator","Time","Value (USD/IQD)"
"Currency","2018/06/09",1190.00
"Currency","2018/06/08",1190.00
"Currency","2018/06/07",1186.43
"Currency","2018/06/06",1190.00
"Currency","2018/06/05",1186.43
"Currency","2018/06/04",1186.43
"Currency","2018/06/02",1190.00
"Currency","2018/06/01",1190.00
"Currency","2018/05/31",1186.43
"Currency","2018/05/30",1184.00
"Currency","2018/05/29",1182.82
"Currency","2018/05/28",1186.43
"Currency","2018/05/26",1184.00
"Currency","2018/05/25",1184.00
"Currency","2018/05/24",1186.43
"Currency","2018/05/23",1182.88
"Currency","2018/05/22",1184.00
"Currency","2018/05/21",1186.43
"Currency","2018/05/20",1184.00
"Currency","2018/05/19",1184.00
"Currency","2018/05/18",1186.43
"Currency","2018/05/17",1186.43
"Currency","2018/05/16",1185.24
"Currency","2018/05/15",1182.82
"Currency","2018/05/14",1182.82
"Currency","2018/05/13",1186.43
"Currency","2018/05/12",1184.00
"Currency","2018/05/11",1185.24
"Currency","2018/05/10",1186.43
"Currency","2018/05/09",1186.43
"Currency","2018/05/08",1186.43
"Currency","2018/05/07",1184.00
"Currency","2018/05/06",1186.43
"Currency","2018/05/05",1184.00
"Currency","2018/05/04",1186.43
"Currency","2018/05/03",1186.43
"Currency","2018/05/02",1186.43
"Currency","2018/05/01",1186.43
"Currency","2018/04/30",1185.24
"Currency","2018/04/29",1186.43
"Currency","2018/04/28",1184.00
"Currency","2018/04/27",1186.43
"Currency","2018/04/26",1186.43
"Currency","2018/04/25",1186.43
"Currency","2018/04/24",1186.43
"Currency","2018/04/23",1185.24
"Currency","2018/04/22",1186.43
"Currency","2018/04/21",1186.43
"Currency","2018/04/20",1186.43
"Currency","2018/04/19",1186.43
"Currency","2018/04/18",1186.43
"Currency","2018/04/17",1186.43
"Currency","2018/04/16",1186.43
"Currency","2018/04/15",1184.00
"Currency","2018/04/14",1186.43
"Currency","2018/04/13",1186.43
"Currency","2018/04/12",1186.43
"Currency","2018/04/11",1186.43
"Currency","2018/04/10",1186.43
"Currency","2018/04/09",1186.43
"Currency","2018/04/08",1186.43
"Currency","2018/04/07",1184.00
"Currency","2018/04/06",1186.43
"Currency","2018/04/05",1186.43
"Currency","2018/04/04",1186.43
"Currency","2018/04/03",1186.43
"Currency","2018/04/02",1186.43
"Currency","2018/04/01",1184.00
"Currency","2018/03/31",1184.00
"Currency","2018/03/30",1186.43
"Currency","2018/03/29",1186.43
"Currency","2018/03/28",1186.43
"Currency","2018/03/27",1186.43
"Currency","2018/03/26",1184.00
"Currency","2018/03/25",1184.00
"Currency","2018/03/24",1184.00
"Currency","2018/03/23",1186.43
"Currency","2018/03/22",1186.43
"Currency","2018/03/21",1186.43
"Currency","2018/03/20",1185.24
"Currency","2018/03/19",1186.43
"Currency","2018/03/18",1184.00
"Currency","2018/03/17",1184.00
"Currency","2018/03/16",1186.43
"Currency","2018/03/15",1186.43
"Currency","2018/03/14",1184.05
"Currency","2018/03/13",1184.00
"Currency","2018/03/12",1184.05
"Currency","2018/03/11",1180.00
"Currency","2018/03/10",1180.00
"Currency","2018/03/09",1184.05
"Currency","2018/03/08",1184.05
"Currency","2018/03/07",1184.05
"Currency","2018/03/06",1184.05
"Currency","2018/03/05",1184.05
"Currency","2018/03/04",1181.00
"Currency","2018/03/03",1181.00
"Currency","2018/03/02",1184.05
"Currency","2018/03/01",1184.00
"Currency","2018/02/28",1184.05
"Currency","2018/02/27",1184.05
"Currency","2018/02/26",1184.00
"Currency","2018/02/25",1184.00
"Currency","2018/02/24",1184.00
"Currency","2018/02/23",1180.00
"Currency","2018/02/22",1184.05
"Currency","2018/02/21",1184.05
"Currency","2018/02/20",1184.05
"Currency","2018/02/19",1184.00
"Currency","2018/02/18",1184.05
"Currency","2018/02/17",1184.05
"Currency","2018/02/16",1181.00
"Currency","2018/02/15",1184.05
"Currency","2018/02/14",1184.05
"Currency","2018/02/13",1184.05
"Currency","2018/02/12",1184.00
"Currency","2018/02/11",1184.00
"Currency","2018/02/10",1180.00
"Currency","2018/02/09",1184.00
"Currency","2018/02/08",1184.05
"Currency","2018/02/07",1184.05
"Currency","2018/02/06",1181.64
"Currency","2018/02/05",1184.05
"Currency","2018/02/04",1184.00
"Currency","2018/02/03",1184.00
"Currency","2018/02/02",1184.00
"Currency","2018/02/01",1184.00
"Currency","2018/01/31",1184.05
"Currency","2018/01/30",1182.87
"Currency","2018/01/29",1184.00
"Currency","2018/01/28",1184.00
"Currency","2018/01/27",1184.00
"Currency","2018/01/26",1184.00
"Currency","2018/01/25",1184.00
"Currency","2018/01/24",1181.00
"Currency","2018/01/23",1181.82
"Currency","2018/01/22",1184.05
"Currency","2018/01/21",1184.00
"Currency","2018/01/20",1184.00
"Currency","2018/01/19",1184.00
"Currency","2018/01/18",1184.05
"Currency","2018/01/17",1178.28
"Currency","2018/01/16",1184.00
"Currency","2018/01/15",1184.00
"Currency","2018/01/14",1184.00
"Currency","2018/01/13",1184.00
"Currency","2018/01/12",1181.00
"Currency","2018/01/11",1184.00
"Currency","2018/01/10",1184.00
"Currency","2018/01/09",1184.05
"Currency","2018/01/08",1184.05
"Currency","2018/01/07",1184.00
"Currency","2018/01/06",1181.00
"Currency","2018/01/05",1184.00
"Currency","2018/01/04",1184.05
"Currency","2018/01/03",1184.05
"Currency","2018/01/02",1184.05
"Currency","2017/12/29",1184.00
"Currency","2017/12/28",1184.05
"Currency","2017/12/27",1184.00
"Currency","2017/12/26",1184.05
"Currency","2017/12/24",1184.00
"Currency","2017/12/22",1185.00
"Currency","2017/12/21",1184.05
"Currency","2017/12/20",1181.00
"Currency","2017/12/19",1184.05
"Currency","2017/12/18",1184.05
"Currency","2017/12/15",1184.00
"Currency","2017/12/14",1184.00
"Currency","2017/12/13",1184.00
"Currency","2017/12/12",1184.00
"Currency","2017/12/11",1184.05
"Currency","2017/12/08",1184.00
"Currency","2017/12/07",1184.00
"Currency","2017/12/06",1178.96
"Currency","2017/12/05",1183.00
"Currency","2017/12/04",1184.05
"Currency","2017/12/01",1182.50
"Currency","2017/11/30",1182.80
"Currency","2017/11/29",1169.87
"Currency","2017/11/28",1166.00
"Currency","2017/11/27",1166.00
"Currency","2017/11/24",1166.00
"Currency","2017/11/23",1166.00
"Currency","2017/11/22",1166.00
"Currency","2017/11/21",1166.00
"Currency","2017/11/20",1167.00
"Currency","2017/11/17",1166.00
"Currency","2017/11/16",1166.00
"Currency","2017/11/15",1166.00
"Currency","2017/11/14",1166.00
"Currency","2017/11/13",1169.87
"Currency","2017/11/10",1166.00
"Currency","2017/11/09",1167.53
"Currency","2017/11/08",1166.00
"Currency","2017/11/07",1168.70
"Currency","2017/11/06",1166.00
"Currency","2017/11/03",1166.00
"Currency","2017/11/02",1171.04
"Currency","2017/11/01",1166.00
"Currency","2017/10/31",1166.00
"Currency","2017/10/30",1171.04
"Currency","2017/10/27",1166.00
"Currency","2017/10/26",1166.00
"Currency","2017/10/25",1166.00
"Currency","2017/10/24",1171.04
"Currency","2017/10/23",1167.00
"Currency","2017/10/20",1167.00
"Currency","2017/10/19",1166.00
"Currency","2017/10/18",1167.00
"Currency","2017/10/17",1167.00
"Currency","2017/10/16",1167.00
"Currency","2017/10/13",1171.04
"Currency","2017/10/12",1168.00
"Currency","2017/10/11",1167.00
"Currency","2017/10/10",1167.00
"Currency","2017/10/09",1167.00
"Currency","2017/10/06",1167.00
"Currency","2017/10/05",1167.00
"Currency","2017/10/04",1167.00
"Currency","2017/10/03",1179.02
"Currency","2017/10/02",1167.00
"Currency","2017/09/30",1166.00
"Currency","2017/09/29",1166.00
"Currency","2017/09/28",1166.00
"Currency","2017/09/27",1166.00
"Currency","2017/09/26",1181.00
"Currency","2017/09/25",1166.00
"Currency","2017/09/22",1167.00
"Currency","2017/09/21",1166.00
"Currency","2017/09/20",1166.00
"Currency","2017/09/19",1166.00
"Currency","2017/09/18",1167.00
"Currency","2017/09/16",1166.00
"Currency","2017/09/15",1166.00
"Currency","2017/09/14",1166.00
"Currency","2017/09/13",1166.00
"Currency","2017/09/12",1166.00
"Currency","2017/09/11",1166.00
"Currency","2017/09/08",1166.00
"Currency","2017/09/07",1167.00
"Currency","2017/09/06",1167.00
"Currency","2017/09/05",1167.00
"Currency","2017/09/04",1166.00
"Currency","2017/09/01",1180.00
"Currency","2017/08/31",1166.00
"Currency","2017/08/30",1166.00
"Currency","2017/08/29",1166.00
"Currency","2017/08/28",1166.00
"Currency","2017/08/25",1166.00
"Currency","2017/08/24",1166.00
"Currency","2017/08/23",1166.00
"Currency","2017/08/22",1167.00
"Currency","2017/08/21",1167.00
"Currency","2017/08/18",1167.00
"Currency","2017/08/17",1166.00
"Currency","2017/08/16",1166.00
"Currency","2017/08/15",1166.00
"Currency","2017/08/14",1166.00
"Currency","2017/08/12",1166.00
"Currency","2017/08/11",1166.00
"Currency","2017/08/10",1166.00
"Currency","2017/08/09",1167.00
"Currency","2017/08/08",1167.00
"Currency","2017/08/07",1166.00
"Currency","2017/08/04",1166.00
"Currency","2017/08/03",1166.00
"Currency","2017/08/02",1166.00
"Currency","2017/08/01",1166.00
"Currency","2017/07/31",1167.00
"Currency","2017/07/28",1167.00
"Currency","2017/07/27",1168.00
"Currency","2017/07/26",1167.00
"Currency","2017/07/25",1167.00
"Currency","2017/07/24",1166.00
"Currency","2017/07/21",1166.00
"Currency","2017/07/20",1166.00
"Currency","2017/07/19",1181.00
"Currency","2017/07/18",1181.00
"Currency","2017/07/17",1181.00
"Currency","2017/07/14",1167.00
"Currency","2017/07/13",1181.00
"Currency","2017/07/12",1180.00
"Currency","2017/07/11",1181.00
"Currency","2017/07/10",1181.00
"Currency","2017/07/08",1181.00
"Currency","2017/07/07",1181.00
"Currency","2017/07/06",1181.00
"Currency","2017/07/05",1164.83
"Currency","2017/07/04",1166.00
"Currency","2017/07/03",1181.00
"Currency","2017/07/02",1166.00
"Currency","2017/06/30",1181.00
"Currency","2017/06/29",1181.00
"Currency","2017/06/28",1181.00
"Currency","2017/06/27",1181.00
"Currency","2017/06/26",1181.00
"Currency","2017/06/24",1181.00
"Currency","2017/06/23",1181.00
"Currency","2017/06/22",1181.00
"Currency","2017/06/21",1181.00
"Currency","2017/06/20",1181.00
"Currency","2017/06/19",1181.00
"Currency","2017/06/17",1181.00
"Currency","2017/06/16",1181.00
"Currency","2017/06/15",1181.00
"Currency","2017/06/14",1181.00
"Currency","2017/06/13",1181.00
"Currency","2017/06/12",1181.00
"Currency","2017/06/10",1181.00
"Currency","2017/06/09",1181.00
"Currency","2017/06/08",1181.00
"Currency","2017/06/07",1181.00
"Currency","2017/06/06",1181.00
"Currency","2017/06/05",1180.00
"Currency","2017/06/02",1181.00
"Currency","2017/06/01",1181.00
"Currency","2017/05/31",1181.00
"Currency","2017/05/30",1181.00
"Currency","2017/05/29",1181.00
"Currency","2017/05/26",1181.00
"Currency","2017/05/25",1181.00
"Currency","2017/05/24",1179.00
"Currency","2017/05/23",1181.00
"Currency","2017/05/22",1181.00
"Currency","2017/05/20",1180.00
"Currency","2017/05/19",1180.00
"Currency","2017/05/18",1181.00
"Currency","2017/05/17",1181.00
"Currency","2017/05/16",1168.00
"Currency","2017/05/15",1167.00
"Currency","2017/05/12",1167.00
"Currency","2017/05/11",1167.00
"Currency","2017/05/10",1167.00
"Currency","2017/05/09",1166.00
"Currency","2017/05/08",1166.36
"Currency","2017/05/05",1167.00
"Currency","2017/05/04",1167.00
"Currency","2017/05/03",1167.00
"Currency","2017/05/02",1167.00
"Currency","2017/05/01",1166.00
"Currency","2017/04/28",1166.00
"Currency","2017/04/27",1166.00
"Currency","2017/04/26",1166.00
"Currency","2017/04/25",1168.00
"Currency","2017/04/24",1168.00
"Currency","2017/04/21",1167.00
"Currency","2017/04/20",1167.00
"Currency","2017/04/19",1181.00
"Currency","2017/04/18",1181.00
"Currency","2017/04/17",1181.00
"Currency","2017/04/14",1181.00
"Currency","2017/04/13",1181.00
"Currency","2017/04/12",1181.00
"Currency","2017/04/11",1181.00
"Currency","2017/04/10",1180.00
"Currency","2017/04/08",1181.00
"Currency","2017/04/07",1181.00
"Currency","2017/04/06",1181.00
"Currency","2017/04/05",1181.00
"Currency","2017/04/04",1163.67
"Currency","2017/04/03",1180.00
"Currency","2017/04/01",1181.00
"Currency","2017/03/31",1181.00
"Currency","2017/03/30",1180.00
"Currency","2017/03/29",1181.00
"Currency","2017/03/28",1181.00
"Currency","2017/03/27",1181.00
"Currency","2017/03/24",1181.00
"Currency","2017/03/23",1181.00
"Currency","2017/03/22",1181.00
"Currency","2017/03/21",1180.00
"Currency","2017/03/20",1181.00
"Currency","2017/03/17",1181.00
"Currency","2017/03/16",1181.00
"Currency","2017/03/15",1181.00
"Currency","2017/03/14",1181.00
"Currency","2017/03/13",1181.00
"Currency","2017/03/10",1177.00
"Currency","2017/03/09",1181.00
"Currency","2017/03/08",1181.00
"Currency","2017/03/07",1180.00
"Currency","2017/03/06",1181.00
"Currency","2017/03/03",1175.00
"Currency","2017/03/02",1181.00
"Currency","2017/03/01",1175.00
"Currency","2017/02/28",1181.00
"Currency","2017/02/27",1178.00
"Currency","2017/02/25",1181.00
"Currency","2017/02/24",1181.00
"Currency","2017/02/23",1174.34
"Currency","2017/02/22",1181.00
"Currency","2017/02/21",1176.70
"Currency","2017/02/20",1181.00
"Currency","2017/02/17",1178.00
"Currency","2017/02/16",1181.00
"Currency","2017/02/15",1173.92
"Currency","2017/02/14",1181.00
"Currency","2017/02/13",1179.82
"Currency","2017/02/10",1181.00
"Currency","2017/02/09",1181.00
"Currency","2017/02/08",1175.10
"Currency","2017/02/07",1181.00
"Currency","2017/02/06",1212.84
"Currency","2017/02/03",1182.00
"Currency","2017/02/02",1182.00
"Currency","2017/02/01",1182.00
"Currency","2017/01/31",1181.00
"Currency","2017/01/30",1179.82
"Currency","2017/01/27",1182.00
"Currency","2017/01/26",1211.93
"Currency","2017/01/25",1211.93
"Currency","2017/01/24",1212.40
"Currency","2017/01/23",1210.47
"Currency","2017/01/20",1181.00
"Currency","2017/01/19",1180.00
"Currency","2017/01/18",1181.00
"Currency","2017/01/17",1181.00
"Currency","2017/01/16",1180.00
"Currency","2017/01/13",1181.00
"Currency","2017/01/12",1181.00
"Currency","2017/01/11",1181.00
"Currency","2017/01/10",1178.64
"Currency","2017/01/09",1173.92
"Currency","2017/01/06",1181.00
"Currency","2017/01/05",1181.00
"Currency","2017/01/04",1180.00
"Currency","2017/01/03",1181.00
"Currency","2017/01/02",1181.00
"Currency","2016/12/30",1181.00
"Currency","2016/12/29",1181.00
"Currency","2016/12/28",1181.00
"Currency","2016/12/27",1182.00
"Currency","2016/12/26",1181.00
"Currency","2016/12/23",1182.00
"Currency","2016/12/22",1181.00
"Currency","2016/12/21",1181.00
"Currency","2016/12/20",1180.00
"Currency","2016/12/19",1181.00
"Currency","2016/12/16",1180.00
"Currency","2016/12/15",1181.00
"Currency","2016/12/14",1180.00
"Currency","2016/12/13",1181.00
"Currency","2016/12/12",1181.00
"Currency","2016/12/09",1182.00
"Currency","2016/12/08",1181.00
"Currency","2016/12/07",1163.00
"Currency","2016/12/06",1162.00
"Currency","2016/12/05",1161.00
"Currency","2016/12/02",1161.00
"Currency","2016/12/01",1160.10
"Currency","2016/11/30",1160.40
"Currency","2016/11/29",1160.50
"Currency","2016/11/28",1160.00
"Currency","2016/11/25",1161.00
"Currency","2016/11/24",1180.00
"Currency","2016/11/23",1180.00
"Currency","2016/11/22",1180.00
"Currency","2016/11/21",1155.00
"Currency","2016/11/19",1154.00
"Currency","2016/11/18",1155.00
"Currency","2016/11/17",1155.00
"Currency","2016/11/16",1155.00
"Currency","2016/11/15",1155.00
"Currency","2016/11/14",1157.00
"Currency","2016/11/11",1157.40
"Currency","2016/11/10",1158.00
"Currency","2016/11/09",1158.00
"Currency","2016/11/08",1159.00
"Currency","2016/11/07",1160.00
"Currency","2016/11/04",1160.00
"Currency","2016/11/03",1162.50
"Currency","2016/11/02",1162.50
"Currency","2016/11/01",1165.00
"Currency","2016/10/31",1165.00
"Currency","2016/10/28",1165.00
"Currency","2016/10/27",1165.00
"Currency","2016/10/26",1165.00
"Currency","2016/10/25",1165.00
"Currency","2016/10/24",1165.20
"Currency","2016/10/21",1165.40
"Currency","2016/10/20",1165.00
"Currency","2016/10/19",1167.00
"Currency","2016/10/18",1161.00
"Currency","2016/10/17",1161.00
"Currency","2016/10/14",1161.00
"Currency","2016/10/13",1161.00
"Currency","2016/10/12",1161.00
"Currency","2016/10/11",1162.00
"Currency","2016/10/10",1162.00
"Currency","2016/10/07",1162.00
"Currency","2016/10/06",1162.10
"Currency","2016/10/05",1162.20
"Currency","2016/10/04",1162.30
"Currency","2016/10/03",1162.50
"Currency","2016/10/01",1162.70
"Currency","2016/09/30",1162.70
"Currency","2016/09/29",1162.80
"Currency","2016/09/28",1164.00
"Currency","2016/09/27",1164.00
"Currency","2016/09/26",1165.00
"Currency","2016/09/24",1165.00
"Currency","2016/09/23",1165.00
"Currency","2016/09/22",1165.00
"Currency","2016/09/21",1165.00
"Currency","2016/09/20",1165.00
"Currency","2016/09/19",1165.00
"Currency","2016/09/17",1165.00
"Currency","2016/09/16",1165.00
"Currency","2016/09/15",1165.00
"Currency","2016/09/14",1165.00
"Currency","2016/09/13",1165.00
"Currency","2016/09/12",1165.00
"Currency","2016/09/10",1165.00
"Currency","2016/09/09",1165.00
"Currency","2016/09/08",1165.00
"Currency","2016/09/07",1165.00
"Currency","2016/09/06",1166.00
"Currency","2016/09/05",1168.00
"Currency","2016/09/03",1167.00
"Currency","2016/09/02",1167.00
"Currency","2016/09/01",1162.50
"Currency","2016/08/31",1162.70
"Currency","2016/08/30",1162.90
"Currency","2016/08/29",1164.00
"Currency","2016/08/26",1164.00
"Currency","2016/08/25",1164.00
"Currency","2016/08/24",1164.00
"Currency","2016/08/23",1164.00
"Currency","2016/08/22",1164.00
"Currency","2016/08/19",1165.00
"Currency","2016/08/18",1166.00
"Currency","2016/08/17",1166.00
"Currency","2016/08/16",1166.00
"Currency","2016/08/15",1166.00
"Currency","2016/08/12",1167.00
"Currency","2016/08/11",1167.00
"Currency","2016/08/10",1167.00
"Currency","2016/08/09",1167.00
"Currency","2016/08/08",1167.00
"Currency","2016/08/05",1167.00
"Currency","2016/08/04",1168.00
"Currency","2016/08/03",1168.00
"Currency","2016/08/02",1168.00
"Currency","2016/08/01",1168.10
"Currency","2016/07/29",1168.00
"Currency","2016/07/28",1168.00
"Currency","2016/07/27",1168.00
"Currency","2016/07/26",1169.00
"Currency","2016/07/25",1169.00
"Currency","2016/07/22",1169.00
"Currency","2016/07/21",1169.00
"Currency","2016/07/20",1169.20
"Currency","2016/07/19",1169.40
"Currency","2016/07/18",1169.40
"Currency","2016/07/15",1169.50
"Currency","2016/07/14",1169.70
"Currency","2016/07/13",1169.70
"Currency","2016/07/12",1169.80
"Currency","2016/07/11",1167.00
"Currency","2016/07/08",1167.00
"Currency","2016/07/07",1167.00
"Currency","2016/07/06",1167.00
"Currency","2016/07/05",1167.00
"Currency","2016/07/04",1167.20
"Currency","2016/07/01",1167.20
"Currency","2016/06/30",1167.20
"Currency","2016/06/29",1164.85
"Currency","2016/06/28",1164.85
"Currency","2016/06/27",1164.40
"Currency","2016/06/24",1180.50
"Currency","2016/06/23",1163.90
"Currency","2016/06/22",1181.00
"Currency","2016/06/21",1174.75
"Currency","2016/06/20",1181.00
"Currency","2016/06/17",1181.00
"Currency","2016/06/16",1181.00
"Currency","2016/06/15",1161.95
"Currency","2016/06/14",1181.50
"Currency","2016/06/13",1173.05
"Currency","2016/06/10",1171.40
"Currency","2016/06/09",1181.00
"Currency","2016/06/08",1181.50
"Currency","2016/06/07",1181.00
"Currency","2016/06/06",1181.00
"Currency","2016/06/04",1181.00
"Currency","2016/06/03",1181.00
"Currency","2016/06/02",1181.00
"Currency","2016/06/01",1181.00
"Currency","2016/05/31",1169.45
"Currency","2016/05/30",1170.50
"Currency","2016/05/27",1182.00
"Currency","2016/05/26",1180.50
"Currency","2016/05/25",1181.50
"Currency","2016/05/24",1181.50
"Currency","2016/05/23",1180.50
"Currency","2016/05/20",1166.15
"Currency","2016/05/19",1181.00
"Currency","2016/05/18",1181.50
"Currency","2016/05/17",1107.10
"Currency","2016/05/16",1107.10
"Currency","2016/05/13",1107.10
"Currency","2016/05/12",1107.10
"Currency","2016/05/11",1107.10
"Currency","2016/05/10",1107.10
"Currency","2016/05/09",1107.10
"Currency","2016/05/06",1107.10
"Currency","2016/05/05",1107.10
"Currency","2016/05/04",1107.10
"Currency","2016/05/03",1107.10
"Currency","2016/05/02",1107.10
"Currency","2016/04/30",1107.10
"Currency","2016/04/29",1107.10
"Currency","2016/04/28",1107.10
"Currency","2016/04/27",1107.10
"Currency","2016/04/26",1107.10
"Currency","2016/04/25",1107.10
"Currency","2016/04/23",1107.10
"Currency","2016/04/22",1107.10
"Currency","2016/04/21",1107.10
"Currency","2016/04/20",1107.10
"Currency","2016/04/19",1107.10
"Currency","2016/04/18",1107.10
"Currency","2016/04/16",1107.10
"Currency","2016/04/15",1107.10
"Currency","2016/04/14",1107.10
"Currency","2016/04/13",1107.10
"Currency","2016/04/12",1107.10
"Currency","2016/04/11",1107.10
"Currency","2016/04/09",1107.10
"Currency","2016/04/08",1107.10
"Currency","2016/04/07",1107.10
"Currency","2016/04/06",1107.10
"Currency","2016/04/05",1107.10
"Currency","2016/04/04",1107.10
"Currency","2016/04/01",1107.10
"Currency","2016/03/31",1107.10
"Currency","2016/03/30",1107.10
"Currency","2016/03/29",1107.10
"Currency","2016/03/28",1107.10
"Currency","2016/03/25",1107.10
"Currency","2016/03/24",1107.10
"Currency","2016/03/23",1107.10
"Currency","2016/03/22",1107.10
"Currency","2016/03/21",1107.10
"Currency","2016/03/18",1107.10
"Currency","2016/03/17",1107.10
"Currency","2016/03/16",1107.10
"Currency","2016/03/15",1107.10
"Currency","2016/03/14",1107.10
"Currency","2016/03/13",1107.10
"Currency","2016/03/11",1107.10
"Currency","2016/03/10",1107.10
"Currency","2016/03/09",1107.10
"Currency","2016/03/08",1107.10
"Currency","2016/03/07",1107.10
"Currency","2016/03/06",1107.10
"Currency","2016/03/04",1107.10
"Currency","2016/03/03",1107.10
"Currency","2016/03/02",1107.10
"Currency","2016/03/01",1107.10
"Currency","2016/02/29",1107.10
"Currency","2016/02/28",1107.10
"Currency","2016/02/26",1107.10
"Currency","2016/02/25",1107.10
"Currency","2016/02/24",1107.10
"Currency","2016/02/23",1107.10
"Currency","2016/02/22",1107.10
"Currency","2016/02/19",1107.10
"Currency","2016/02/18",1107.10
"Currency","2016/02/17",1107.10
"Currency","2016/02/16",1107.10
"Currency","2016/02/15",1107.10
"Currency","2016/02/12",1107.10
"Currency","2016/02/11",1107.10
"Currency","2016/02/10",1107.10
"Currency","2016/02/09",1107.10
"Currency","2016/02/08",1107.10
"Currency","2016/02/05",1107.10
"Currency","2016/02/04",1107.10
"Currency","2016/02/03",1107.10
"Currency","2016/02/02",1107.10
"Currency","2016/02/01",1107.10
"Currency","2016/01/29",1107.10
"Currency","2016/01/28",1107.10
"Currency","2016/01/27",1107.10
"Currency","2016/01/26",1107.10
"Currency","2016/01/25",1107.10
"Currency","2016/01/22",1107.10
"Currency","2016/01/21",1107.10
"Currency","2016/01/20",1107.10
"Currency","2016/01/19",1107.10
"Currency","2016/01/18",1107.10
"Currency","2016/01/15",1107.10
"Currency","2016/01/14",1107.10
"Currency","2016/01/13",1107.10
"Currency","2016/01/12",1107.10
"Currency","2016/01/11",1107.10
"Currency","2016/01/08",1107.10
"Currency","2016/01/07",1107.10
"Currency","2016/01/06",1107.10
"Currency","2016/01/05",1107.10
"Currency","2016/01/04",1107.10
"Currency","2016/01/03",1107.10
"Currency","2016/01/01",1107.10
"Currency","2015/12/31",1107.10
"Currency","2015/12/30",1107.10
"Currency","2015/12/29",1107.10
"Currency","2015/12/28",1107.10
"Currency","2015/12/25",1107.10
"Currency","2015/12/24",1107.10
"Currency","2015/12/23",1107.10
"Currency","2015/12/22",1107.10
"Currency","2015/12/21",1107.10
"Currency","2015/12/20",1107.10
"Currency","2015/12/18",1107.10
"Currency","2015/12/17",1107.10
"Currency","2015/12/16",1107.10
"Currency","2015/12/15",1107.10
"Currency","2015/12/14",1107.10
"Currency","2015/12/11",1107.10
"Currency","2015/12/10",1107.10
"Currency","2015/12/09",1107.10
"Currency","2015/12/08",1107.10
"Currency","2015/12/07",1107.10
"Currency","2015/12/06",1107.10
"Currency","2015/12/04",1107.10
"Currency","2015/12/03",1107.10
"Currency","2015/12/02",1106.85
"Currency","2015/12/01",1106.00
"Currency","2015/11/30",1191.00
"Currency","2015/11/28",1108.65
"Currency","2015/11/27",1110.00
"Currency","2015/11/26",1110.80
"Currency","2015/11/25",1106.30
"Currency","2015/11/24",1110.70
"Currency","2015/11/23",1110.70
"Currency","2015/11/20",1117.50
"Currency","2015/11/19",1115.10
"Currency","2015/11/18",1191.00
"Currency","2015/11/17",1117.85
"Currency","2015/11/16",1116.45
"Currency","2015/11/13",1190.00
"Currency","2015/11/12",1107.95
"Currency","2015/11/11",1115.80
"Currency","2015/11/10",1190.00
"Currency","2015/11/09",1135.10
"Currency","2015/11/08",1190.00
"Currency","2015/11/06",1190.00
"Currency","2015/11/05",1122.80
"Currency","2015/11/04",1189.00
"Currency","2015/11/03",1122.00
"Currency","2015/11/02",1187.50
"Currency","2015/11/01",1187.50
"Currency","2015/10/30",1187.50
"Currency","2015/10/29",1123.85
"Currency","2015/10/28",1188.50
"Currency","2015/10/27",1188.50
"Currency","2015/10/26",1123.00
"Currency","2015/10/25",1187.00
"Currency","2015/10/23",1187.00
"Currency","2015/10/22",1187.50
"Currency","2015/10/21",1188.00
"Currency","2015/10/20",1188.00
"Currency","2015/10/19",1124.20
"Currency","2015/10/18",1188.00
"Currency","2015/10/16",1188.00
"Currency","2015/10/15",1187.50
"Currency","2015/10/14",1188.00
"Currency","2015/10/13",1187.50
"Currency","2015/10/12",1188.00
"Currency","2015/10/09",1188.00
"Currency","2015/10/08",1187.50
"Currency","2015/10/07",1187.50
"Currency","2015/10/06",1187.50
"Currency","2015/10/05",1188.00
"Currency","2015/10/04",1188.00
"Currency","2015/10/02",1188.00
"Currency","2015/10/01",1188.00
"Currency","2015/09/30",1187.50
"Currency","2015/09/29",1188.00
"Currency","2015/09/28",1188.00
"Currency","2015/09/27",1188.00
"Currency","2015/09/26",1188.00
"Currency","2015/09/25",1188.00
"Currency","2015/09/24",1187.50
"Currency","2015/09/23",1187.50
"Currency","2015/09/22",1187.50
"Currency","2015/09/21",1188.00
"Currency","2015/09/20",1188.00
"Currency","2015/09/18",1188.00
"Currency","2015/09/17",1188.00
"Currency","2015/09/16",1188.00
"Currency","2015/09/15",1188.00
"Currency","2015/09/14",1187.50
"Currency","2015/09/13",1187.50
"Currency","2015/09/11",1187.50
"Currency","2015/09/10",1188.00
"Currency","2015/09/09",1141.20
"Currency","2015/09/08",1187.50
"Currency","2015/09/07",1185.00
"Currency","2015/09/06",1142.65
"Currency","2015/09/04",1142.65
"Currency","2015/09/03",1144.45
"Currency","2015/09/02",1145.75
"Currency","2015/09/01",1146.75
"Currency","2015/08/31",1146.15
"Currency","2015/08/30",1146.00
"Currency","2015/08/28",1146.00
"Currency","2015/08/27",1145.10
"Currency","2015/08/26",1146.90
"Currency","2015/08/25",1146.30
"Currency","2015/08/24",1146.90
"Currency","2015/08/21",1148.55
"Currency","2015/08/20",1148.70
"Currency","2015/08/19",1148.25
"Currency","2015/08/18",1148.50
"Currency","2015/08/17",1149.05
"Currency","2015/08/14",1155.05
"Currency","2015/08/13",1149.40
"Currency","2015/08/12",1150.45
"Currency","2015/08/11",1152.05
"Currency","2015/08/10",1151.85
"Currency","2015/08/07",1152.75
"Currency","2015/08/06",1153.00
"Currency","2015/08/05",1155.00
"Currency","2015/08/04",1155.00
"Currency","2015/08/03",1156.00
"Currency","2015/07/31",1157.00
"Currency","2015/07/30",1191.50
"Currency","2015/07/29",1190.00
"Currency","2015/07/28",1189.00
"Currency","2015/07/27",1190.00
"Currency","2015/07/24",1191.00
"Currency","2015/07/23",1191.00
"Currency","2015/07/22",1191.00
"Currency","2015/07/21",1191.00
"Currency","2015/07/20",1191.50
"Currency","2015/07/17",1191.00
"Currency","2015/07/16",1191.50
"Currency","2015/07/15",1191.50
"Currency","2015/07/14",1191.50
"Currency","2015/07/13",1191.00
"Currency","2015/07/12",1191.50
"Currency","2015/07/10",1191.50
"Currency","2015/07/09",1191.00
"Currency","2015/07/08",1191.50
"Currency","2015/07/07",1165.00
"Currency","2015/07/06",1191.50
"Currency","2015/07/04",1160.95
"Currency","2015/07/03",1162.40
"Currency","2015/07/02",1191.50
"Currency","2015/07/01",1191.50
"Currency","2015/06/30",1163.00
"Currency","2015/06/29",1163.00
"Currency","2015/06/26",1163.00
"Currency","2015/06/25",1163.00
"Currency","2015/06/24",1163.00
"Currency","2015/06/23",1163.00
"Currency","2015/06/22",1191.00
"Currency","2015/06/19",1163.00
"Currency","2015/06/18",1163.00
"Currency","2015/06/17",1191.00
"Currency","2015/06/16",1164.00
"Currency","2015/06/15",1165.00
"Currency","2015/06/12",1165.00
"Currency","2015/06/11",1165.00
"Currency","2015/06/10",1166.00
"Currency","2015/06/09",1164.40
"Currency","2015/06/08",1165.00
"Currency","2015/06/05",1191.00
"Currency","2015/06/04",1166.00
"Currency","2015/06/03",1166.00
"Currency","2015/06/02",1164.00
"Currency","2015/06/01",1165.00
"Currency","2015/05/29",1166.00
"Currency","2015/05/28",1166.00
"Currency","2015/05/27",1164.00
"Currency","2015/05/26",1164.00
"Currency","2015/05/25",1164.00
"Currency","2015/05/22",1164.00
"Currency","2015/05/21",1165.00
"Currency","2015/05/20",1190.50
"Currency","2015/05/19",1165.00
"Currency","2015/05/18",1165.00
"Currency","2015/05/15",1165.00
"Currency","2015/05/14",1165.00
"Currency","2015/05/13",1165.00
"Currency","2015/05/12",1165.00
"Currency","2015/05/11",1164.00
"Currency","2015/05/08",1164.00
"Currency","2015/05/07",1164.00
"Currency","2015/05/06",1165.00
"Currency","2015/05/05",1165.00
"Currency","2015/05/04",1165.50
"Currency","2015/05/01",1165.70
"Currency","2015/04/30",1165.00
"Currency","2015/04/29",1163.00
"Currency","2015/04/28",1164.00
"Currency","2015/04/27",1185.00
"Currency","2015/04/24",1164.00
"Currency","2015/04/23",1164.00
"Currency","2015/04/22",1164.00
"Currency","2015/04/21",1164.00
"Currency","2015/04/20",1164.00
"Currency","2015/04/17",1163.00
"Currency","2015/04/16",1163.00
"Currency","2015/04/15",1163.00
"Currency","2015/04/14",1163.00
"Currency","2015/04/13",1163.00
"Currency","2015/04/10",1163.00
"Currency","2015/04/09",1163.00
"Currency","2015/04/08",1185.00
"Currency","2015/04/07",1163.00
"Currency","2015/04/06",1163.00
"Currency","2015/04/03",1189.00
"Currency","2015/04/02",1164.00
"Currency","2015/04/01",1164.00
"Currency","2015/03/31",1164.00
"Currency","2015/03/30",1165.00
"Currency","2015/03/27",1163.00
"Currency","2015/03/26",1163.00
"Currency","2015/03/25",1163.00
"Currency","2015/03/24",1163.00
"Currency","2015/03/23",1185.00
"Currency","2015/03/20",1164.00
"Currency","2015/03/19",1164.20
"Currency","2015/03/18",1164.50
"Currency","2015/03/17",1165.00
"Currency","2015/03/16",1165.00
"Currency","2015/03/13",1165.20
"Currency","2015/03/12",1165.50
"Currency","2015/03/11",1166.00
"Currency","2015/03/10",1166.00
"Currency","2015/03/09",1166.00
"Currency","2015/03/06",1166.00
"Currency","2015/03/05",1166.00
"Currency","2015/03/04",1166.00
"Currency","2015/03/03",1166.00
"Currency","2015/03/02",1166.00
"Currency","2015/02/27",1189.50
"Currency","2015/02/26",1166.00
"Currency","2015/02/25",1187.50
"Currency","2015/02/24",1165.00
"Currency","2015/02/23",1165.00
"Currency","2015/02/20",1165.00
"Currency","2015/02/19",1165.00
"Currency","2015/02/18",1165.00
"Currency","2015/02/17",1165.00
"Currency","2015/02/16",1165.00
"Currency","2015/02/13",1165.40
"Currency","2015/02/12",1165.50
"Currency","2015/02/11",1165.00
"Currency","2015/02/10",1165.00
"Currency","2015/02/09",1185.00
"Currency","2015/02/06",1165.00
"Currency","2015/02/05",1165.00
"Currency","2015/02/04",1152.54
"Currency","2015/02/03",1165.00
"Currency","2015/02/02",1186.00
"Currency","2015/01/30",1165.00
"Currency","2015/01/29",1165.00
"Currency","2015/01/28",1165.00
"Currency","2015/01/27",1184.00
"Currency","2015/01/26",1136.00
"Currency","2015/01/23",1136.00
"Currency","2015/01/22",1136.00
"Currency","2015/01/21",1136.00
"Currency","2015/01/20",1136.00
"Currency","2015/01/19",1136.00
"Currency","2015/01/16",1136.00
"Currency","2015/01/15",1136.00
"Currency","2015/01/14",1138.00
"Currency","2015/01/13",1139.00
"Currency","2015/01/12",1141.00
"Currency","2015/01/09",1141.00
"Currency","2015/01/08",1141.00
"Currency","2015/01/07",1141.00
"Currency","2015/01/06",1142.00
"Currency","2015/01/05",1142.00
"Currency","2015/01/02",1143.00
"Currency","2015/01/01",1143.00
"Currency","2014/12/31",1143.00
"Currency","2014/12/30",1144.00
"Currency","2014/12/29",1144.00
"Currency","2014/12/26",1146.00
"Currency","2014/12/25",1146.00
"Currency","2014/12/24",1146.00
"Currency","2014/12/23",1146.00
"Currency","2014/12/22",1148.00
"Currency","2014/12/19",1149.00
"Currency","2014/12/18",1149.00
"Currency","2014/12/17",1151.05
"Currency","2014/12/16",1151.50
"Currency","2014/12/15",1153.00
"Currency","2014/12/12",1154.00
"Currency","2014/12/11",1155.00
"Currency","2014/12/10",1155.00
"Currency","2014/12/09",1156.00
"Currency","2014/12/08",1156.00
"Currency","2014/12/05",1158.00
"Currency","2014/12/04",1159.00
"Currency","2014/12/03",1161.00
"Currency","2014/12/02",1161.00
"Currency","2014/12/01",1161.00
"Currency","2014/11/28",1161.00
"Currency","2014/11/27",1161.00
"Currency","2014/11/26",1161.00
"Currency","2014/11/25",1161.00
"Currency","2014/11/24",1162.00
"Currency","2014/11/23",1162.20
"Currency","2014/11/22",1162.20
"Currency","2014/11/21",1162.20
"Currency","2014/11/20",1162.20
"Currency","2014/11/19",1163.00
"Currency","2014/11/18",1163.00
"Currency","2014/11/17",1163.00
"Currency","2014/11/16",1163.00
"Currency","2014/11/15",1164.15
"Currency","2014/11/14",1163.00
"Currency","2014/11/13",1163.00
"Currency","2014/11/12",1163.00
"Currency","2014/11/11",1163.50
"Currency","2014/11/10",1164.00
"Currency","2014/11/09",1164.00
"Currency","2014/11/08",1164.75
"Currency","2014/11/07",1164.00
"Currency","2014/11/06",1164.00
"Currency","2014/11/05",1164.00
"Currency","2014/11/04",1161.00
"Currency","2014/11/03",1162.50
"Currency","2014/11/02",1163.00
"Currency","2014/11/01",1164.38
"Currency","2014/10/31",1163.00
"Currency","2014/10/30",1163.00
"Currency","2014/10/29",1163.00
"Currency","2014/10/28",1163.00
"Currency","2014/10/27",1163.20
"Currency","2014/10/26",1164.50
"Currency","2014/10/25",1164.70
"Currency","2014/10/24",1163.05
"Currency","2014/10/23",1163.20
"Currency","2014/10/22",1163.40
"Currency","2014/10/21",1163.50
"Currency","2014/10/20",1163.50
"Currency","2014/10/19",1164.00
"Currency","2014/10/18",1164.51
"Currency","2014/10/17",1163.90
"Currency","2014/10/16",1164.00
"Currency","2014/10/15",1164.00
"Currency","2014/10/14",1164.10
"Currency","2014/10/13",1164.30
"Currency","2014/10/12",1164.50
"Currency","2014/10/11",1164.50
"Currency","2014/10/10",1164.50
"Currency","2014/10/09",1164.50
"Currency","2014/10/08",1161.30
"Currency","2014/10/07",1165.00
"Currency","2014/10/06",1161.30
"Currency","2014/10/05",1161.10
"Currency","2014/10/04",1161.10
"Currency","2014/10/03",1161.30
"Currency","2014/10/02",1164.40
"Currency","2014/10/01",1164.50
"Currency","2014/09/30",1164.05
"Currency","2014/09/29",1165.02
"Currency","2014/09/28",1165.00
"Currency","2014/09/27",1165.00
"Currency","2014/09/26",1161.25
"Currency","2014/09/25",1165.02
"Currency","2014/09/24",1165.02
"Currency","2014/09/23",1161.20
"Currency","2014/09/22",1161.50
"Currency","2014/09/21",1161.20
"Currency","2014/09/20",1163.11
"Currency","2014/09/19",1165.02
"Currency","2014/09/18",1161.50
"Currency","2014/09/17",1161.80
"Currency","2014/09/16",1162.15
"Currency","2014/09/15",1165.02
"Currency","2014/09/14",1164.10
"Currency","2014/09/13",1164.55
"Currency","2014/09/12",1162.20
"Currency","2014/09/11",1164.50
"Currency","2014/09/10",1164.50
"Currency","2014/09/09",1165.15
"Currency","2014/09/08",1163.15
"Currency","2014/09/05",1163.00
"Currency","2014/09/04",1163.00
"Currency","2014/09/03",1163.00
"Currency","2014/09/02",1163.00
"Currency","2014/09/01",1163.00
"Currency","2014/08/29",1162.30
"Currency","2014/08/28",1162.30
"Currency","2014/08/27",1162.50
"Currency","2014/08/26",1163.00
"Currency","2014/08/25",1163.00
"Currency","2014/08/24",1163.00
"Currency","2014/08/23",1163.00
"Currency","2014/08/22",1163.00
"Currency","2014/08/21",1163.00
"Currency","2014/08/20",1163.00
"Currency","2014/08/19",1163.00
"Currency","2014/08/18",1163.10
"Currency","2014/08/17",1164.86
"Currency","2014/08/16",1164.86
"Currency","2014/08/15",1163.50
"Currency","2014/08/14",1163.50
"Currency","2014/08/13",1163.50
"Currency","2014/08/12",1163.90
"Currency","2014/08/11",1164.30
"Currency","2014/08/10",1165.08
"Currency","2014/08/09",1165.08
"Currency","2014/08/08",1164.40
"Currency","2014/08/07",1164.50
"Currency","2014/08/06",1165.75
"Currency","2014/08/05",1165.77
"Currency","2014/08/04",1165.75
"Currency","2014/08/03",1165.10
"Currency","2014/08/02",1165.43
"Currency","2014/08/01",1165.20
"Currency","2014/07/31",1165.20
"Currency","2014/07/30",1165.20
"Currency","2014/07/29",1165.20
"Currency","2014/07/28",1165.10
"Currency","2014/07/27",1165.00
"Currency","2014/07/26",1165.39
"Currency","2014/07/25",1165.20
"Currency","2014/07/24",1165.20
"Currency","2014/07/23",1164.20
"Currency","2014/07/22",1164.80
"Currency","2014/07/21",1164.90
"Currency","2014/07/19",1164.60
"Currency","2014/07/18",1163.50
"Currency","2014/07/17",1163.50
"Currency","2014/07/16",1163.75
"Currency","2014/07/15",1163.90
"Currency","2014/07/14",1164.30
"Currency","2014/07/13",1164.40
"Currency","2014/07/12",1164.40
"Currency","2014/07/11",1164.40
"Currency","2014/07/10",1164.40
"Currency","2014/07/09",1164.40
"Currency","2014/07/08",1164.00
"Currency","2014/07/07",1164.05
"Currency","2014/07/06",1164.20
"Currency","2014/07/05",1164.20
"Currency","2014/07/04",1164.20
"Currency","2014/07/03",1165.00
"Currency","2014/07/02",1164.40
"Currency","2014/07/01",1163.90
"Currency","2014/06/30",1163.90
"Currency","2014/06/29",1164.20
"Currency","2014/06/28",1164.61
"Currency","2014/06/27",1164.10
"Currency","2014/06/26",1164.50
"Currency","2014/06/25",1165.02
"Currency","2014/06/24",1164.50
"Currency","2014/06/23",1165.05
"Currency","2014/06/22",1163.50
"Currency","2014/06/21",1164.25
"Currency","2014/06/20",1165.00
"Currency","2014/06/19",1163.70
"Currency","2014/06/18",1163.90
"Currency","2014/06/17",1163.00
"Currency","2014/06/16",1165.05
"Currency","2014/06/15",1164.11
"Currency","2014/06/14",1164.11
"Currency","2014/06/13",1163.10
"Currency","2014/06/12",1163.50
"Currency","2014/06/11",1164.00
"Currency","2014/06/10",1164.00
"Currency","2014/06/09",1164.00
"Currency","2014/06/08",1164.30
"Currency","2014/06/07",1164.79
"Currency","2014/06/06",1164.20
"Currency","2014/06/05",1163.50
"Currency","2014/06/04",1163.00
"Currency","2014/06/03",1163.00
"Currency","2014/06/02",1163.20
"Currency","2014/06/01",1163.50
"Currency","2014/05/31",1164.38
"Currency","2014/05/30",1165.25
"Currency","2014/05/29",1164.00
"Currency","2014/05/28",1164.00
"Currency","2014/05/27",1164.50
"Currency","2014/05/26",1163.00
"Currency","2014/05/24",1164.64
"Currency","2014/05/23",1163.80
"Currency","2014/05/22",1164.00
"Currency","2014/05/21",1165.30
"Currency","2014/05/20",1163.50
"Currency","2014/05/19",1164.00
"Currency","2014/05/18",1164.00
"Currency","2014/05/17",1164.65
"Currency","2014/05/16",1164.00
"Currency","2014/05/15",1164.00
"Currency","2014/05/14",1164.20
"Currency","2014/05/13",1164.40
"Currency","2014/05/12",1162.10
"Currency","2014/05/11",1162.30
"Currency","2014/05/10",1162.30
"Currency","2014/05/09",1162.30
"Currency","2014/05/08",1162.50
"Currency","2014/05/07",1165.27
"Currency","2014/05/06",1165.22
"Currency","2014/05/05",1165.20
"Currency","2014/05/04",1164.15
"Currency","2014/05/03",1164.15
"Currency","2014/05/02",1163.00
"Currency","2014/05/01",1163.00
"Currency","2014/04/30",1163.00
"Currency","2014/04/29",1165.25
"Currency","2014/04/28",1163.00
"Currency","2014/04/27",1163.00
"Currency","2014/04/26",1163.00
"Currency","2014/04/25",1163.00
"Currency","2014/04/24",1163.00
"Currency","2014/04/23",1163.00
"Currency","2014/04/22",1163.00
"Currency","2014/04/21",1163.00
"Currency","2014/04/20",1164.00
"Currency","2014/04/19",1164.54
"Currency","2014/04/18",1163.00
"Currency","2014/04/17",1163.00
"Currency","2014/04/16",1164.00
"Currency","2014/04/15",1165.00
"Currency","2014/04/14",1165.20
"Currency","2014/04/13",1162.90
"Currency","2014/04/12",1162.90
"Currency","2014/04/11",1163.00
"Currency","2014/04/10",1163.00
"Currency","2014/04/09",1165.25
"Currency","2014/04/08",1163.05
"Currency","2014/04/07",1163.30
"Currency","2014/04/06",1164.40
"Currency","2014/04/05",1164.40
"Currency","2014/04/04",1163.50
"Currency","2014/04/03",1164.00
"Currency","2014/04/02",1165.00
"Currency","2014/04/01",1165.00
"Currency","2014/03/31",1164.55
"Currency","2014/03/30",1165.00
"Currency","2014/03/29",1164.88
"Currency","2014/03/28",1164.50
"Currency","2014/03/27",1164.50
"Currency","2014/03/26",1164.45
"Currency","2014/03/25",1164.50
"Currency","2014/03/24",1164.50
"Currency","2014/03/23",1163.00
"Currency","2014/03/22",1163.00
"Currency","2014/03/21",1163.00
"Currency","2014/03/20",1163.50
"Currency","2014/03/19",1164.05
"Currency","2014/03/18",1164.40
"Currency","2014/03/17",1164.80
"Currency","2014/03/16",1164.40
"Currency","2014/03/15",1164.80
"Currency","2014/03/14",1165.20
"Currency","2014/03/13",1164.50
"Currency","2014/03/12",1164.50
"Currency","2014/03/11",1165.00
"Currency","2014/03/10",1164.00
"Currency","2014/03/09",1162.00
"Currency","2014/03/08",1163.90
"Currency","2014/03/07",1165.80
"Currency","2014/03/06",1165.77
"Currency","2014/03/05",1164.00
"Currency","2014/03/04",1162.00
"Currency","2014/03/03",1163.00
"Currency","2014/03/02",1164.00
"Currency","2014/03/01",1164.64
"Currency","2014/02/28",1164.00
"Currency","2014/02/27",1163.00
"Currency","2014/02/26",1165.25
"Currency","2014/02/25",1163.00
"Currency","2014/02/24",1164.00
"Currency","2014/02/23",1164.00
"Currency","2014/02/22",1164.65
"Currency","2014/02/21",1163.00
"Currency","2014/02/20",1162.00
"Currency","2014/02/19",1164.00
"Currency","2014/02/18",1164.50
"Currency","2014/02/17",1164.90
"Currency","2014/02/16",1164.80
"Currency","2014/02/15",1164.80
"Currency","2014/02/14",1164.90
"Currency","2014/02/13",1163.95
"Currency","2014/02/12",1164.10
"Currency","2014/02/11",1164.40
"Currency","2014/02/10",1160.20
"Currency","2014/02/09",1161.00
"Currency","2014/02/08",1163.13
"Currency","2014/02/07",1165.25
"Currency","2014/02/06",1161.30
"Currency","2014/02/05",1161.50
"Currency","2014/02/04",1162.50
"Currency","2014/02/03",1163.76
"Currency","2014/02/02",1164.00
"Currency","2014/02/01",1164.64
"Currency","2014/01/31",1164.00
"Currency","2014/01/30",1161.40
"Currency","2014/01/29",1163.00
"Currency","2014/01/28",1163.00
"Currency","2014/01/25",1164.65
"Currency","2014/01/24",1163.50
"Currency","2014/01/23",1164.05
"Currency","2014/01/22",1164.57
"Currency","2014/01/21",1164.88
"Currency","2014/01/20",1163.80
"Currency","2014/01/19",1163.80
"Currency","2014/01/18",1164.55
"Currency","2014/01/17",1164.55
"Currency","2014/01/16",1164.40
"Currency","2014/01/15",1162.00
"Currency","2014/01/14",1163.64
"Currency","2014/01/13",1163.20
"Currency","2014/01/12",1163.20
"Currency","2014/01/11",1164.24
"Currency","2014/01/10",1163.20
"Currency","2014/01/09",1163.45
"Currency","2014/01/08",1164.00
"Currency","2014/01/07",1164.92
"Currency","2014/01/06",1164.57
"Currency","2014/01/05",1164.00
"Currency","2014/01/04",1164.64
"Currency","2014/01/03",1164.00
"Currency","2014/01/02",1164.10
"Currency","2014/01/01",1163.05
"Currency","2013/12/31",1165.28
"Currency","2013/12/30",1163.00
"Currency","2013/12/29",1163.30
"Currency","2013/12/28",1164.29
"Currency","2013/12/27",1165.28
"Currency","2013/12/26",1164.50
"Currency","2013/12/25",1163.90
"Currency","2013/12/24",1164.59
"Currency","2013/12/23",1165.08
"Currency","2013/12/22",1164.50
"Currency","2013/12/21",1164.88
"Currency","2013/12/20",1164.88
"Currency","2013/12/19",1164.10
"Currency","2013/12/18",1163.05
"Currency","2013/12/17",1163.40
"Currency","2013/12/16",1161.10
"Currency","2013/12/15",1161.40
"Currency","2013/12/14",1163.29
"Currency","2013/12/13",1161.40
"Currency","2013/12/12",1164.03
"Currency","2013/12/11",1162.40
"Currency","2013/12/10",1164.00
"Currency","2013/12/09",1163.73
"Currency","2013/12/08",1163.20
"Currency","2013/12/07",1164.15
"Currency","2013/12/06",1163.20
"Currency","2013/12/05",1164.00
"Currency","2013/12/04",1165.00
"Currency","2013/12/03",1165.00
"Currency","2013/12/02",1161.60
"Currency","2013/12/01",1161.80
"Currency","2013/11/30",1163.40
"Currency","2013/11/29",1161.80
"Currency","2013/11/28",1161.80
"Currency","2013/11/27",1161.80
"Currency","2013/11/26",1163.02
"Currency","2013/11/25",1163.00
"Currency","2013/11/24",1163.00
"Currency","2013/11/23",1164.06
"Currency","2013/11/22",1164.06
"Currency","2013/11/21",1163.30
"Currency","2013/11/20",1164.23
"Currency","2013/11/19",1163.40
"Currency","2013/11/18",1161.00
"Currency","2013/11/17",1162.00
"Currency","2013/11/16",1163.50
"Currency","2013/11/15",1162.00
"Currency","2013/11/14",1163.00
"Currency","2013/11/13",1163.00
"Currency","2013/11/12",1164.00
"Currency","2013/11/11",1162.00
"Currency","2013/11/10",1162.00
"Currency","2013/11/09",1163.68
"Currency","2013/11/08",1162.00
"Currency","2013/11/07",1163.68
"Currency","2013/11/06",1164.50
"Currency","2013/11/05",1165.00
"Currency","2013/11/04",1165.00
"Currency","2013/11/03",1165.00
"Currency","2013/11/02",1165.00
"Currency","2013/11/01",1165.00
"Currency","2013/10/31",1165.03
"Currency","2013/10/30",1165.00
"Currency","2013/10/29",1164.00
"Currency","2013/10/28",1164.42
"Currency","2013/10/27",1164.00
"Currency","2013/10/26",1164.51
"Currency","2013/10/25",1164.00
"Currency","2013/10/24",1165.01
"Currency","2013/10/23",1165.00
"Currency","2013/10/22",1165.00
"Currency","2013/10/21",1165.00
"Currency","2013/10/20",1164.70
"Currency","2013/10/19",1164.96
"Currency","2013/10/18",1164.70
"Currency","2013/10/17",1165.00
"Currency","2013/10/16",1165.00
"Currency","2013/10/15",1164.50
"Currency","2013/10/14",1165.00
"Currency","2013/10/13",1164.10
"Currency","2013/10/11",1165.02
"Currency","2013/10/10",1164.44
"Currency","2013/10/09",1164.67
"Currency","2013/10/08",1164.80
"Currency","2013/10/07",1165.00
"Currency","2013/10/04",1164.75
"Currency","2013/10/03",1164.80
"Currency","2013/10/02",1164.94
"Currency","2013/10/01",1164.60
"Currency","2013/09/30",1164.90
"Currency","2013/09/27",1164.40
"Currency","2013/09/26",1164.50
"Currency","2013/09/25",1165.03
"Currency","2013/09/24",1161.30
"Currency","2013/09/23",1161.50
"Currency","2013/09/20",1161.40
"Currency","2013/09/19",1161.80
"Currency","2013/09/18",1162.00
"Currency","2013/09/17",1163.05
"Currency","2013/09/16",1163.05
"Currency","2013/09/13",1163.00
"Currency","2013/09/12",1163.00
"Currency","2013/09/11",1163.05
"Currency","2013/09/10",1163.10
"Currency","2013/09/09",1163.20
"Currency","2013/09/06",1163.50
"Currency","2013/09/05",1163.80
"Currency","2013/09/04",1163.80
"Currency","2013/09/03",1163.00
"Currency","2013/09/02",1164.00
"Currency","2013/08/30",1164.00
"Currency","2013/08/29",1164.85
"Currency","2013/08/28",1165.15
"Currency","2013/08/27",1160.50
"Currency","2013/08/26",1163.25
"Currency","2013/08/23",1161.20
"Currency","2013/08/22",1161.20
"Currency","2013/08/21",1163.56
"Currency","2013/08/20",1163.88
"Currency","2013/08/19",1164.05
"Currency","2013/08/16",1163.76
"Currency","2013/08/15",1164.75
"Currency","2013/08/14",1163.40
"Currency","2013/08/13",1164.40
"Currency","2013/08/12",1164.50
"Currency","2013/08/09",1164.02
"Currency","2013/08/08",1164.20
"Currency","2013/08/07",1163.50
"Currency","2013/08/06",1164.11
"Currency","2013/08/05",1163.00
"Currency","2013/08/02",1164.01
"Currency","2013/08/01",1163.00
"Currency","2013/07/31",1163.00
"Currency","2013/07/30",1164.01
"Currency","2013/07/29",1163.00
"Currency","2013/07/26",1163.05
"Currency","2013/07/25",1163.05
"Currency","2013/07/24",1163.30
"Currency","2013/07/23",1164.05
"Currency","2013/07/22",1163.05
"Currency","2013/07/19",1163.05
"Currency","2013/07/18",1163.40
"Currency","2013/07/17",1164.13
"Currency","2013/07/16",1164.14
"Currency","2013/07/15",1163.99
"Currency","2013/07/12",1163.93
"Currency","2013/07/11",1163.10
"Currency","2013/07/10",1163.48
"Currency","2013/07/09",1163.49
"Currency","2013/07/08",1163.24
"Currency","2013/07/05",1162.93
"Currency","2013/07/04",1161.50
"Currency","2013/07/03",1164.50
"Currency","2013/07/02",1163.26
"Currency","2013/07/01",1162.76
"Currency","2013/06/28",1161.20
"Currency","2013/06/27",1161.20
"Currency","2013/06/26",1162.00
"Currency","2013/06/25",1163.63
"Currency","2013/06/24",1163.00
"Currency","2013/06/21",1162.14
"Currency","2013/06/20",1160.00
"Currency","2013/06/19",1162.39
"Currency","2013/06/18",1162.09
"Currency","2013/06/17",1161.00
"Currency","2013/06/14",1161.00
"Currency","2013/06/13",1162.69
"Currency","2013/06/12",1163.00
"Currency","2013/06/11",1156.00
"Currency","2013/06/10",1157.00
"Currency","2013/06/07",1160.13
"Currency","2013/06/06",1158.00
"Currency","2013/06/05",1163.64
"Currency","2013/06/04",1163.14
"Currency","2013/06/03",1144.00
"Currency","2013/05/31",1155.15
"Currency","2013/05/30",1148.00
"Currency","2013/05/29",1157.01
"Currency","2013/05/28",1157.50
"Currency","2013/05/27",1149.00
"Currency","2013/05/24",1157.00
"Currency","2013/05/23",1150.00
"Currency","2013/05/22",1157.01
"Currency","2013/05/21",1151.00
"Currency","2013/05/20",1159.51
"Currency","2013/05/17",1154.00
"Currency","2013/05/16",1156.00
"Currency","2013/05/15",1157.00
"Currency","2013/05/14",1158.00
"Currency","2013/05/13",1159.00
"Currency","2013/05/10",1162.00
"Currency","2013/05/09",1161.48
"Currency","2013/05/08",1160.00
"Currency","2013/05/07",1161.00
"Currency","2013/05/06",1162.00
"Currency","2013/05/03",1162.93
"Currency","2013/05/02",1164.95
"Currency","2013/05/01",1160.98
"Currency","2013/04/30",1161.48
"Currency","2013/04/29",1164.98
"Currency","2013/04/26",1162.93
"Currency","2013/04/25",1163.88
"Currency","2013/04/24",1161.48
"Currency","2013/04/23",1164.00
"Currency","2013/04/22",1163.45
"Currency","2013/04/19",1163.95
"Currency","2013/04/18",1162.00
"Currency","2013/04/17",1163.99
"Currency","2013/04/16",1161.95
"Currency","2013/04/15",1162.00
"Currency","2013/04/12",1164.40
"Currency","2013/04/11",1163.86
"Currency","2013/04/10",1161.91
"Currency","2013/04/09",1161.00
"Currency","2013/04/08",1163.43
"Currency","2013/04/05",1163.85
"Currency","2013/04/04",1163.00
"Currency","2013/04/03",1159.00
"Currency","2013/04/02",1161.00
"Currency","2013/04/01",1164.68
"Currency","2013/03/29",1161.00
"Currency","2013/03/28",1163.00
"Currency","2013/03/27",1162.00
"Currency","2013/03/26",1163.43
"Currency","2013/03/25",1157.00
"Currency","2013/03/22",1161.45
"Currency","2013/03/21",1159.00
"Currency","2013/03/20",1159.00
"Currency","2013/03/19",1162.00
"Currency","2013/03/18",1164.60
"Currency","2013/03/15",1158.80
"Currency","2013/03/14",1159.81
"Currency","2013/03/13",1161.31
"Currency","2013/03/12",1160.00
"Currency","2013/03/11",1162.31
"Currency","2013/03/08",1162.88
"Currency","2013/03/07",1164.65
"Currency","2013/03/06",1162.00
"Currency","2013/03/05",1164.50
"Currency","2013/03/04",1164.73
"Currency","2013/03/01",1163.86
"Currency","2013/02/28",1162.00
"Currency","2013/02/27",1163.75
"Currency","2013/02/26",1163.00
"Currency","2013/02/25",1163.81
"Currency","2013/02/22",1164.00
"Currency","2013/02/21",1164.25
"Currency","2013/02/20",1164.00
"Currency","2013/02/19",1163.00
"Currency","2013/02/18",1164.00
"Currency","2013/02/15",1163.00
"Currency","2013/02/14",1164.25
"Currency","2013/02/13",1163.75
"Currency","2013/02/12",1164.00
"Currency","2013/02/11",1164.00
"Currency","2013/02/08",1164.63
"Currency","2013/02/07",1164.00
"Currency","2013/02/06",1164.00
"Currency","2013/02/05",1163.00
"Currency","2013/02/04",1164.00
"Currency","2013/02/01",1164.56
"Currency","2013/01/31",1164.63
"Currency","2013/01/30",1164.00
"Currency","2013/01/29",1164.00
"Currency","2013/01/28",1164.00
"Currency","2013/01/25",1164.56
"Currency","2013/01/24",1164.00
"Currency","2013/01/23",1165.00
"Currency","2013/01/22",1164.63
"Currency","2013/01/21",1164.50
"Currency","2013/01/18",1164.50
"Currency","2013/01/17",1164.00
"Currency","2013/01/16",1164.00
"Currency","2013/01/15",1165.08
"Currency","2013/01/14",1164.63
"Currency","2013/01/11",1165.00
"Currency","2013/01/10",1164.00
"Currency","2013/01/09",1164.00
"Currency","2013/01/08",1164.92
"Currency","2013/01/07",1164.00
"Currency","2013/01/04",1164.29
"Currency","2013/01/03",1165.13
"Currency","2013/01/02",1164.00
"Currency","2013/01/01",1165.00
"Currency","2012/12/31",1165.13
"Currency","2012/12/28",1164.88
"Currency","2012/12/27",1164.54
"Currency","2012/12/26",1165.13
"Currency","2012/12/25",1166.00
"Currency","2012/12/24",1164.58
"Currency","2012/12/21",1163.96
"Currency","2012/12/20",1163.00
"Currency","2012/12/19",1165.00
"Currency","2012/12/18",1165.00
"Currency","2012/12/17",1164.50
"Currency","2012/12/14",1164.92
"Currency","2012/12/13",1163.00
"Currency","2012/12/12",1163.00
"Currency","2012/12/11",1164.50
"Currency","2012/12/10",1164.58
"Currency","2012/12/07",1164.83
"Currency","2012/12/06",1163.00
"Currency","2012/12/04",1164.50
"Currency","2012/12/03",1163.00
"Currency","2012/11/29",1164.88
"Currency","2012/11/28",1164.88
"Currency","2012/11/27",1163.00
"Currency","2012/11/26",1164.88
"Currency","2012/11/23",1164.00
"Currency","2012/11/22",1164.50
"Currency","2012/11/21",1166.00
"Currency","2012/11/20",1166.00
"Currency","2012/11/19",1163.00
"Currency","2012/11/16",1164.00
"Currency","2012/11/15",1164.13
"Currency","2012/11/14",1164.50
"Currency","2012/11/13",1164.89
"Currency","2012/11/12",1163.00
"Currency","2012/11/09",1164.53
"Currency","2012/11/08",1164.68
"Currency","2012/11/07",1164.88
"Currency","2012/11/06",1163.00
"Currency","2012/11/05",1164.88
"Currency","2012/11/02",1164.02
"Currency","2012/10/30",1164.50
"Currency","2012/10/29",1163.00
"Currency","2012/10/26",1163.00
"Currency","2012/10/25",1165.50
"Currency","2012/10/24",1165.00
"Currency","2012/10/22",1165.35
"Currency","2012/10/21",1165.35
"Currency","2012/10/19",1165.12
"Currency","2012/10/18",1166.85
"Currency","2012/10/17",1163.25
"Currency","2012/10/16",1156.20
"Currency","2012/10/15",1164.30
"Currency","2012/10/14",1164.45
"Currency","2012/10/12",1165.25
"Currency","2012/10/11",1161.70
"Currency","2012/10/10",1162.75
"Currency","2012/10/09",1165.12
"Currency","2012/10/08",1161.55
"Currency","2012/10/07",1160.20
"Currency","2012/10/05",1165.00
"Currency","2012/10/04",1165.00
"Currency","2012/10/03",1165.00
"Currency","2012/10/02",1163.00
"Currency","2012/10/01",1164.00
"Currency","2012/09/30",1168.75
"Currency","2012/09/28",1165.12
"Currency","2012/09/27",1158.65
"Currency","2012/09/26",1162.20
"Currency","2012/09/25",1165.00
"Currency","2012/09/24",1160.80
"Currency","2012/09/23",1165.85
"Currency","2012/09/21",1165.12
"Currency","2012/09/20",1161.65
"Currency","2012/09/19",1159.30
"Currency","2012/09/18",1165.00
"Currency","2012/09/17",1165.00
"Currency","2012/09/16",1160.25
"Currency","2012/09/14",1165.00
"Currency","2012/09/13",1156.00
"Currency","2012/09/12",1164.80
"Currency","2012/09/11",1157.90
"Currency","2012/09/10",1165.50
"Currency","2012/09/09",1151.40
"Currency","2012/09/07",1160.80
"Currency","2012/09/06",1161.25
"Currency","2012/09/05",1157.90
"Currency","2012/09/04",1164.65
"Currency","2012/09/03",1161.30
"Currency","2012/09/02",1163.75
"Currency","2012/08/31",1162.55
"Currency","2012/08/30",1166.15
"Currency","2012/08/29",1165.45
"Currency","2012/08/28",1160.95
"Currency","2012/08/27",1165.60
"Currency","2012/08/26",1164.05
"Currency","2012/08/24",1163.50
"Currency","2012/08/23",1161.85
"Currency","2012/08/22",1156.35
"Currency","2012/08/21",1157.95
"Currency","2012/08/20",1160.70
"Currency","2012/08/19",1165.50
"Currency","2012/08/17",1165.12
"Currency","2012/08/16",1165.12
"Currency","2012/08/15",1163.05
"Currency","2012/08/14",1166.05
"Currency","2012/08/13",1163.60
"Currency","2012/08/12",1161.25
"Currency","2012/08/10",1165.00
"Currency","2012/08/09",1165.00
"Currency","2012/08/08",1162.20
"Currency","2012/08/07",1164.60
"Currency","2012/08/06",1159.10
"Currency","2012/08/05",1153.60
"Currency","2012/08/03",1165.00
"Currency","2012/08/02",1171.35
"Currency","2012/08/01",1170.75
"Currency","2012/07/31",1161.50
"Currency","2012/07/30",1165.45
"Currency","2012/07/29",1161.95
"Currency","2012/07/27",1165.12
"Currency","2012/07/26",1165.08
"Currency","2012/07/25",1162.50
"Currency","2012/07/24",1165.03
"Currency","2012/07/23",1165.00
"Currency","2012/07/22",1170.30
"Currency","2012/07/20",1165.00
"Currency","2012/07/19",1165.00
"Currency","2012/07/18",1158.30
"Currency","2012/07/17",1165.12
"Currency","2012/07/16",1165.12
"Currency","2012/07/15",1158.90
"Currency","2012/07/13",1165.12
"Currency","2012/07/12",1162.00
"Currency","2012/07/11",1165.12
"Currency","2012/07/10",1165.00
"Currency","2012/07/09",1161.95
"Currency","2012/07/08",1171.40
"Currency","2012/07/06",1165.12
"Currency","2012/07/05",1165.12
"Currency","2012/07/04",1166.30
"Currency","2012/07/03",1165.05
"Currency","2012/07/02",1166.45
"Currency","2012/07/01",1155.40
"Currency","2012/06/29",1165.08
"Currency","2012/06/28",1160.65
"Currency","2012/06/27",1165.00
"Currency","2012/06/26",1165.25
"Currency","2012/06/25",1163.40
"Currency","2012/06/24",1163.15
"Currency","2012/06/22",1165.38
"Currency","2012/06/21",1176.55
"Currency","2012/06/20",1163.50
"Currency","2012/06/19",1157.85
"Currency","2012/06/18",1169.55
"Currency","2012/06/17",1158.30
"Currency","2012/06/15",1165.00
"Currency","2012/06/14",1156.35
"Currency","2012/06/13",1158.85
"Currency","2012/06/12",1161.70
"Currency","2012/06/11",1171.45
"Currency","2012/06/10",1157.60
"Currency","2012/06/08",1165.12
"Currency","2012/06/07",1166.00
"Currency","2012/06/06",1155.85
"Currency","2012/06/05",1161.40
"Currency","2012/06/04",1165.50
"Currency","2012/06/03",1152.95
"Currency","2012/06/01",1165.12
"Currency","2012/05/31",1165.25
"Currency","2012/05/30",1168.65
"Currency","2012/05/29",1167.30
"Currency","2012/05/28",1167.10
"Currency","2012/05/27",1168.40
"Currency","2012/05/25",1165.25
"Currency","2012/05/24",1166.50
"Currency","2012/05/23",1165.00
"Currency","2012/05/22",1170.05
"Currency","2012/05/21",1165.25
"Currency","2012/05/20",1154.85
"Currency","2012/05/18",1165.10
"Currency","2012/05/17",1163.55
"Currency","2012/05/16",1165.38
"Currency","2012/05/15",1165.12
"Currency","2012/05/14",1165.00
"Currency","2012/05/13",1164.60
"Currency","2012/05/11",1165.00
"Currency","2012/05/10",1165.00
"Currency","2012/05/09",1165.00
"Currency","2012/05/08",1161.65
"Currency","2012/05/07",1165.50
"Currency","2012/05/06",1166.15
"Currency","2012/05/04",1165.50
"Currency","2012/05/03",1165.00
"Currency","2012/05/02",1165.00
"Currency","2012/05/01",1164.75
"Currency","2012/04/30",1164.50
"Currency","2012/04/29",1159.25
"Currency","2012/04/27",1164.75
"Currency","2012/04/26",1163.75
"Currency","2012/04/25",1164.62
"Currency","2012/04/24",1164.62
"Currency","2012/04/23",1164.75
"Currency","2012/04/22",1158.95
"Currency","2012/04/20",1164.75
"Currency","2012/04/19",1164.50
"Currency","2012/04/18",1164.50
"Currency","2012/04/17",1164.50
"Currency","2012/04/16",1164.75
"Currency","2012/04/15",1169.35
"Currency","2012/04/13",1164.55
"Currency","2012/04/12",1164.50
"Currency","2012/04/11",1164.50
"Currency","2012/04/10",1164.50
"Currency","2012/04/09",1164.75
"Currency","2012/04/08",1159.60
"Currency","2012/04/06",1164.62
"Currency","2012/04/05",1164.50
"Currency","2012/04/04",1164.50
"Currency","2012/04/03",1164.50
"Currency","2012/04/02",1164.50
"Currency","2012/04/01",1161.25
"Currency","2012/03/30",1164.62
"Currency","2012/03/29",1164.50
"Currency","2012/03/28",1164.50
"Currency","2012/03/27",1164.50
"Currency","2012/03/26",1164.75
"Currency","2012/03/25",1158.35
"Currency","2012/03/23",1164.65
"Currency","2012/03/22",1164.75
"Currency","2012/03/21",1164.62
"Currency","2012/03/20",1164.62
"Currency","2012/03/19",1164.62
"Currency","2012/03/18",1153.05
"Currency","2012/03/16",1164.75
"Currency","2012/03/15",1164.50
"Currency","2012/03/14",1164.50
"Currency","2012/03/13",1164.50
"Currency","2012/03/12",1164.75
"Currency","2012/03/11",1164.62
"Currency","2012/03/09",1164.62
"Currency","2012/03/08",1164.75
"Currency","2012/03/07",1164.50
"Currency","2012/03/06",1164.50
"Currency","2012/03/05",1164.50
"Currency","2012/03/04",1167.70
"Currency","2012/03/02",1164.50
"Currency","2012/03/01",1164.50
"Currency","2012/02/29",1164.62
"Currency","2012/02/28",1164.50
"Currency","2012/02/27",1164.50
"Currency","2012/02/26",1160.90
"Currency","2012/02/24",1164.50
"Currency","2012/02/23",1164.50
"Currency","2012/02/22",1165.00
"Currency","2012/02/21",1164.50
"Currency","2012/02/20",1166.35
"Currency","2012/02/19",1163.40
"Currency","2012/02/17",1164.50
"Currency","2012/02/16",1164.50
"Currency","2012/02/15",1164.50
"Currency","2012/02/14",1165.00
"Currency","2012/02/13",1166.75
"Currency","2012/02/12",1167.65
"Currency","2012/02/10",1166.50
"Currency","2012/02/09",1166.75
"Currency","2012/02/08",1167.10
"Currency","2012/02/07",1166.00
"Currency","2012/02/06",1166.75
"Currency","2012/02/05",1165.60
"Currency","2012/02/03",1166.75
"Currency","2012/02/02",1166.50
"Currency","2012/02/01",1166.50
"Currency","2012/01/31",1166.75
"Currency","2012/01/30",1162.35
"Currency","2012/01/29",1156.70
"Currency","2012/01/27",1166.62
"Currency","2012/01/26",1166.50
"Currency","2012/01/25",1166.75
"Currency","2012/01/24",1166.50
"Currency","2012/01/23",1166.00
"Currency","2012/01/22",1160.35
"Currency","2012/01/20",1165.62
"Currency","2012/01/19",1165.75
"Currency","2012/01/18",1166.00
"Currency","2012/01/17",1170.00
"Currency","2012/01/16",1167.00
"Currency","2012/01/15",1176.75
"Currency","2012/01/13",1170.00
"Currency","2012/01/12",1170.00
"Currency","2012/01/11",1170.25
"Currency","2012/01/10",1170.00
"Currency","2012/01/09",1170.25
"Currency","2012/01/08",1174.70
"Currency","2012/01/06",1170.25
"Currency","2012/01/05",1170.00
"Currency","2012/01/04",1170.00
"Currency","2012/01/03",1170.25
"Currency","2012/01/02",1167.50
"Currency","2012/01/01",1165.35
"Currency","2011/12/30",1170.25
"Currency","2011/12/29",1170.00
"Currency","2011/12/28",1170.00
"Currency","2011/12/27",1170.00
"Currency","2011/12/26",1168.90
"Currency","2011/12/25",1168.90
"Currency","2011/12/23",1170.12
"Currency","2011/12/22",1170.00
"Currency","2011/12/21",1167.20
"Currency","2011/12/20",1170.25
"Currency","2011/12/19",1170.00
"Currency","2011/12/18",1167.25
"Currency","2011/12/16",1170.00
"Currency","2011/12/15",1170.00
"Currency","2011/12/14",1170.00
"Currency","2011/12/13",1170.25
"Currency","2011/12/12",1170.00
"Currency","2011/12/11",1171.15
"Currency","2011/12/09",1170.00
"Currency","2011/12/08",1170.50
"Currency","2011/12/07",1170.62
"Currency","2011/12/06",1170.62
"Currency","2011/12/05",1170.75
"Currency","2011/12/04",1180.00
"Currency","2011/12/02",1170.75
"Currency","2011/12/01",1170.50
"Currency","2011/11/30",1170.50
"Currency","2011/11/29",1169.85
"Currency","2011/11/28",1169.85
"Currency","2011/11/27",1169.85
"Currency","2011/11/25",1169.85
"Currency","2011/11/24",1170.60
"Currency","2011/11/23",1170.00
"Currency","2011/11/22",1170.75
"Currency","2011/11/21",1170.25
"Currency","2011/11/20",1176.05
"Currency","2011/11/18",1171.60
"Currency","2011/11/17",1171.90
"Currency","2011/11/16",1169.65
"Currency","2011/11/15",1169.75
"Currency","2011/11/14",1170.45
"Currency","2011/11/13",1160.20
"Currency","2011/11/11",1170.50
"Currency","2011/11/10",1170.62
"Currency","2011/11/09",1170.50
"Currency","2011/11/08",1170.50
"Currency","2011/11/07",1170.00
"Currency","2011/11/06",1173.35
"Currency","2011/11/04",1170.00
"Currency","2011/11/03",1168.80
"Currency","2011/11/02",1170.15
"Currency","2011/11/01",1170.95
"Currency","2011/10/31",1170.45
"Currency","2011/10/30",1170.70
"Currency","2011/10/28",1169.62
"Currency","2011/10/27",1169.75
"Currency","2011/10/26",1170.25
"Currency","2011/10/25",1169.25
"Currency","2011/10/24",1169.00
"Currency","2011/10/23",1158.00
"Currency","2011/10/21",1170.25
"Currency","2011/10/20",1170.25
"Currency","2011/10/19",1170.00
"Currency","2011/10/18",1170.00
"Currency","2011/10/17",1170.00
"Currency","2011/10/16",1164.35
"Currency","2011/10/14",1170.50
"Currency","2011/10/13",1170.25
"Currency","2011/10/12",1170.25
"Currency","2011/10/11",1166.60
"Currency","2011/10/10",1170.15
"Currency","2011/10/09",1162.70
"Currency","2011/10/07",1170.00
"Currency","2011/10/06",1170.00
"Currency","2011/10/05",1170.12
"Currency","2011/10/04",1154.55
"Currency","2011/10/03",1170.00
"Currency","2011/10/02",1170.25
"Currency","2011/09/30",1170.25
"Currency","2011/09/29",1170.00
"Currency","2011/09/28",1170.05
"Currency","2011/09/27",1170.25
"Currency","2011/09/26",1170.00
"Currency","2011/09/25",1166.20
"Currency","2011/09/23",1169.45
"Currency","2011/09/22",1169.50
"Currency","2011/09/21",1170.50
"Currency","2011/09/20",1170.00
"Currency","2011/09/19",1169.85
"Currency","2011/09/18",1170.25
"Currency","2011/09/16",1170.25
"Currency","2011/09/15",1170.05
"Currency","2011/09/14",1170.25
"Currency","2011/09/13",1170.50
"Currency","2011/09/12",1170.75
"Currency","2011/09/11",1183.35
"Currency","2011/09/09",1170.50
"Currency","2011/09/08",1170.50
"Currency","2011/09/07",1170.62
"Currency","2011/09/06",1170.75
"Currency","2011/09/05",1169.30
"Currency","2011/09/04",1172.90
"Currency","2011/09/02",1170.50
"Currency","2011/09/01",1170.50
"Currency","2011/08/31",1170.75
"Currency","2011/08/30",1171.00
"Currency","2011/08/29",1170.50
"Currency","2011/08/28",1164.10
"Currency","2011/08/26",1170.75
"Currency","2011/08/25",1170.50
"Currency","2011/08/24",1170.75
"Currency","2011/08/23",1170.70
"Currency","2011/08/22",1170.50
"Currency","2011/08/21",1162.00
"Currency","2011/08/19",1171.25
"Currency","2011/08/18",1171.00
"Currency","2011/08/17",1169.70
"Currency","2011/08/16",1167.55
"Currency","2011/08/15",1157.20
"Currency","2011/08/14",1168.65
"Currency","2011/08/12",1168.70
"Currency","2011/08/11",1169.95
"Currency","2011/08/10",1169.35
"Currency","2011/08/09",1169.25
"Currency","2011/08/08",1170.05
"Currency","2011/08/07",1159.30
"Currency","2011/08/05",1168.90
"Currency","2011/08/04",1176.00
"Currency","2011/08/03",1167.85
"Currency","2011/08/02",1164.00
"Currency","2011/08/01",1167.05
"Currency","2011/07/31",1156.55
"Currency","2011/07/29",1171.03
"Currency","2011/07/28",1170.50
"Currency","2011/07/27",1170.00
"Currency","2011/07/26",1170.25
"Currency","2011/07/25",1170.00
"Currency","2011/07/24",1172.45
"Currency","2011/07/22",1170.55
"Currency","2011/07/21",1170.00
"Currency","2011/07/20",1170.25
"Currency","2011/07/19",1170.25
"Currency","2011/07/18",1170.50
"Currency","2011/07/17",1167.10
"Currency","2011/07/15",1170.50
"Currency","2011/07/14",1170.50
"Currency","2011/07/13",1170.00
"Currency","2011/07/12",1170.25
"Currency","2011/07/11",1171.00
"Currency","2011/07/10",1168.55
"Currency","2011/07/08",1171.50
"Currency","2011/07/07",1171.25
"Currency","2011/07/06",1171.50
"Currency","2011/07/05",1171.50
"Currency","2011/07/04",1168.05
"Currency","2011/07/03",1164.85
"Currency","2011/07/01",1171.00
"Currency","2011/06/30",1171.00
"Currency","2011/06/29",1171.25
"Currency","2011/06/28",1171.25
"Currency","2011/06/27",1163.40
"Currency","2011/06/26",1169.25
"Currency","2011/06/24",1169.45
"Currency","2011/06/23",1171.00
"Currency","2011/06/22",1171.50
"Currency","2011/06/21",1171.50
"Currency","2011/06/20",1171.50
"Currency","2011/06/19",1166.25
"Currency","2011/06/17",1171.50
"Currency","2011/06/16",1171.25
"Currency","2011/06/15",1171.50
"Currency","2011/06/14",1167.90
"Currency","2011/06/13",1171.00
"Currency","2011/06/12",1175.70
"Currency","2011/06/10",1171.00
"Currency","2011/06/09",1171.50
"Currency","2011/06/08",1171.00
"Currency","2011/06/07",1170.25
"Currency","2011/06/06",1170.50
"Currency","2011/06/05",1156.30
"Currency","2011/06/03",1170.50
"Currency","2011/06/02",1170.50
"Currency","2011/06/01",1170.50
"Currency","2011/05/31",1170.00
"Currency","2011/05/30",1167.90
"Currency","2011/05/29",1161.40
"Currency","2011/05/27",1170.50
"Currency","2011/05/26",1170.00
"Currency","2011/05/25",1170.50
"Currency","2011/05/24",1170.50
"Currency","2011/05/23",1170.00
"Currency","2011/05/22",1175.00
"Currency","2011/05/20",1170.00
"Currency","2011/05/19",1170.00
"Currency","2011/05/18",1170.00
"Currency","2011/05/17",1170.50
"Currency","2011/05/16",1170.50
"Currency","2011/05/15",1181.95
"Currency","2011/05/13",1170.00
"Currency","2011/05/12",1170.00
"Currency","2011/05/11",1170.50
"Currency","2011/05/10",1170.50
"Currency","2011/05/09",1170.50
"Currency","2011/05/08",1194.25
"Currency","2011/05/06",1170.55
"Currency","2011/05/05",1170.50
"Currency","2011/05/04",1170.00
"Currency","2011/05/03",1170.00
"Currency","2011/05/02",1170.55
"Currency","2011/05/01",1172.35
"Currency","2011/04/29",1170.55
"Currency","2011/04/28",1170.55
"Currency","2011/04/27",1170.50
"Currency","2011/04/26",1170.00
"Currency","2011/04/25",1170.00
"Currency","2011/04/24",1183.80
"Currency","2011/04/22",1170.00
"Currency","2011/04/21",1170.00
"Currency","2011/04/20",1170.50
"Currency","2011/04/19",1170.50
"Currency","2011/04/18",1170.50
"Currency","2011/04/17",1169.65
"Currency","2011/04/15",1171.05
"Currency","2011/04/14",1170.55
"Currency","2011/04/13",1170.00
"Currency","2011/04/12",1170.00
"Currency","2011/04/11",1170.00
"Currency","2011/04/10",1170.00
"Currency","2011/04/08",1170.05
"Currency","2011/04/07",1170.00
"Currency","2011/04/06",1170.00
"Currency","2011/04/05",1170.50
"Currency","2011/04/04",1177.90
"Currency","2011/04/03",1171.30
"Currency","2011/04/01",1170.50
"Currency","2011/03/31",1170.50
"Currency","2011/03/30",1170.50
"Currency","2011/03/29",1170.50
"Currency","2011/03/28",1170.50
"Currency","2011/03/25",1170.50
"Currency","2011/03/24",1170.55
"Currency","2011/03/23",1170.50
"Currency","2011/03/22",1170.50
"Currency","2011/03/21",1170.50
"Currency","2011/03/20",1174.15
"Currency","2011/03/18",1170.53
"Currency","2011/03/17",1170.55
"Currency","2011/03/16",1170.00
"Currency","2011/03/15",1178.30
"Currency","2011/03/14",1170.55
"Currency","2011/03/13",1156.85
"Currency","2011/03/11",1170.00
"Currency","2011/03/10",1170.50
"Currency","2011/03/09",1170.00
"Currency","2011/03/08",1170.50
"Currency","2011/03/07",1170.55
"Currency","2011/03/06",1176.25
"Currency","2011/03/04",1170.00
"Currency","2011/03/03",1179.15
"Currency","2011/03/02",1170.00
"Currency","2011/03/01",1170.00
"Currency","2011/02/28",1170.50
"Currency","2011/02/27",1170.53
"Currency","2011/02/25",1170.53
"Currency","2011/02/24",1170.53
"Currency","2011/02/23",1170.50
"Currency","2011/02/22",1170.50
"Currency","2011/02/21",1170.50
"Currency","2011/02/20",1165.10
"Currency","2011/02/18",1170.53
"Currency","2011/02/17",1170.53
"Currency","2011/02/16",1170.55
"Currency","2011/02/15",1170.50
"Currency","2011/02/14",1170.50
"Currency","2011/02/13",1175.55
"Currency","2011/02/11",1170.00
"Currency","2011/02/10",1170.05
"Currency","2011/02/09",1169.75
"Currency","2011/02/08",1170.00
"Currency","2011/02/07",1170.50
"Currency","2011/02/06",1181.80
"Currency","2011/02/04",1170.50
"Currency","2011/02/03",1170.25
"Currency","2011/02/02",1170.00
"Currency","2011/02/01",1169.50
"Currency","2011/01/31",1169.50
"Currency","2011/01/30",1187.15
"Currency","2011/01/28",1177.15
"Currency","2011/01/27",1178.95
"Currency","2011/01/26",1179.40
"Currency","2011/01/25",1169.88
"Currency","2011/01/24",1169.88
"Currency","2011/01/23",1172.45
"Currency","2011/01/21",1169.40
"Currency","2011/01/20",1181.90
"Currency","2011/01/19",1170.00
"Currency","2011/01/18",1169.75
"Currency","2011/01/17",1169.50
"Currency","2011/01/16",1180.90
"Currency","2011/01/14",1169.75
"Currency","2011/01/13",1169.75
"Currency","2011/01/12",1169.50
"Currency","2011/01/11",1177.50
"Currency","2011/01/10",1168.25
"Currency","2011/01/09",1174.05
"Currency","2011/01/07",1169.50
"Currency","2011/01/06",1169.53
"Currency","2011/01/05",1169.50
"Currency","2011/01/04",1169.55
"Currency","2011/01/03",1169.50
"Currency","2011/01/02",1168.90
"Currency","2010/12/31",1169.50
"Currency","2010/12/30",1169.50
"Currency","2010/12/29",1169.50
"Currency","2010/12/28",1169.50
"Currency","2010/12/27",1169.53
"Currency","2010/12/26",1169.50
"Currency","2010/12/24",1169.50
"Currency","2010/12/23",1169.53
"Currency","2010/12/22",1169.55
"Currency","2010/12/21",1169.50
"Currency","2010/12/20",1169.55
"Currency","2010/12/19",1177.15
"Currency","2010/12/17",1169.50
"Currency","2010/12/16",1169.50
"Currency","2010/12/15",1169.55
"Currency","2010/12/14",1169.53
"Currency","2010/12/13",1169.53
"Currency","2010/12/12",1169.50
"Currency","2010/12/10",1169.53
"Currency","2010/12/09",1169.53
"Currency","2010/12/08",1169.50
"Currency","2010/12/07",1169.55
"Currency","2010/12/06",1169.50
"Currency","2010/12/05",1153.85
"Currency","2010/12/03",1169.53
"Currency","2010/12/02",1169.55
"Currency","2010/12/01",1169.50
"Currency","2010/11/30",1169.47
"Currency","2010/11/29",1169.53
"Currency","2010/11/28",1169.50
"Currency","2010/11/26",1169.50
"Currency","2010/11/25",1167.95
"Currency","2010/11/24",1169.50
"Currency","2010/11/23",1169.50
"Currency","2010/11/22",1169.50
"Currency","2010/11/21",1165.85
"Currency","2010/11/19",1169.00
"Currency","2010/11/18",1169.53
"Currency","2010/11/17",1169.75
"Currency","2010/11/16",1169.28
"Currency","2010/11/15",1169.25
"Currency","2010/11/14",1170.60
"Currency","2010/11/12",1169.28
"Currency","2010/11/11",1169.28
"Currency","2010/11/10",1169.28
"Currency","2010/11/09",1169.30
"Currency","2010/11/08",1169.30
"Currency","2010/11/07",1169.25
"Currency","2010/11/05",1169.25
"Currency","2010/11/04",1169.28
"Currency","2010/11/03",1169.25
"Currency","2010/11/02",1168.75
"Currency","2010/11/01",1168.78
"Currency","2010/10/31",1161.55
"Currency","2010/10/29",1169.28
"Currency","2010/10/28",1169.25
"Currency","2010/10/27",1169.50
"Currency","2010/10/26",1169.40
"Currency","2010/10/25",1123.10
"Currency","2010/10/24",1165.20
"Currency","2010/10/22",1169.53
"Currency","2010/10/21",1169.50
"Currency","2010/10/20",1169.53
"Currency","2010/10/19",1169.53
"Currency","2010/10/18",1163.35
"Currency","2010/10/17",1177.70
"Currency","2010/10/15",1169.30
"Currency","2010/10/14",1169.30
"Currency","2010/10/13",1169.75
"Currency","2010/10/12",1169.28
"Currency","2010/10/11",1173.10
"Currency","2010/10/10",1165.65
"Currency","2010/10/08",1169.28
"Currency","2010/10/07",1169.25
"Currency","2010/10/06",1169.00
"Currency","2010/10/05",1169.25
"Currency","2010/10/04",1169.30
"Currency","2010/10/03",1163.05
"Currency","2010/10/01",1169.25
"Currency","2010/09/30",1168.65
"Currency","2010/09/29",1169.30
"Currency","2010/09/28",1169.25
"Currency","2010/09/27",1169.00
"Currency","2010/09/26",1162.40
"Currency","2010/09/24",1169.50
"Currency","2010/09/23",1171.05
"Currency","2010/09/22",1171.00
"Currency","2010/09/21",1171.03
"Currency","2010/09/20",1170.88
"Currency","2010/09/19",1174.50
"Currency","2010/09/17",1170.50
"Currency","2010/09/16",1170.00
"Currency","2010/09/15",1170.05
"Currency","2010/09/14",1170.03
"Currency","2010/09/13",1170.00
"Currency","2010/09/12",1174.05
"Currency","2010/09/10",1170.03
"Currency","2010/09/09",1169.55
"Currency","2010/09/08",1170.03
"Currency","2010/09/07",1170.00
"Currency","2010/09/06",1171.30
"Currency","2010/09/05",1167.10
"Currency","2010/09/03",1170.03
"Currency","2010/09/02",1170.00
"Currency","2010/09/01",1170.00
"Currency","2010/08/31",1171.05
"Currency","2010/08/30",1170.60
"Currency","2010/08/29",1166.20
"Currency","2010/08/27",1170.70
"Currency","2010/08/26",1171.35
"Currency","2010/08/25",1171.45
"Currency","2010/08/24",1171.05
"Currency","2010/08/23",1172.00
"Currency","2010/08/22",1169.00
"Currency","2010/08/20",1170.30
"Currency","2010/08/19",1168.90
"Currency","2010/08/18",1168.80
"Currency","2010/08/17",1169.20
"Currency","2010/08/16",1167.25
"Currency","2010/08/15",1172.15
"Currency","2010/08/13",1170.05
"Currency","2010/08/12",1170.00
"Currency","2010/08/11",1170.05
"Currency","2010/08/10",1170.00
"Currency","2010/08/09",1170.00
"Currency","2010/08/08",1160.05
"Currency","2010/08/06",1170.03
"Currency","2010/08/05",1169.00
"Currency","2010/08/04",1170.03
"Currency","2010/08/03",1170.05
"Currency","2010/08/02",1170.03
"Currency","2010/08/01",1164.70
"Currency","2010/07/30",1170.03
"Currency","2010/07/27",1167.75
"Currency","2010/07/26",1171.00
"Currency","2010/07/25",1177.85
"Currency","2010/07/23",1170.00
"Currency","2010/07/22",1170.03
"Currency","2010/07/21",1170.03
"Currency","2010/07/20",1170.00
"Currency","2010/07/19",1169.88
"Currency","2010/07/18",1151.00
"Currency","2010/07/16",1169.88
"Currency","2010/07/15",1169.50
"Currency","2010/07/14",1143.70
"Currency","2010/07/13",1170.00
"Currency","2010/07/12",1169.90
"Currency","2010/07/11",1146.60
"Currency","2010/07/09",1144.10
"Currency","2010/07/08",1170.05
"Currency","2010/07/07",1170.00
"Currency","2010/07/06",1170.05
"Currency","2010/07/05",1144.20
"Currency","2010/07/04",1138.00
"Currency","2010/07/02",1170.12
"Currency","2010/07/01",1170.05
"Currency","2010/06/30",1170.00
"Currency","2010/06/29",1169.88
"Currency","2010/06/28",1170.00
"Currency","2010/06/27",1139.10
"Currency","2010/06/25",1169.50
"Currency","2010/06/24",1170.00
"Currency","2010/06/23",1169.88
"Currency","2010/06/22",1169.78
"Currency","2010/06/21",1169.62
"Currency","2010/06/20",1142.00
"Currency","2010/06/18",1169.90
"Currency","2010/06/17",1169.88
"Currency","2010/06/16",1169.62
"Currency","2010/06/15",1169.62
"Currency","2010/06/14",1170.03
"Currency","2010/06/13",1144.10
"Currency","2010/06/11",1170.00
"Currency","2010/06/10",1143.20
"Currency","2010/06/09",1170.00
"Currency","2010/06/08",1170.00
"Currency","2010/06/07",1169.78
"Currency","2010/06/06",1159.60
"Currency","2010/06/04",1169.75
"Currency","2010/06/03",1169.75
"Currency","2010/06/02",1169.62
"Currency","2010/06/01",1169.75
"Currency","2010/05/31",1143.20
"Currency","2010/05/30",1156.60
"Currency","2010/05/28",1169.72
"Currency","2010/05/27",1169.50
"Currency","2010/05/26",1169.50
"Currency","2010/05/25",1170.00
"Currency","2010/05/24",1170.25
"Currency","2010/05/21",1170.25
"Currency","2010/05/20",1170.00
"Currency","2010/05/19",1130.80
"Currency","2010/05/18",1170.30
"Currency","2010/05/17",1137.00
"Currency","2010/05/16",1154.10
"Currency","2010/05/14",1170.25
"Currency","2010/05/13",1170.30
"Currency","2010/05/12",1170.38
"Currency","2010/05/11",1170.75
"Currency","2010/05/10",1145.70
"Currency","2010/05/09",1150.20
"Currency","2010/05/07",1170.05
"Currency","2010/05/06",1170.00
"Currency","2010/05/05",1169.65
"Currency","2010/05/04",1169.88
"Currency","2010/05/03",1169.50
"Currency","2010/05/02",1169.25
"Currency","2010/04/30",1170.00
"Currency","2010/04/29",1170.00
"Currency","2010/04/28",1170.00
"Currency","2010/04/27",1169.50
"Currency","2010/04/26",1168.00
"Currency","2010/04/25",1168.12
"Currency","2010/04/23",1168.12
"Currency","2010/04/22",1168.00
"Currency","2010/03/08",1167.00
"Currency","2010/03/07",1165.05
"Currency","2010/03/05",1167.55
"Currency","2010/03/04",1166.60
"Currency","2010/03/03",1166.15
"Currency","2010/03/02",1165.25
"Currency","2010/03/01",1171.55
"Currency","2010/02/28",1159.55
"Currency","2010/02/26",1164.95
"Currency","2010/02/25",1165.85
"Currency","2010/02/24",1165.75
"Currency","2010/02/23",1167.10
"Currency","2010/02/22",1167.05
"Currency","2010/02/21",1163.75
"Currency","2010/02/19",1166.35
"Currency","2010/02/18",1166.60
"Currency","2010/02/17",1167.35
"Currency","2010/02/16",1164.55
"Currency","2010/02/15",1164.80
"Currency","2010/02/14",1165.05
"Currency","2010/02/12",1165.05
"Currency","2010/02/11",1165.35
"Currency","2010/02/10",1164.80
"Currency","2010/02/09",1164.85
"Currency","2010/02/08",1164.95
"Currency","2010/02/07",1168.45
"Currency","2010/02/05",1165.85
"Currency","2010/02/04",1166.85
"Currency","2010/02/03",1167.30
"Currency","2010/02/02",1152.50
"Currency","2010/02/01",1153.30
"Currency","2010/01/31",1161.05
"Currency","2010/01/29",1153.35
"Currency","2010/01/28",1152.70
"Currency","2010/01/27",1152.60
"Currency","2010/01/26",1153.60
"Currency","2010/01/25",1154.60
"Currency","2010/01/24",1149.70
"Currency","2010/01/22",1152.95
"Currency","2010/01/21",1152.65
"Currency","2010/01/20",1153.65
"Currency","2010/01/19",1152.75
"Currency","2010/01/18",1153.40
"Currency","2010/01/17",1152.85
"Currency","2010/01/15",1153.35
"Currency","2010/01/14",1153.55
"Currency","2010/01/13",1153.15
"Currency","2010/01/12",1152.90
"Currency","2010/01/11",1152.95
"Currency","2010/01/10",1153.70
"Currency","2010/01/08",1153.70
"Currency","2010/01/07",1152.55
"Currency","2010/01/06",1152.80
"Currency","2010/01/05",1153.10
"Currency","2010/01/04",1151.10
"Currency","2010/01/03",1152.50
"Currency","2010/01/01",1152.50
"Currency","2009/12/31",1152.50
"Currency","2009/12/30",1152.40
"Currency","2009/12/29",1153.30
"Currency","2009/12/28",1153.00
"Currency","2009/12/27",1152.80
"Currency","2009/12/25",1152.80
"Currency","2009/12/24",1152.80
"Currency","2009/12/23",1152.95
"Currency","2009/12/22",1152.40
"Currency","2009/12/21",1152.90
"Currency","2009/12/20",1152.70
"Currency","2009/12/18",1152.70
"Currency","2009/12/17",1153.20
"Currency","2009/12/16",1152.80
"Currency","2009/12/15",1152.90
"Currency","2009/12/14",1152.90
"Currency","2009/12/13",1166.05
"Currency","2009/12/11",1165.10
"Currency","2009/12/10",1153.15
"Currency","2009/12/09",1153.00
"Currency","2009/12/08",1153.35
"Currency","2009/12/07",1152.80
"Currency","2009/12/06",1169.20
"Currency","2009/12/04",1152.70
"Currency","2009/12/03",1153.05
"Currency","2009/12/02",1156.20
"Currency","2009/12/01",1151.40
"Currency","2009/11/30",1153.65
"Currency","2009/11/29",1148.65
"Currency","2009/11/27",1153.15
"Currency","2009/11/26",1153.00
"Currency","2009/11/25",1152.30
"Currency","2009/11/24",1153.00
"Currency","2009/11/23",1152.65
"Currency","2009/11/22",1152.25
"Currency","2009/11/20",1153.60
"Currency","2009/11/19",1153.10
"Currency","2009/11/18",1153.25
"Currency","2009/11/17",1155.05
"Currency","2009/11/16",1152.95
"Currency","2009/11/15",1151.40
"Currency","2009/11/13",1151.40
"Currency","2009/11/12",1152.70
"Currency","2009/11/11",1152.85
"Currency","2009/11/10",1152.65
"Currency","2009/11/09",1152.90
"Currency","2009/11/08",1153.20
"Currency","2009/11/06",1153.20
"Currency","2009/11/05",1153.75
"Currency","2009/11/04",1143.45
"Currency","2009/11/03",1152.50
"Currency","2009/11/02",1153.20
"Currency","2009/11/01",1158.95
"Currency","2009/10/30",1152.75
"Currency","2009/10/29",1144.20
"Currency","2009/10/28",1157.60
"Currency","2009/10/27",1153.65
"Currency","2009/10/26",1152.65
"Currency","2009/10/25",1155.30
"Currency","2009/10/23",1155.30
"Currency","2009/10/22",1152.85
"Currency","2009/10/21",1153.35
"Currency","2009/10/20",1153.05
"Currency","2009/10/19",1152.90
"Currency","2009/10/18",1154.25
"Currency","2009/10/16",1154.00
"Currency","2009/10/15",1153.20
"Currency","2009/10/14",1152.80
"Currency","2009/10/13",1150.80
"Currency","2009/10/12",1153.10
"Currency","2009/10/11",1155.30
"Currency","2009/10/09",1151.90
"Currency","2009/10/08",1153.20
"Currency","2009/10/07",1153.45
"Currency","2009/10/06",1152.90
"Currency","2009/10/05",1153.30
"Currency","2009/10/04",1148.80
"Currency","2009/10/02",1153.15
"Currency","2009/10/01",1154.45
"Currency","2009/09/30",1153.25
"Currency","2009/09/29",1153.50
"Currency","2009/09/28",1153.60
"Currency","2009/09/27",1153.85
"Currency","2009/09/25",1153.45
"Currency","2009/09/24",1161.75
"Currency","2009/09/23",1152.90
"Currency","2009/09/22",1153.20
"Currency","2009/09/21",1151.25
"Currency","2009/09/20",1153.40
"Currency","2009/09/18",1152.90
"Currency","2009/09/17",1152.00
"Currency","2009/09/16",1152.85
"Currency","2009/09/15",1152.60
"Currency","2009/09/14",1152.90
"Currency","2009/09/13",1152.85
"Currency","2009/09/11",1152.85
"Currency","2009/09/10",1149.90
"Currency","2009/09/09",1153.60
"Currency","2009/09/08",1153.00
"Currency","2009/09/07",1153.10
"Currency","2009/09/06",1151.75
"Currency","2009/09/04",1152.40
"Currency","2009/09/03",1153.10
"Currency","2009/09/02",1153.30
"Currency","2009/09/01",1152.20
"Currency","2009/08/31",1131.90
"Currency","2009/08/30",1131.90
"Currency","2009/08/28",1136.10
"Currency","2009/08/27",1131.80
"Currency","2009/08/26",1132.00
"Currency","2009/08/25",1131.70
"Currency","2009/08/24",1133.10
"Currency","2009/08/23",1134.00
"Currency","2009/08/21",1132.30
"Currency","2009/08/20",1133.00
"Currency","2009/08/19",1121.70
"Currency","2009/08/18",1132.10
"Currency","2009/08/17",1131.90
"Currency","2009/08/16",1137.50
"Currency","2009/08/14",1130.80
"Currency","2009/08/13",1132.10
"Currency","2009/08/12",1131.80
"Currency","2009/08/11",1131.20
"Currency","2009/08/10",1132.20
"Currency","2009/08/09",1151.90
"Currency","2009/08/07",1137.60
"Currency","2009/08/06",1137.40
"Currency","2009/08/05",1135.70
"Currency","2009/08/04",1136.80
"Currency","2009/08/03",1136.60
"Currency","2009/07/31",1137.20
"Currency","2009/07/30",1136.80
"Currency","2009/07/29",1136.70
"Currency","2009/07/28",1136.70
"Currency","2009/07/27",1136.70
"Currency","2009/07/26",1139.30
"Currency","2009/07/24",1136.80
"Currency","2009/07/23",1136.70
"Currency","2009/07/22",1137.20
"Currency","2009/07/21",1136.80
"Currency","2009/07/20",1136.90
"Currency","2009/07/19",1134.10
"Currency","2009/07/17",1136.10
"Currency","2009/07/16",1133.80
"Currency","2009/07/15",1136.80
"Currency","2009/07/14",1135.70
"Currency","2009/07/13",1136.40
"Currency","2009/07/12",1134.30
"Currency","2009/07/10",1135.80
"Currency","2009/07/09",1136.40
"Currency","2009/07/08",1136.70
"Currency","2009/07/07",1136.80
"Currency","2009/07/06",1145.70
"Currency","2009/07/05",1146.60
"Currency","2009/07/03",1146.20
"Currency","2009/07/02",1145.90
"Currency","2009/07/01",1146.00
"Currency","2009/06/30",1146.00
"Currency","2009/06/29",1144.20
"Currency","2009/06/28",1148.80
"Currency","2009/06/26",1145.20
"Currency","2009/06/25",1145.70
"Currency","2009/06/24",1145.50
"Currency","2009/06/23",1145.60
"Currency","2009/06/22",1145.60
"Currency","2009/06/21",1140.50
"Currency","2009/06/19",1145.30
"Currency","2009/06/18",1148.20
"Currency","2009/06/17",1145.70
"Currency","2009/06/16",1145.10
"Currency","2009/06/15",1148.30
"Currency","2009/06/14",1146.00
"Currency","2009/06/12",1146.00
"Currency","2009/06/11",1147.00
"Currency","2009/06/10",1146.00
"Currency","2009/06/09",1145.60
"Currency","2009/06/08",1145.10
"Currency","2009/06/07",1161.70
"Currency","2009/06/05",1144.90
"Currency","2009/06/04",1148.20
"Currency","2009/06/03",1146.10
"Currency","2009/06/02",1146.90
"Currency","2009/06/01",1143.90
"Currency","2009/04/30",1170.00
"Currency","2009/03/31",1170.00
"Currency","2009/02/28",1170.00
"Currency","2009/01/31",1170.29
"Currency","2008/12/31",1172.06
"Currency","2008/11/30",1174.83
"Currency","2008/10/31",1177.60
"Currency","2008/09/30",1181.29
"Currency","2008/08/31",1186.62
"Currency","2008/07/31",1192.80
"Currency","2008/06/30",1196.52
"Currency","2008/05/31",1199.44
"Currency","2008/04/30",1203.39
"Currency","2008/03/31",1208.00
"Currency","2008/02/29",1210.11
"Currency","2008/01/31",1212.00
"Currency","2007/12/31",1217.00
"Currency","2007/11/30",1227.00
"Currency","2007/10/31",1232.00
"Currency","2007/09/30",1235.00
"Currency","2007/08/31",1240.00
"Currency","2007/07/31",1249.00
"Currency","2007/06/30",1256.00
"Currency","2007/05/31",1262.00
"Currency","2007/04/30",1271.00
"Currency","2007/03/31",1277.00
"Currency","2007/02/28",1286.00
"Currency","2007/01/31",1304.00
"Currency","2006/12/31",1391.00
"Currency","2006/11/30",1453.00
"Currency","2006/10/31",1471.00
"Currency","2006/09/30",1475.00
"Currency","2006/08/31",1477.00
"Currency","2006/07/31",1477.00
"Currency","2006/06/30",1477.00
"Currency","2006/05/31",1477.00
"Currency","2006/04/30",1478.00
"Currency","2006/03/31",1477.00
"Currency","2006/02/28",1477.00
"Currency","2006/01/31",1479.00
"Currency","2005/12/31",1474.00
"Currency","2005/11/30",1474.00
"Currency","2005/10/31",1471.00
"Currency","2005/09/30",1476.00
"Currency","2005/08/31",1477.00
"Currency","2005/07/31",1472.00
"Currency","2005/06/30",1465.00
"Currency","2005/05/31",1469.00
"Currency","2005/04/30",1465.00
"Currency","2005/03/31",1461.00
"Currency","2005/02/28",1460.00
"Currency","2005/01/31",1460.00
"Currency","2004/12/30",1460.00
"Currency","2004/12/29",1460.00
"Currency","2004/12/28",1460.00
"Currency","2004/12/27",1460.00
"Currency","2004/12/26",1460.00
"Currency","2004/12/25",1460.00
"Currency","2004/12/23",1460.00
"Currency","2004/12/22",1460.00
"Currency","2004/12/21",1460.00
"Currency","2004/12/20",1460.00
"Currency","2004/12/19",1460.00
"Currency","2004/12/18",1460.00
"Currency","2004/12/16",1460.00
"Currency","2004/12/15",1460.00
"Currency","2004/12/14",1460.00
"Currency","2004/12/13",1460.00
"Currency","2004/12/12",1460.00
"Currency","2004/12/11",1460.00
"Currency","2004/12/09",1460.00
"Currency","2004/12/08",1460.00
"Currency","2004/12/07",1460.00
"Currency","2004/12/06",1460.00
"Currency","2004/12/05",1460.00
"Currency","2004/12/04",1460.00
"Currency","2004/12/02",1460.00
"Currency","2004/12/01",1460.00
"Currency","2004/11/30",1460.00
"Currency","2004/11/29",1460.00
"Currency","2004/11/28",1460.00
"Currency","2004/11/27",1460.00
"Currency","2004/11/25",1460.00
"Currency","2004/11/24",1460.00
"Currency","2004/11/23",1460.00
"Currency","2004/11/22",1460.00
"Currency","2004/11/21",1460.00
"Currency","2004/11/20",1460.00
"Currency","2004/11/18",1460.00
"Currency","2004/11/17",1460.00
"Currency","2004/11/13",1460.00
"Currency","2004/11/11",1460.00
"Currency","2004/11/10",1460.00
"Currency","2004/11/09",1460.00
"Currency","2004/11/08",1460.00
"Currency","2004/11/07",1460.00
"Currency","2004/11/06",1460.00
"Currency","2004/11/04",1460.00
"Currency","2004/11/03",1460.00
"Currency","2004/11/02",1460.00
"Currency","2004/11/01",1460.00
"Currency","2004/10/31",1460.00
"Currency","2004/10/30",1460.00
"Currency","2004/10/29",1460.00
"Currency","2004/10/27",1460.00
"Currency","2004/10/26",1460.00
"Currency","2004/10/25",1460.00
"Currency","2004/10/24",1460.00
"Currency","2004/10/23",1460.00
"Currency","2004/10/22",1460.00
"Currency","2004/10/20",1460.00
"Currency","2004/10/19",1460.00
"Currency","2004/10/18",1460.00
"Currency","2004/10/17",1460.00
"Currency","2004/10/16",1460.00
"Currency","2004/10/15",1460.00
"Currency","2004/10/14",1460.00
"Currency","2004/10/13",1460.00
"Currency","2004/10/12",1460.00
"Currency","2004/10/11",1460.00
"Currency","2004/10/10",1460.00
"Currency","2004/10/09",1460.00
"Currency","2004/10/07",1460.00
"Currency","2004/10/06",1460.00
"Currency","2004/10/05",1460.00
"Currency","2004/10/04",1460.00
"Currency","2004/10/03",1460.00
"Currency","2004/10/02",1460.00
"Currency","2004/09/30",1460.00
"Currency","2004/09/29",1465.00
"Currency","2004/09/28",1465.00
"Currency","2004/09/27",1465.00
"Currency","2004/09/26",1460.00
"Currency","2004/09/25",1460.00
"Currency","2004/09/23",1460.00
"Currency","2004/09/22",1460.00
"Currency","2004/09/21",1460.00
"Currency","2004/09/20",1460.00
"Currency","2004/09/19",1460.00
"Currency","2004/09/18",1460.00
"Currency","2004/09/16",1460.00
"Currency","2004/09/15",1460.00
"Currency","2004/09/14",1460.00
"Currency","2004/09/13",1460.00
"Currency","2004/09/12",1460.00
"Currency","2004/09/11",1460.00
"Currency","2004/09/09",1460.00
"Currency","2004/09/08",1460.00
"Currency","2004/09/07",1460.00
"Currency","2004/09/06",1460.00
"Currency","2004/09/05",1460.00
"Currency","2004/09/04",1460.00
"Currency","2004/09/02",1460.00
"Currency","2004/09/01",1460.00
"Currency","2004/08/31",1460.00
"Currency","2004/08/30",1460.00
"Currency","2004/08/29",1460.00
"Currency","2004/08/28",1460.00
"Currency","2004/08/26",1460.00
"Currency","2004/08/25",1460.00
"Currency","2004/08/24",1460.00
"Currency","2004/08/23",1460.00
"Currency","2004/08/22",1460.00
"Currency","2004/08/21",1460.00
"Currency","2004/08/19",1460.00
"Currency","2004/08/18",1460.00
"Currency","2004/08/17",1460.00
"Currency","2004/08/16",1460.00
"Currency","2004/08/15",1460.00
"Currency","2004/08/14",1460.00
"Currency","2004/08/12",1460.00
"Currency","2004/08/11",1460.00
"Currency","2004/08/10",1460.00
"Currency","2004/08/09",1460.00
"Currency","2004/08/08",1460.00
"Currency","2004/08/07",1460.00
"Currency","2004/08/05",1460.00
"Currency","2004/08/04",1460.00
"Currency","2004/08/03",1460.00
"Currency","2004/08/02",1460.00
"Currency","2004/08/01",1460.00
"Currency","2004/07/31",1460.00
"Currency","2004/07/29",1460.00
"Currency","2004/07/28",1460.00
"Currency","2004/07/27",1460.00
"Currency","2004/07/26",1460.00
"Currency","2004/07/25",1460.00
"Currency","2004/07/24",1460.00
"Currency","2004/07/22",1460.00
"Currency","2004/07/21",1460.00
"Currency","2004/07/20",1460.00
"Currency","2004/07/19",1460.00
"Currency","2004/07/18",1460.00
"Currency","2004/07/17",1460.00
"Currency","2004/07/15",1460.00
"Currency","2004/07/13",1460.00
"Currency","2004/07/12",1460.00
"Currency","2004/07/11",1460.00
"Currency","2004/07/10",1460.00
"Currency","2004/07/08",1460.00
"Currency","2004/07/07",1460.00
"Currency","2004/07/06",1460.00
"Currency","2004/07/05",1460.00
"Currency","2004/07/04",1460.00
"Currency","2004/07/03",1460.00
"Currency","2004/06/29",1460.00
"Currency","2004/06/28",1460.00
"Currency","2004/06/27",1460.00
"Currency","2004/06/26",1460.00
"Currency","2004/06/24",1460.00
"Currency","2004/06/23",1460.00
"Currency","2004/06/22",1460.00
"Currency","2004/06/21",1460.00
"Currency","2004/06/20",1460.00
"Currency","2004/06/19",1460.00
"Currency","2004/06/17",1460.00
"Currency","2004/06/16",1455.00
"Currency","2004/06/15",1455.00
"Currency","2004/06/14",1455.00
"Currency","2004/06/13",1455.00
"Currency","2004/06/12",1455.00
"Currency","2004/06/10",1455.00
"Currency","2004/06/09",1455.00
"Currency","2004/06/08",1455.00
"Currency","2004/06/07",1455.00
"Currency","2004/06/06",1455.00
"Currency","2004/06/05",1460.00
"Currency","2004/06/03",1460.00
"Currency","2004/06/02",1460.00
"Currency","2004/06/01",1460.00
"Currency","2004/05/31",1460.00
"Currency","2004/05/30",1460.00
"Currency","2004/05/29",1460.00
"Currency","2004/05/27",1460.00
"Currency","2004/05/26",1460.00
"Currency","2004/05/25",1460.00
"Currency","2004/05/24",1465.00
"Currency","2004/05/23",1465.00
"Currency","2004/05/22",1465.00
"Currency","2004/05/20",1465.00
"Currency","2004/05/19",1465.00
"Currency","2004/05/18",1465.00
"Currency","2004/05/17",1465.00
"Currency","2004/05/16",1465.00
"Currency","2004/05/15",1460.00
"Currency","2004/05/13",1460.00
"Currency","2004/05/12",1465.00
"Currency","2004/05/11",1460.00
"Currency","2004/05/10",1460.00
"Currency","2004/05/09",1460.00
"Currency","2004/05/08",1460.00
"Currency","2004/05/06",1460.00
"Currency","2004/05/05",1460.00
"Currency","2004/05/04",1455.00
"Currency","2004/05/03",1450.00
"Currency","2004/04/28",1440.00
"Currency","2004/04/27",1440.00
"Currency","2004/04/26",1440.00
"Currency","2004/04/25",1440.00
"Currency","2004/04/24",1440.00
"Currency","2004/04/23",1440.00
"Currency","2004/04/21",1445.00
"Currency","2004/04/20",1450.00
"Currency","2004/04/19",1455.00
"Currency","2004/04/18",1460.00
"Currency","2004/04/17",1460.00
"Currency","2004/04/16",1460.00
"Currency","2004/04/14",1445.00
"Currency","2004/04/13",1445.00
"Currency","2004/04/12",1445.00
"Currency","2004/04/11",1440.00
"Currency","2004/04/07",1425.00
"Currency","2004/04/06",1425.00
"Currency","2004/04/05",1425.00
"Currency","2004/04/04",1425.00
"Currency","2004/04/03",1425.00
"Currency","2004/04/02",1425.00
"Currency","2004/04/01",1425.00
"Currency","2004/03/30",1425.00
"Currency","2004/03/29",1425.00
"Currency","2004/03/28",1425.00
"Currency","2004/03/27",1425.00
"Currency","2004/03/26",1425.00
"Currency","2004/03/24",1425.00
"Currency","2004/03/23",1425.00
"Currency","2004/03/22",1420.00
"Currency","2004/03/21",1415.00
"Currency","2004/03/19",1410.00
"Currency","2004/03/17",1410.00
"Currency","2004/03/16",1415.00
"Currency","2004/03/15",1410.00
"Currency","2004/03/14",1415.00
"Currency","2004/03/13",1415.00
"Currency","2004/03/12",1415.00
"Currency","2004/03/10",1415.00
"Currency","2004/03/09",1410.00
"Currency","2004/03/08",1400.00
"Currency","2004/03/07",1420.00
"Currency","2004/03/06",1425.00
"Currency","2004/03/05",1425.00
"Currency","2004/03/03",1425.00
"Currency","2004/03/01",1425.00
"Currency","2004/02/29",1425.00
"Currency","2004/02/28",1425.00
"Currency","2004/02/26",1425.00
"Currency","2004/02/25",1425.00
"Currency","2004/02/24",1425.00
"Currency","2004/02/23",1425.00
"Currency","2004/02/19",1415.00
"Currency","2004/02/18",1415.00
"Currency","2004/02/17",1400.00
"Currency","2004/02/16",1400.00
"Currency","2004/02/15",1400.00
"Currency","2004/02/14",1420.00
"Currency","2004/02/12",1450.00
"Currency","2004/02/11",1440.00
"Currency","2004/02/10",1430.00
"Currency","2004/02/09",1385.00
"Currency","2004/02/08",1370.00
"Currency","2004/02/07",1360.00
"Currency","2004/01/31",1360.00
"Currency","2004/01/29",1370.00
"Currency","2004/01/28",1370.00
"Currency","2004/01/27",1365.00
"Currency","2004/01/26",1365.00
"Currency","2004/01/25",1375.00
"Currency","2004/01/24",1400.00
"Currency","2004/01/22",1400.00
"Currency","2004/01/21",1400.00
"Currency","2004/01/20",1400.00
"Currency","2004/01/19",1430.00
"Currency","2004/01/18",1470.00
"Currency","2004/01/17",1450.00
"Currency","2004/01/14",1405.00
"Currency","2004/01/13",1515.00
"Currency","2004/01/12",1525.00
"Currency","2004/01/11",1520.00
"Currency","2004/01/10",1550.00
"Currency","2004/01/08",1615.00
"Currency","2004/01/07",1625.00
"Currency","2004/01/06",1640.00
"Currency","2004/01/05",1640.00
"Currency","2004/01/04",1640.00
"Currency","2004/01/03",1660.00
"Currency","2004/01/01",1680.00
"","",""
"Data Source: http://www.tradingeconomics.com","",""
"Downloaded from http://vam.wfp.org on 11 Jun 2018","",""
