"Indicator","Time","Value (USD/TJS)"
"Currency","2018/06/08",9.05
"Currency","2018/06/07",9.02
"Currency","2018/06/06",9.02
"Currency","2018/06/05",9.02
"Currency","2018/06/04",9.01
"Currency","2018/06/01",9.01
"Currency","2018/05/31",9.00
"Currency","2018/05/30",9.01
"Currency","2018/05/29",9.00
"Currency","2018/05/28",8.98
"Currency","2018/05/25",8.98
"Currency","2018/05/24",8.98
"Currency","2018/05/23",8.98
"Currency","2018/05/22",8.98
"Currency","2018/05/21",8.98
"Currency","2018/05/18",8.97
"Currency","2018/05/17",8.97
"Currency","2018/05/16",8.96
"Currency","2018/05/15",8.95
"Currency","2018/05/14",8.95
"Currency","2018/05/11",8.95
"Currency","2018/05/10",8.96
"Currency","2018/05/09",8.95
"Currency","2018/05/08",8.96
"Currency","2018/05/07",8.96
"Currency","2018/05/04",8.96
"Currency","2018/05/03",8.97
"Currency","2018/05/02",8.91
"Currency","2018/05/01",8.88
"Currency","2018/04/30",8.88
"Currency","2018/04/27",8.88
"Currency","2018/04/26",8.88
"Currency","2018/04/25",8.88
"Currency","2018/04/24",8.87
"Currency","2018/04/23",8.86
"Currency","2018/04/20",8.86
"Currency","2018/04/19",8.86
"Currency","2018/04/18",8.84
"Currency","2018/04/17",8.84
"Currency","2018/04/16",8.86
"Currency","2018/04/13",8.84
"Currency","2018/04/12",8.83
"Currency","2018/04/11",8.83
"Currency","2018/04/10",8.82
"Currency","2018/04/09",8.82
"Currency","2018/04/06",8.82
"Currency","2018/04/05",8.82
"Currency","2018/04/04",8.82
"Currency","2018/04/03",8.82
"Currency","2018/04/02",8.81
"Currency","2018/03/30",8.81
"Currency","2018/03/29",8.82
"Currency","2018/03/28",8.82
"Currency","2018/03/27",8.82
"Currency","2018/03/26",8.82
"Currency","2018/03/23",8.82
"Currency","2018/03/22",8.82
"Currency","2018/03/21",8.82
"Currency","2018/03/20",8.82
"Currency","2018/03/19",8.82
"Currency","2018/03/16",8.82
"Currency","2018/03/15",8.82
"Currency","2018/03/14",8.82
"Currency","2018/03/13",8.82
"Currency","2018/03/12",8.82
"Currency","2018/03/09",8.82
"Currency","2018/03/08",8.82
"Currency","2018/03/07",8.82
"Currency","2018/03/06",8.82
"Currency","2018/03/05",8.82
"Currency","2018/03/02",8.81
"Currency","2018/03/01",8.81
"Currency","2018/02/28",8.82
"Currency","2018/02/27",8.81
"Currency","2018/02/26",8.82
"Currency","2018/02/23",8.82
"Currency","2018/02/22",8.82
"Currency","2018/02/21",8.82
"Currency","2018/02/20",8.82
"Currency","2018/02/19",8.82
"Currency","2018/02/16",8.82
"Currency","2018/02/15",8.81
"Currency","2018/02/14",8.82
"Currency","2018/02/13",8.82
"Currency","2018/02/12",8.81
"Currency","2018/02/09",8.82
"Currency","2018/02/08",8.81
"Currency","2018/02/07",8.82
"Currency","2018/02/06",8.81
"Currency","2018/02/05",8.81
"Currency","2018/02/02",8.82
"Currency","2018/02/01",8.82
"Currency","2018/01/31",8.82
"Currency","2018/01/30",8.82
"Currency","2018/01/29",8.82
"Currency","2018/01/26",8.82
"Currency","2018/01/25",8.81
"Currency","2018/01/24",8.82
"Currency","2018/01/23",8.82
"Currency","2018/01/22",8.82
"Currency","2018/01/19",8.82
"Currency","2018/01/18",8.82
"Currency","2018/01/17",8.82
"Currency","2018/01/16",8.82
"Currency","2018/01/15",8.82
"Currency","2018/01/12",8.82
"Currency","2018/01/11",8.82
"Currency","2018/01/10",8.82
"Currency","2018/01/09",8.82
"Currency","2018/01/08",8.82
"Currency","2018/01/05",8.82
"Currency","2018/01/04",8.82
"Currency","2018/01/03",8.81
"Currency","2018/01/02",8.82
"Currency","2017/12/29",8.81
"Currency","2017/12/28",8.82
"Currency","2017/12/27",8.82
"Currency","2017/12/26",8.82
"Currency","2017/12/22",8.82
"Currency","2017/12/21",8.81
"Currency","2017/12/20",8.81
"Currency","2017/12/19",8.82
"Currency","2017/12/18",8.82
"Currency","2017/12/15",8.82
"Currency","2017/12/14",8.82
"Currency","2017/12/13",8.82
"Currency","2017/12/12",8.82
"Currency","2017/12/11",8.82
"Currency","2017/12/08",8.82
"Currency","2017/12/07",8.82
"Currency","2017/12/06",8.82
"Currency","2017/12/05",8.82
"Currency","2017/12/04",8.81
"Currency","2017/12/01",8.81
"Currency","2017/11/30",8.82
"Currency","2017/11/29",8.81
"Currency","2017/11/28",8.82
"Currency","2017/11/27",8.81
"Currency","2017/11/24",8.81
"Currency","2017/11/23",8.81
"Currency","2017/11/22",8.81
"Currency","2017/11/21",8.81
"Currency","2017/11/20",8.81
"Currency","2017/11/17",8.82
"Currency","2017/11/16",8.81
"Currency","2017/11/15",8.81
"Currency","2017/11/14",8.81
"Currency","2017/11/13",8.80
"Currency","2017/11/10",8.80
"Currency","2017/11/09",8.80
"Currency","2017/11/08",8.80
"Currency","2017/11/07",8.80
"Currency","2017/11/06",8.80
"Currency","2017/11/03",8.80
"Currency","2017/11/02",8.80
"Currency","2017/11/01",8.80
"Currency","2017/10/31",8.80
"Currency","2017/10/30",8.80
"Currency","2017/10/27",8.80
"Currency","2017/10/26",8.80
"Currency","2017/10/25",8.80
"Currency","2017/10/24",8.80
"Currency","2017/10/23",8.79
"Currency","2017/10/21",8.81
"Currency","2017/10/20",8.81
"Currency","2017/10/19",8.80
"Currency","2017/10/18",8.80
"Currency","2017/10/17",8.80
"Currency","2017/10/16",8.79
"Currency","2017/10/13",8.80
"Currency","2017/10/12",8.80
"Currency","2017/10/11",8.79
"Currency","2017/10/10",8.80
"Currency","2017/10/09",8.79
"Currency","2017/10/06",8.80
"Currency","2017/10/05",8.80
"Currency","2017/10/04",8.79
"Currency","2017/10/03",8.80
"Currency","2017/10/02",8.80
"Currency","2017/09/30",8.80
"Currency","2017/09/29",8.80
"Currency","2017/09/28",8.80
"Currency","2017/09/27",8.80
"Currency","2017/09/26",8.80
"Currency","2017/09/25",8.80
"Currency","2017/09/22",8.80
"Currency","2017/09/21",8.80
"Currency","2017/09/20",8.79
"Currency","2017/09/19",8.80
"Currency","2017/09/18",8.80
"Currency","2017/09/16",8.81
"Currency","2017/09/15",8.81
"Currency","2017/09/14",8.80
"Currency","2017/09/13",8.81
"Currency","2017/09/12",8.81
"Currency","2017/09/11",8.81
"Currency","2017/09/09",8.81
"Currency","2017/09/08",8.81
"Currency","2017/09/07",8.81
"Currency","2017/09/06",8.80
"Currency","2017/09/05",8.81
"Currency","2017/09/04",8.81
"Currency","2017/09/01",8.80
"Currency","2017/08/31",8.80
"Currency","2017/08/30",8.81
"Currency","2017/08/29",8.81
"Currency","2017/08/28",8.80
"Currency","2017/08/25",8.79
"Currency","2017/08/24",8.80
"Currency","2017/08/23",8.81
"Currency","2017/08/22",8.81
"Currency","2017/08/21",8.81
"Currency","2017/08/19",8.81
"Currency","2017/08/18",8.81
"Currency","2017/08/17",8.79
"Currency","2017/08/16",8.81
"Currency","2017/08/15",8.81
"Currency","2017/08/14",8.81
"Currency","2017/08/11",8.81
"Currency","2017/08/10",8.80
"Currency","2017/08/09",8.81
"Currency","2017/08/08",8.81
"Currency","2017/08/07",8.81
"Currency","2017/08/05",8.81
"Currency","2017/08/04",8.81
"Currency","2017/08/03",8.81
"Currency","2017/08/02",8.80
"Currency","2017/08/01",8.80
"Currency","2017/07/31",8.79
"Currency","2017/07/28",8.80
"Currency","2017/07/27",8.77
"Currency","2017/07/26",8.78
"Currency","2017/07/25",8.77
"Currency","2017/07/24",8.79
"Currency","2017/07/21",8.81
"Currency","2017/07/20",8.79
"Currency","2017/07/19",8.81
"Currency","2017/07/18",8.81
"Currency","2017/07/17",8.81
"Currency","2017/07/14",8.80
"Currency","2017/07/13",8.80
"Currency","2017/07/12",8.81
"Currency","2017/07/11",8.82
"Currency","2017/07/10",8.80
"Currency","2017/07/07",8.80
"Currency","2017/07/06",8.81
"Currency","2017/07/05",8.78
"Currency","2017/07/04",8.82
"Currency","2017/07/03",8.82
"Currency","2017/06/30",8.80
"Currency","2017/06/29",8.79
"Currency","2017/06/28",8.81
"Currency","2017/06/27",8.81
"Currency","2017/06/26",8.79
"Currency","2017/06/23",8.81
"Currency","2017/06/22",8.81
"Currency","2017/06/21",8.82
"Currency","2017/06/20",8.82
"Currency","2017/06/19",8.81
"Currency","2017/06/16",8.82
"Currency","2017/06/15",8.80
"Currency","2017/06/14",8.82
"Currency","2017/06/13",8.82
"Currency","2017/06/12",8.81
"Currency","2017/06/09",8.82
"Currency","2017/06/08",8.82
"Currency","2017/06/07",8.82
"Currency","2017/06/06",8.82
"Currency","2017/06/05",8.82
"Currency","2017/06/02",8.82
"Currency","2017/06/01",8.82
"Currency","2017/05/31",8.82
"Currency","2017/05/30",8.81
"Currency","2017/05/29",8.82
"Currency","2017/05/26",8.82
"Currency","2017/05/25",8.82
"Currency","2017/05/24",8.82
"Currency","2017/05/23",8.50
"Currency","2017/05/22",8.50
"Currency","2017/05/19",8.50
"Currency","2017/05/18",8.49
"Currency","2017/05/17",8.78
"Currency","2017/05/16",8.49
"Currency","2017/05/15",8.78
"Currency","2017/05/12",8.78
"Currency","2017/05/11",8.82
"Currency","2017/05/10",8.78
"Currency","2017/05/09",8.50
"Currency","2017/05/08",8.81
"Currency","2017/05/05",8.49
"Currency","2017/05/04",8.82
"Currency","2017/05/03",8.49
"Currency","2017/05/02",8.50
"Currency","2017/05/01",8.83
"Currency","2017/04/28",8.81
"Currency","2017/04/27",8.48
"Currency","2017/04/26",8.79
"Currency","2017/04/25",8.81
"Currency","2017/04/24",8.48
"Currency","2017/04/21",8.81
"Currency","2017/04/20",8.49
"Currency","2017/04/19",8.48
"Currency","2017/04/18",8.49
"Currency","2017/04/17",8.48
"Currency","2017/04/14",8.50
"Currency","2017/04/13",8.82
"Currency","2017/04/12",8.82
"Currency","2017/04/11",8.80
"Currency","2017/04/10",8.40
"Currency","2017/04/07",8.40
"Currency","2017/04/06",8.37
"Currency","2017/04/05",8.35
"Currency","2017/04/04",8.30
"Currency","2017/04/03",8.30
"Currency","2017/03/31",8.27
"Currency","2017/03/30",8.20
"Currency","2017/03/29",8.20
"Currency","2017/03/28",8.16
"Currency","2017/03/27",8.16
"Currency","2017/03/24",8.17
"Currency","2017/03/23",8.14
"Currency","2017/03/22",8.15
"Currency","2017/03/21",8.15
"Currency","2017/03/20",8.14
"Currency","2017/03/17",8.13
"Currency","2017/03/16",8.12
"Currency","2017/03/15",8.09
"Currency","2017/03/14",8.10
"Currency","2017/03/13",8.10
"Currency","2017/03/10",8.10
"Currency","2017/03/09",7.92
"Currency","2017/03/08",8.02
"Currency","2017/03/07",7.94
"Currency","2017/03/06",7.94
"Currency","2017/03/03",8.00
"Currency","2017/03/02",7.95
"Currency","2017/03/01",8.00
"Currency","2017/02/28",7.97
"Currency","2017/02/27",7.99
"Currency","2017/02/24",7.98
"Currency","2017/02/23",7.97
"Currency","2017/02/22",7.95
"Currency","2017/02/21",7.96
"Currency","2017/02/20",7.95
"Currency","2017/02/17",7.87
"Currency","2017/02/16",7.93
"Currency","2017/02/15",7.88
"Currency","2017/02/14",7.89
"Currency","2017/02/13",7.90
"Currency","2017/02/10",7.90
"Currency","2017/02/09",7.90
"Currency","2017/02/08",7.89
"Currency","2017/02/07",7.91
"Currency","2017/02/06",7.90
"Currency","2017/02/03",7.90
"Currency","2017/02/02",7.90
"Currency","2017/02/01",7.90
"Currency","2017/01/31",7.90
"Currency","2017/01/30",7.90
"Currency","2017/01/27",7.90
"Currency","2017/01/26",7.87
"Currency","2017/01/25",7.87
"Currency","2017/01/24",7.88
"Currency","2017/01/23",7.86
"Currency","2017/01/20",7.89
"Currency","2017/01/19",7.86
"Currency","2017/01/18",7.88
"Currency","2017/01/17",7.89
"Currency","2017/01/16",7.89
"Currency","2017/01/13",7.88
"Currency","2017/01/12",7.88
"Currency","2017/01/11",7.88
"Currency","2017/01/10",7.87
"Currency","2017/01/09",7.85
"Currency","2017/01/06",7.88
"Currency","2017/01/05",7.88
"Currency","2017/01/04",7.87
"Currency","2017/01/03",7.84
"Currency","2017/01/02",7.88
"Currency","2016/12/30",7.88
"Currency","2016/12/29",7.88
"Currency","2016/12/28",7.88
"Currency","2016/12/27",7.84
"Currency","2016/12/26",7.88
"Currency","2016/12/23",7.88
"Currency","2016/12/22",7.88
"Currency","2016/12/21",7.88
"Currency","2016/12/20",7.88
"Currency","2016/12/19",7.88
"Currency","2016/12/16",7.88
"Currency","2016/12/15",7.88
"Currency","2016/12/14",7.88
"Currency","2016/12/13",7.84
"Currency","2016/12/12",7.88
"Currency","2016/12/09",7.88
"Currency","2016/12/08",7.84
"Currency","2016/12/07",7.88
"Currency","2016/12/06",7.88
"Currency","2016/12/05",7.84
"Currency","2016/12/02",7.88
"Currency","2016/12/01",7.88
"Currency","2016/11/30",7.84
"Currency","2016/11/29",7.85
"Currency","2016/11/28",7.88
"Currency","2016/11/25",7.88
"Currency","2016/11/24",7.88
"Currency","2016/11/23",7.87
"Currency","2016/11/22",7.87
"Currency","2016/11/21",7.88
"Currency","2016/11/19",7.88
"Currency","2016/11/18",7.88
"Currency","2016/11/17",7.87
"Currency","2016/11/16",7.87
"Currency","2016/11/15",7.88
"Currency","2016/11/14",7.86
"Currency","2016/11/11",7.88
"Currency","2016/11/10",7.87
"Currency","2016/11/09",7.87
"Currency","2016/11/08",7.88
"Currency","2016/11/07",7.87
"Currency","2016/11/04",7.85
"Currency","2016/11/03",7.86
"Currency","2016/11/02",7.88
"Currency","2016/11/01",7.87
"Currency","2016/10/31",7.88
"Currency","2016/10/28",7.87
"Currency","2016/10/27",7.88
"Currency","2016/10/26",7.87
"Currency","2016/10/25",7.88
"Currency","2016/10/24",7.88
"Currency","2016/10/21",7.88
"Currency","2016/10/20",7.88
"Currency","2016/10/19",7.87
"Currency","2016/10/18",7.88
"Currency","2016/10/17",7.88
"Currency","2016/10/14",7.88
"Currency","2016/10/13",7.87
"Currency","2016/10/12",7.87
"Currency","2016/10/11",7.88
"Currency","2016/10/10",7.88
"Currency","2016/10/07",7.88
"Currency","2016/10/06",7.87
"Currency","2016/10/05",7.88
"Currency","2016/10/04",7.85
"Currency","2016/10/03",7.88
"Currency","2016/10/01",7.87
"Currency","2016/09/30",7.88
"Currency","2016/09/29",7.86
"Currency","2016/09/28",7.87
"Currency","2016/09/27",7.88
"Currency","2016/09/26",7.88
"Currency","2016/09/24",7.87
"Currency","2016/09/23",7.88
"Currency","2016/09/22",7.84
"Currency","2016/09/21",7.85
"Currency","2016/09/20",7.87
"Currency","2016/09/19",7.89
"Currency","2016/09/17",7.87
"Currency","2016/09/16",7.88
"Currency","2016/09/15",7.88
"Currency","2016/09/14",7.87
"Currency","2016/09/13",7.88
"Currency","2016/09/12",7.88
"Currency","2016/09/10",7.87
"Currency","2016/09/09",7.87
"Currency","2016/09/08",7.85
"Currency","2016/09/07",7.87
"Currency","2016/09/06",7.86
"Currency","2016/09/05",7.87
"Currency","2016/09/03",7.87
"Currency","2016/09/02",7.87
"Currency","2016/09/01",7.86
"Currency","2016/08/31",7.87
"Currency","2016/08/30",7.87
"Currency","2016/08/29",7.87
"Currency","2016/08/26",7.87
"Currency","2016/08/25",7.87
"Currency","2016/08/24",7.86
"Currency","2016/08/23",7.85
"Currency","2016/08/22",7.87
"Currency","2016/08/19",7.87
"Currency","2016/08/18",7.87
"Currency","2016/08/17",7.81
"Currency","2016/08/16",7.87
"Currency","2016/08/15",7.83
"Currency","2016/08/12",7.87
"Currency","2016/08/11",7.84
"Currency","2016/08/10",7.87
"Currency","2016/08/09",7.87
"Currency","2016/08/08",7.87
"Currency","2016/08/05",7.83
"Currency","2016/08/04",7.86
"Currency","2016/08/03",7.86
"Currency","2016/08/02",7.87
"Currency","2016/08/01",7.78
"Currency","2016/07/29",7.87
"Currency","2016/07/28",7.87
"Currency","2016/07/27",7.87
"Currency","2016/07/26",7.80
"Currency","2016/07/25",7.81
"Currency","2016/07/22",7.87
"Currency","2016/07/21",7.77
"Currency","2016/07/20",7.85
"Currency","2016/07/19",7.87
"Currency","2016/07/18",7.81
"Currency","2016/07/15",7.82
"Currency","2016/07/14",7.79
"Currency","2016/07/13",7.85
"Currency","2016/07/12",7.83
"Currency","2016/07/11",7.81
"Currency","2016/07/08",7.84
"Currency","2016/07/07",7.86
"Currency","2016/07/06",7.87
"Currency","2016/07/05",7.87
"Currency","2016/07/04",7.87
"Currency","2016/07/01",7.87
"Currency","2016/06/30",7.87
"Currency","2016/06/29",7.87
"Currency","2016/06/28",7.87
"Currency","2016/06/27",7.87
"Currency","2016/06/24",7.87
"Currency","2016/06/23",7.87
"Currency","2016/06/22",7.87
"Currency","2016/06/21",7.87
"Currency","2016/06/20",7.87
"Currency","2016/06/17",7.87
"Currency","2016/06/16",7.87
"Currency","2016/06/15",7.87
"Currency","2016/06/14",7.87
"Currency","2016/06/13",7.87
"Currency","2016/06/10",7.87
"Currency","2016/06/09",7.87
"Currency","2016/06/08",7.87
"Currency","2016/06/07",7.87
"Currency","2016/06/06",7.87
"Currency","2016/06/03",7.87
"Currency","2016/06/02",7.87
"Currency","2016/06/01",7.87
"Currency","2016/05/31",7.87
"Currency","2016/05/30",7.87
"Currency","2016/05/27",7.87
"Currency","2016/05/26",7.87
"Currency","2016/05/25",7.87
"Currency","2016/05/24",7.87
"Currency","2016/05/23",7.87
"Currency","2016/05/20",7.87
"Currency","2016/05/19",7.87
"Currency","2016/05/18",7.87
"Currency","2016/05/17",7.87
"Currency","2016/05/16",7.87
"Currency","2016/05/13",7.87
"Currency","2016/05/12",7.87
"Currency","2016/05/11",7.87
"Currency","2016/05/10",7.87
"Currency","2016/05/09",7.87
"Currency","2016/05/06",7.87
"Currency","2016/05/05",7.87
"Currency","2016/05/04",7.87
"Currency","2016/05/03",7.87
"Currency","2016/05/02",7.87
"Currency","2016/04/30",7.87
"Currency","2016/04/29",7.87
"Currency","2016/04/28",7.87
"Currency","2016/04/27",7.87
"Currency","2016/04/26",7.87
"Currency","2016/04/25",7.87
"Currency","2016/04/23",7.87
"Currency","2016/04/22",7.87
"Currency","2016/04/21",7.87
"Currency","2016/04/20",7.87
"Currency","2016/04/19",7.87
"Currency","2016/04/18",7.87
"Currency","2016/04/16",7.87
"Currency","2016/04/15",7.87
"Currency","2016/04/14",7.87
"Currency","2016/04/13",7.87
"Currency","2016/04/12",7.87
"Currency","2016/04/11",7.87
"Currency","2016/04/09",7.87
"Currency","2016/04/08",7.87
"Currency","2016/04/07",7.87
"Currency","2016/04/06",7.87
"Currency","2016/04/05",7.87
"Currency","2016/04/04",7.87
"Currency","2016/04/01",7.87
"Currency","2016/03/31",7.87
"Currency","2016/03/30",7.87
"Currency","2016/03/29",7.87
"Currency","2016/03/28",7.87
"Currency","2016/03/25",7.87
"Currency","2016/03/24",7.87
"Currency","2016/03/23",7.87
"Currency","2016/03/22",7.87
"Currency","2016/03/21",7.87
"Currency","2016/03/18",7.87
"Currency","2016/03/17",7.87
"Currency","2016/03/16",7.87
"Currency","2016/03/15",7.87
"Currency","2016/03/14",7.87
"Currency","2016/03/13",7.87
"Currency","2016/03/11",7.87
"Currency","2016/03/10",7.87
"Currency","2016/03/09",7.87
"Currency","2016/03/08",7.87
"Currency","2016/03/07",7.87
"Currency","2016/03/06",7.87
"Currency","2016/03/04",7.87
"Currency","2016/03/03",7.87
"Currency","2016/03/02",7.87
"Currency","2016/03/01",7.87
"Currency","2016/02/29",7.87
"Currency","2016/02/28",7.87
"Currency","2016/02/26",7.87
"Currency","2016/02/25",7.87
"Currency","2016/02/24",7.87
"Currency","2016/02/23",7.87
"Currency","2016/02/22",7.87
"Currency","2016/02/19",7.87
"Currency","2016/02/18",7.87
"Currency","2016/02/17",7.87
"Currency","2016/02/16",7.87
"Currency","2016/02/15",7.87
"Currency","2016/02/12",7.86
"Currency","2016/02/11",7.83
"Currency","2016/02/10",7.83
"Currency","2016/02/09",7.84
"Currency","2016/02/08",7.84
"Currency","2016/02/05",7.84
"Currency","2016/02/04",7.84
"Currency","2016/02/03",7.84
"Currency","2016/02/02",7.84
"Currency","2016/02/01",7.84
"Currency","2016/01/29",7.84
"Currency","2016/01/28",7.82
"Currency","2016/01/27",7.80
"Currency","2016/01/26",7.75
"Currency","2016/01/25",7.78
"Currency","2016/01/22",7.64
"Currency","2016/01/21",7.60
"Currency","2016/01/20",7.55
"Currency","2016/01/19",7.50
"Currency","2016/01/18",7.44
"Currency","2016/01/15",7.38
"Currency","2016/01/14",7.35
"Currency","2016/01/13",7.32
"Currency","2016/01/12",7.29
"Currency","2016/01/11",7.26
"Currency","2016/01/10",7.23
"Currency","2016/01/08",7.23
"Currency","2016/01/07",7.17
"Currency","2016/01/06",7.17
"Currency","2016/01/05",7.11
"Currency","2016/01/04",7.11
"Currency","2016/01/01",6.99
"Currency","2015/12/31",6.99
"Currency","2015/12/30",6.98
"Currency","2015/12/29",6.97
"Currency","2015/12/28",6.96
"Currency","2015/12/25",6.92
"Currency","2015/12/24",6.92
"Currency","2015/12/23",6.90
"Currency","2015/12/22",6.90
"Currency","2015/12/21",6.89
"Currency","2015/12/20",6.86
"Currency","2015/12/18",6.86
"Currency","2015/12/17",6.85
"Currency","2015/12/16",6.84
"Currency","2015/12/15",6.83
"Currency","2015/12/14",6.82
"Currency","2015/12/11",6.81
"Currency","2015/12/10",6.79
"Currency","2015/12/09",6.79
"Currency","2015/12/08",6.78
"Currency","2015/12/07",6.77
"Currency","2015/12/06",6.76
"Currency","2015/12/04",6.76
"Currency","2015/12/03",6.75
"Currency","2015/12/02",6.74
"Currency","2015/12/01",6.71
"Currency","2015/11/30",6.72
"Currency","2015/11/28",6.71
"Currency","2015/11/27",6.61
"Currency","2015/11/26",6.70
"Currency","2015/11/25",6.69
"Currency","2015/11/24",6.67
"Currency","2015/11/23",6.67
"Currency","2015/11/20",6.67
"Currency","2015/11/19",6.66
"Currency","2015/11/18",6.64
"Currency","2015/11/17",6.64
"Currency","2015/11/16",6.64
"Currency","2015/11/13",6.64
"Currency","2015/11/12",6.64
"Currency","2015/11/11",6.64
"Currency","2015/11/10",6.63
"Currency","2015/11/09",6.63
"Currency","2015/11/08",6.63
"Currency","2015/11/06",6.63
"Currency","2015/11/05",6.63
"Currency","2015/11/04",6.62
"Currency","2015/11/03",6.62
"Currency","2015/11/02",6.62
"Currency","2015/11/01",6.62
"Currency","2015/10/30",6.62
"Currency","2015/10/29",6.62
"Currency","2015/10/28",6.62
"Currency","2015/10/27",6.61
"Currency","2015/10/26",6.61
"Currency","2015/10/25",6.60
"Currency","2015/10/23",6.60
"Currency","2015/10/22",6.59
"Currency","2015/10/21",6.56
"Currency","2015/10/20",6.56
"Currency","2015/10/19",6.51
"Currency","2015/10/18",6.56
"Currency","2015/10/16",6.56
"Currency","2015/10/15",6.56
"Currency","2015/10/14",6.55
"Currency","2015/10/13",6.53
"Currency","2015/10/12",6.53
"Currency","2015/10/09",6.52
"Currency","2015/10/08",6.51
"Currency","2015/10/07",6.49
"Currency","2015/10/06",6.49
"Currency","2015/10/05",6.48
"Currency","2015/10/04",6.47
"Currency","2015/10/02",6.46
"Currency","2015/10/01",6.46
"Currency","2015/09/30",6.46
"Currency","2015/09/29",6.45
"Currency","2015/09/28",6.43
"Currency","2015/09/27",6.43
"Currency","2015/09/26",6.43
"Currency","2015/09/25",6.43
"Currency","2015/09/24",6.42
"Currency","2015/09/23",6.42
"Currency","2015/09/22",6.42
"Currency","2015/09/21",6.41
"Currency","2015/09/20",6.40
"Currency","2015/09/18",6.40
"Currency","2015/09/17",6.39
"Currency","2015/09/16",6.38
"Currency","2015/09/15",6.37
"Currency","2015/09/14",6.37
"Currency","2015/09/13",6.36
"Currency","2015/09/11",6.36
"Currency","2015/09/10",6.36
"Currency","2015/09/09",6.35
"Currency","2015/09/08",6.35
"Currency","2015/09/07",6.35
"Currency","2015/09/06",6.34
"Currency","2015/09/04",6.34
"Currency","2015/09/03",6.34
"Currency","2015/09/02",6.33
"Currency","2015/09/01",6.33
"Currency","2015/08/31",6.32
"Currency","2015/08/30",6.32
"Currency","2015/08/28",6.32
"Currency","2015/08/27",6.31
"Currency","2015/08/26",6.31
"Currency","2015/08/25",6.31
"Currency","2015/08/24",6.30
"Currency","2015/08/21",6.30
"Currency","2015/08/20",6.30
"Currency","2015/08/19",6.28
"Currency","2015/08/18",6.28
"Currency","2015/08/17",6.28
"Currency","2015/08/14",6.28
"Currency","2015/08/13",6.27
"Currency","2015/08/12",6.27
"Currency","2015/08/11",6.26
"Currency","2015/08/10",6.26
"Currency","2015/08/07",6.26
"Currency","2015/08/06",6.27
"Currency","2015/08/05",6.26
"Currency","2015/08/04",6.26
"Currency","2015/08/03",6.27
"Currency","2015/07/31",6.26
"Currency","2015/07/30",6.26
"Currency","2015/07/29",6.26
"Currency","2015/07/28",6.26
"Currency","2015/07/27",6.26
"Currency","2015/07/24",6.26
"Currency","2015/07/23",6.26
"Currency","2015/07/22",6.26
"Currency","2015/07/21",6.26
"Currency","2015/07/20",6.26
"Currency","2015/07/17",6.26
"Currency","2015/07/16",6.26
"Currency","2015/07/15",6.26
"Currency","2015/07/14",6.26
"Currency","2015/07/13",6.26
"Currency","2015/07/12",6.26
"Currency","2015/07/10",6.26
"Currency","2015/07/09",6.26
"Currency","2015/07/08",6.26
"Currency","2015/07/07",6.26
"Currency","2015/07/06",6.26
"Currency","2015/07/04",6.26
"Currency","2015/07/03",6.26
"Currency","2015/07/02",6.26
"Currency","2015/07/01",6.26
"Currency","2015/06/30",6.26
"Currency","2015/06/29",6.26
"Currency","2015/06/26",6.26
"Currency","2015/06/25",6.26
"Currency","2015/06/24",6.25
"Currency","2015/06/23",6.25
"Currency","2015/06/22",6.26
"Currency","2015/06/19",6.26
"Currency","2015/06/18",6.26
"Currency","2015/06/17",6.25
"Currency","2015/06/16",6.25
"Currency","2015/06/15",6.25
"Currency","2015/06/12",6.26
"Currency","2015/06/11",6.26
"Currency","2015/06/10",6.26
"Currency","2015/06/09",6.26
"Currency","2015/06/08",6.26
"Currency","2015/06/05",6.26
"Currency","2015/06/04",6.26
"Currency","2015/06/03",6.26
"Currency","2015/06/02",6.26
"Currency","2015/06/01",6.26
"Currency","2015/05/29",6.26
"Currency","2015/05/28",6.26
"Currency","2015/05/27",6.26
"Currency","2015/05/26",6.26
"Currency","2015/05/25",6.28
"Currency","2015/05/22",6.28
"Currency","2015/05/21",6.28
"Currency","2015/05/20",6.28
"Currency","2015/05/19",6.28
"Currency","2015/05/18",6.28
"Currency","2015/05/15",6.28
"Currency","2015/05/14",6.28
"Currency","2015/05/13",6.29
"Currency","2015/05/12",6.29
"Currency","2015/05/11",6.28
"Currency","2015/05/08",6.28
"Currency","2015/05/07",6.29
"Currency","2015/05/06",6.29
"Currency","2015/05/05",6.29
"Currency","2015/05/04",6.24
"Currency","2015/05/01",6.24
"Currency","2015/04/30",6.24
"Currency","2015/04/29",6.24
"Currency","2015/04/28",6.13
"Currency","2015/04/27",6.13
"Currency","2015/04/24",6.13
"Currency","2015/04/23",6.13
"Currency","2015/04/22",6.13
"Currency","2015/04/21",6.13
"Currency","2015/04/20",6.13
"Currency","2015/04/17",6.12
"Currency","2015/04/16",6.07
"Currency","2015/04/15",6.03
"Currency","2015/04/14",6.01
"Currency","2015/04/13",6.02
"Currency","2015/04/10",6.00
"Currency","2015/04/09",5.98
"Currency","2015/04/08",5.98
"Currency","2015/04/07",5.94
"Currency","2015/04/06",5.94
"Currency","2015/04/03",5.90
"Currency","2015/04/02",5.90
"Currency","2015/04/01",5.90
"Currency","2015/03/31",5.98
"Currency","2015/03/30",5.80
"Currency","2015/03/27",5.72
"Currency","2015/03/26",5.72
"Currency","2015/03/25",5.72
"Currency","2015/03/24",5.72
"Currency","2015/03/23",5.72
"Currency","2015/03/20",5.72
"Currency","2015/03/19",5.65
"Currency","2015/03/18",5.65
"Currency","2015/03/17",5.62
"Currency","2015/03/16",5.52
"Currency","2015/03/13",5.52
"Currency","2015/03/12",5.52
"Currency","2015/03/11",5.47
"Currency","2015/03/10",5.46
"Currency","2015/03/09",5.46
"Currency","2015/03/06",5.46
"Currency","2015/03/05",5.44
"Currency","2015/03/04",5.44
"Currency","2015/03/03",5.45
"Currency","2015/03/02",5.44
"Currency","2015/02/27",5.53
"Currency","2015/02/26",5.53
"Currency","2015/02/25",5.53
"Currency","2015/02/24",5.53
"Currency","2015/02/23",5.53
"Currency","2015/02/20",5.41
"Currency","2015/02/19",5.53
"Currency","2015/02/18",5.53
"Currency","2015/02/17",5.53
"Currency","2015/02/16",5.51
"Currency","2015/02/13",5.51
"Currency","2015/02/12",5.51
"Currency","2015/02/11",5.66
"Currency","2015/02/10",5.66
"Currency","2015/02/09",5.66
"Currency","2015/02/06",5.56
"Currency","2015/02/05",5.57
"Currency","2015/02/04",5.57
"Currency","2015/02/03",5.53
"Currency","2015/02/02",5.52
"Currency","2015/01/30",5.52
"Currency","2015/01/29",5.52
"Currency","2015/01/28",5.52
"Currency","2015/01/27",5.52
"Currency","2015/01/26",5.53
"Currency","2015/01/23",5.53
"Currency","2015/01/22",5.53
"Currency","2015/01/21",5.49
"Currency","2015/01/20",5.49
"Currency","2015/01/19",5.49
"Currency","2015/01/16",5.49
"Currency","2015/01/15",5.22
"Currency","2015/01/14",5.22
"Currency","2015/01/13",5.22
"Currency","2015/01/12",5.22
"Currency","2015/01/09",5.22
"Currency","2015/01/08",5.22
"Currency","2015/01/07",5.22
"Currency","2015/01/06",5.22
"Currency","2015/01/05",5.22
"Currency","2015/01/02",5.22
"Currency","2015/01/01",5.22
"Currency","2014/12/31",5.22
"Currency","2014/12/30",5.22
"Currency","2014/12/29",5.22
"Currency","2014/12/26",5.22
"Currency","2014/12/25",5.22
"Currency","2014/12/24",5.22
"Currency","2014/12/23",5.22
"Currency","2014/12/22",5.22
"Currency","2014/12/19",5.22
"Currency","2014/12/18",5.22
"Currency","2014/12/17",5.22
"Currency","2014/12/16",5.22
"Currency","2014/12/15",5.22
"Currency","2014/12/12",5.22
"Currency","2014/12/11",5.22
"Currency","2014/12/10",5.22
"Currency","2014/12/09",5.22
"Currency","2014/12/08",5.22
"Currency","2014/12/05",5.22
"Currency","2014/12/04",5.22
"Currency","2014/12/03",5.22
"Currency","2014/12/02",5.22
"Currency","2014/12/01",5.22
"Currency","2014/11/28",5.22
"Currency","2014/11/27",5.22
"Currency","2014/11/26",5.22
"Currency","2014/11/25",5.27
"Currency","2014/11/24",5.27
"Currency","2014/11/23",5.09
"Currency","2014/11/22",5.09
"Currency","2014/11/21",5.27
"Currency","2014/11/20",5.19
"Currency","2014/11/19",5.19
"Currency","2014/11/18",5.19
"Currency","2014/11/17",5.19
"Currency","2014/11/16",5.08
"Currency","2014/11/15",5.08
"Currency","2014/11/14",5.19
"Currency","2014/11/13",5.19
"Currency","2014/11/12",5.19
"Currency","2014/11/11",5.19
"Currency","2014/11/10",5.11
"Currency","2014/11/09",5.04
"Currency","2014/11/08",5.04
"Currency","2014/11/07",5.11
"Currency","2014/11/06",5.11
"Currency","2014/11/05",5.11
"Currency","2014/11/04",5.11
"Currency","2014/11/03",5.11
"Currency","2014/11/02",5.00
"Currency","2014/11/01",5.00
"Currency","2014/10/31",5.08
"Currency","2014/10/30",5.10
"Currency","2014/10/29",5.10
"Currency","2014/10/28",5.10
"Currency","2014/10/27",5.10
"Currency","2014/10/26",4.99
"Currency","2014/10/25",4.99
"Currency","2014/10/24",5.13
"Currency","2014/10/23",5.13
"Currency","2014/10/22",5.15
"Currency","2014/10/21",5.09
"Currency","2014/10/20",5.09
"Currency","2014/10/19",4.99
"Currency","2014/10/18",4.99
"Currency","2014/10/17",5.09
"Currency","2014/10/16",5.09
"Currency","2014/10/15",5.06
"Currency","2014/10/14",5.06
"Currency","2014/10/13",5.06
"Currency","2014/10/12",4.99
"Currency","2014/10/11",4.99
"Currency","2014/10/10",5.06
"Currency","2014/10/09",5.01
"Currency","2014/10/08",5.01
"Currency","2014/10/07",5.01
"Currency","2014/10/06",5.01
"Currency","2014/10/05",4.99
"Currency","2014/10/04",4.99
"Currency","2014/10/03",5.01
"Currency","2014/10/02",5.02
"Currency","2014/10/01",5.06
"Currency","2014/09/30",5.06
"Currency","2014/09/29",5.09
"Currency","2014/09/28",4.99
"Currency","2014/09/27",4.99
"Currency","2014/09/26",5.06
"Currency","2014/09/25",5.06
"Currency","2014/09/24",5.04
"Currency","2014/09/23",5.04
"Currency","2014/09/22",5.04
"Currency","2014/09/21",4.99
"Currency","2014/09/20",4.99
"Currency","2014/09/19",5.04
"Currency","2014/09/18",5.04
"Currency","2014/09/17",5.05
"Currency","2014/09/16",5.05
"Currency","2014/09/15",5.05
"Currency","2014/09/14",4.98
"Currency","2014/09/13",4.98
"Currency","2014/09/12",5.05
"Currency","2014/09/11",5.05
"Currency","2014/09/10",5.05
"Currency","2014/09/09",5.05
"Currency","2014/09/08",5.05
"Currency","2014/09/05",5.05
"Currency","2014/09/04",5.05
"Currency","2014/09/03",5.05
"Currency","2014/09/02",5.05
"Currency","2014/09/01",5.05
"Currency","2014/08/29",5.05
"Currency","2014/08/28",5.04
"Currency","2014/08/27",5.04
"Currency","2014/08/26",5.04
"Currency","2014/08/25",5.06
"Currency","2014/08/24",4.98
"Currency","2014/08/23",4.98
"Currency","2014/08/22",5.06
"Currency","2014/08/21",5.05
"Currency","2014/08/20",5.05
"Currency","2014/08/19",5.05
"Currency","2014/08/18",5.05
"Currency","2014/08/17",4.98
"Currency","2014/08/16",4.98
"Currency","2014/08/15",5.03
"Currency","2014/08/14",5.03
"Currency","2014/08/13",5.03
"Currency","2014/08/12",5.04
"Currency","2014/08/11",5.04
"Currency","2014/08/10",4.97
"Currency","2014/08/09",4.97
"Currency","2014/08/08",5.02
"Currency","2014/08/07",5.02
"Currency","2014/08/06",5.00
"Currency","2014/08/05",5.00
"Currency","2014/08/04",5.00
"Currency","2014/08/03",4.96
"Currency","2014/08/02",4.96
"Currency","2014/08/01",5.00
"Currency","2014/07/31",4.98
"Currency","2014/07/30",5.01
"Currency","2014/07/29",5.01
"Currency","2014/07/28",4.98
"Currency","2014/07/27",4.95
"Currency","2014/07/26",4.95
"Currency","2014/07/25",4.98
"Currency","2014/07/24",4.99
"Currency","2014/07/23",4.99
"Currency","2014/07/22",4.99
"Currency","2014/07/21",4.99
"Currency","2014/07/19",4.94
"Currency","2014/07/18",4.99
"Currency","2014/07/17",4.99
"Currency","2014/07/16",4.99
"Currency","2014/07/15",5.00
"Currency","2014/07/14",4.97
"Currency","2014/07/13",4.94
"Currency","2014/07/12",4.94
"Currency","2014/07/11",5.02
"Currency","2014/07/10",5.02
"Currency","2014/07/09",5.02
"Currency","2014/07/08",4.97
"Currency","2014/07/07",4.97
"Currency","2014/07/06",4.93
"Currency","2014/07/05",4.93
"Currency","2014/07/04",4.97
"Currency","2014/07/03",4.97
"Currency","2014/07/02",4.98
"Currency","2014/07/01",5.01
"Currency","2014/06/30",5.01
"Currency","2014/06/29",4.94
"Currency","2014/06/28",4.94
"Currency","2014/06/27",5.01
"Currency","2014/06/26",5.01
"Currency","2014/06/25",5.01
"Currency","2014/06/24",5.01
"Currency","2014/06/23",5.01
"Currency","2014/06/22",4.93
"Currency","2014/06/21",4.93
"Currency","2014/06/20",5.01
"Currency","2014/06/19",5.01
"Currency","2014/06/18",5.02
"Currency","2014/06/17",5.00
"Currency","2014/06/16",5.01
"Currency","2014/06/15",4.92
"Currency","2014/06/14",4.92
"Currency","2014/06/13",5.01
"Currency","2014/06/12",5.02
"Currency","2014/06/11",5.02
"Currency","2014/06/10",5.02
"Currency","2014/06/09",5.01
"Currency","2014/06/08",4.90
"Currency","2014/06/07",4.90
"Currency","2014/06/06",5.00
"Currency","2014/06/05",4.97
"Currency","2014/06/04",5.09
"Currency","2014/06/03",4.91
"Currency","2014/06/02",4.91
"Currency","2014/06/01",4.91
"Currency","2014/05/31",4.91
"Currency","2014/05/30",4.90
"Currency","2014/05/29",4.91
"Currency","2014/05/28",4.90
"Currency","2014/05/27",4.90
"Currency","2014/05/26",4.89
"Currency","2014/05/24",4.90
"Currency","2014/05/23",4.89
"Currency","2014/05/22",4.90
"Currency","2014/05/21",4.91
"Currency","2014/05/20",4.90
"Currency","2014/05/19",4.90
"Currency","2014/05/18",4.90
"Currency","2014/05/17",4.90
"Currency","2014/05/16",4.90
"Currency","2014/05/15",4.90
"Currency","2014/05/14",4.89
"Currency","2014/05/13",4.90
"Currency","2014/05/12",4.90
"Currency","2014/05/11",4.90
"Currency","2014/05/10",4.90
"Currency","2014/05/09",4.90
"Currency","2014/05/08",4.89
"Currency","2014/05/07",4.89
"Currency","2014/05/06",4.90
"Currency","2014/05/05",4.86
"Currency","2014/05/04",4.93
"Currency","2014/05/03",4.93
"Currency","2014/05/02",4.93
"Currency","2014/05/01",4.93
"Currency","2014/04/30",4.93
"Currency","2014/04/29",4.86
"Currency","2014/04/28",4.92
"Currency","2014/04/27",4.82
"Currency","2014/04/26",4.82
"Currency","2014/04/25",4.82
"Currency","2014/04/24",4.82
"Currency","2014/04/23",4.82
"Currency","2014/04/22",4.82
"Currency","2014/04/21",4.82
"Currency","2014/04/20",4.82
"Currency","2014/04/19",4.82
"Currency","2014/04/18",4.82
"Currency","2014/04/17",4.82
"Currency","2014/04/16",4.83
"Currency","2014/04/15",4.83
"Currency","2014/04/14",4.83
"Currency","2014/04/13",4.83
"Currency","2014/04/12",4.83
"Currency","2014/04/11",4.83
"Currency","2014/04/10",4.83
"Currency","2014/04/09",4.82
"Currency","2014/04/08",4.82
"Currency","2014/04/07",4.84
"Currency","2014/04/06",4.85
"Currency","2014/04/05",4.85
"Currency","2014/04/04",4.85
"Currency","2014/04/03",4.84
"Currency","2014/04/02",4.84
"Currency","2014/04/01",4.83
"Currency","2014/03/31",4.80
"Currency","2014/03/30",4.80
"Currency","2014/03/29",4.80
"Currency","2014/03/28",4.80
"Currency","2014/03/27",4.80
"Currency","2014/03/26",4.38
"Currency","2014/03/25",4.38
"Currency","2014/03/24",4.38
"Currency","2014/03/23",4.80
"Currency","2014/03/22",4.80
"Currency","2014/03/21",4.38
"Currency","2014/03/20",4.38
"Currency","2014/03/19",4.38
"Currency","2014/03/18",4.38
"Currency","2014/03/17",4.38
"Currency","2014/03/16",4.80
"Currency","2014/03/15",4.80
"Currency","2014/03/14",4.38
"Currency","2014/03/13",4.38
"Currency","2014/03/12",4.38
"Currency","2014/03/11",4.38
"Currency","2014/03/10",4.38
"Currency","2014/03/09",4.81
"Currency","2014/03/08",4.81
"Currency","2014/03/07",4.38
"Currency","2014/03/06",4.38
"Currency","2014/03/05",4.38
"Currency","2014/03/04",4.38
"Currency","2014/03/03",4.38
"Currency","2014/03/02",4.81
"Currency","2014/03/01",4.81
"Currency","2014/02/28",4.38
"Currency","2014/02/27",4.38
"Currency","2014/02/26",4.38
"Currency","2014/02/25",4.38
"Currency","2014/02/24",4.38
"Currency","2014/02/23",4.80
"Currency","2014/02/22",4.80
"Currency","2014/02/21",4.38
"Currency","2014/02/20",4.38
"Currency","2014/02/19",4.38
"Currency","2014/02/18",4.38
"Currency","2014/02/17",4.38
"Currency","2014/02/16",4.80
"Currency","2014/02/15",4.80
"Currency","2014/02/14",4.38
"Currency","2014/02/13",4.38
"Currency","2014/02/12",4.38
"Currency","2014/02/11",4.38
"Currency","2014/02/10",4.38
"Currency","2014/02/09",4.80
"Currency","2014/02/08",4.80
"Currency","2014/02/07",4.38
"Currency","2014/02/06",4.38
"Currency","2014/02/05",4.38
"Currency","2014/02/04",4.38
"Currency","2014/02/03",4.80
"Currency","2014/02/02",4.80
"Currency","2014/02/01",4.80
"Currency","2014/01/31",4.80
"Currency","2014/01/30",4.78
"Currency","2014/01/29",4.78
"Currency","2014/01/28",4.78
"Currency","2014/01/25",4.78
"Currency","2014/01/24",4.78
"Currency","2014/01/23",4.78
"Currency","2014/01/22",4.77
"Currency","2014/01/21",4.77
"Currency","2014/01/20",4.77
"Currency","2014/01/19",4.77
"Currency","2014/01/18",4.77
"Currency","2014/01/17",4.77
"Currency","2014/01/16",4.77
"Currency","2014/01/15",4.77
"Currency","2014/01/14",4.77
"Currency","2014/01/13",4.77
"Currency","2014/01/12",4.77
"Currency","2014/01/11",4.77
"Currency","2014/01/10",4.77
"Currency","2014/01/09",4.77
"Currency","2014/01/08",4.77
"Currency","2014/01/07",4.77
"Currency","2014/01/06",4.77
"Currency","2014/01/05",4.77
"Currency","2014/01/04",4.77
"Currency","2014/01/03",4.77
"Currency","2014/01/02",4.77
"Currency","2014/01/01",4.77
"Currency","2013/12/31",4.77
"Currency","2013/12/30",4.77
"Currency","2013/12/29",4.77
"Currency","2013/12/28",4.77
"Currency","2013/12/27",4.77
"Currency","2013/12/26",4.77
"Currency","2013/12/25",4.77
"Currency","2013/12/24",4.77
"Currency","2013/12/23",4.77
"Currency","2013/12/22",4.77
"Currency","2013/12/21",4.77
"Currency","2013/12/20",4.77
"Currency","2013/12/19",4.77
"Currency","2013/12/18",4.77
"Currency","2013/12/17",4.77
"Currency","2013/12/16",4.77
"Currency","2013/12/15",4.77
"Currency","2013/12/14",4.77
"Currency","2013/12/13",4.77
"Currency","2013/12/12",4.77
"Currency","2013/12/11",4.77
"Currency","2013/12/10",4.77
"Currency","2013/12/09",4.77
"Currency","2013/12/08",4.77
"Currency","2013/12/07",4.77
"Currency","2013/12/06",4.77
"Currency","2013/12/05",4.77
"Currency","2013/12/04",4.77
"Currency","2013/12/03",4.77
"Currency","2013/12/02",4.77
"Currency","2013/12/01",4.77
"Currency","2013/11/30",4.77
"Currency","2013/11/29",4.77
"Currency","2013/11/28",4.77
"Currency","2013/11/27",4.77
"Currency","2013/11/26",4.77
"Currency","2013/11/25",4.77
"Currency","2013/11/24",4.77
"Currency","2013/11/23",4.77
"Currency","2013/11/22",4.77
"Currency","2013/11/21",4.77
"Currency","2013/11/20",4.77
"Currency","2013/11/19",4.77
"Currency","2013/11/18",4.77
"Currency","2013/11/17",4.77
"Currency","2013/11/16",4.77
"Currency","2013/11/15",4.77
"Currency","2013/11/14",4.77
"Currency","2013/11/13",4.77
"Currency","2013/11/12",4.77
"Currency","2013/11/11",4.77
"Currency","2013/11/10",4.77
"Currency","2013/11/09",4.77
"Currency","2013/11/08",4.77
"Currency","2013/11/07",4.77
"Currency","2013/11/06",4.77
"Currency","2013/11/05",4.77
"Currency","2013/11/04",4.77
"Currency","2013/11/03",4.77
"Currency","2013/11/02",4.77
"Currency","2013/11/01",4.77
"Currency","2013/10/31",4.77
"Currency","2013/10/30",4.77
"Currency","2013/10/29",4.77
"Currency","2013/10/28",4.77
"Currency","2013/10/27",4.77
"Currency","2013/10/26",4.77
"Currency","2013/10/25",4.77
"Currency","2013/10/24",4.77
"Currency","2013/10/23",4.77
"Currency","2013/10/22",4.77
"Currency","2013/10/21",4.77
"Currency","2013/10/20",4.77
"Currency","2013/10/19",4.77
"Currency","2013/10/18",4.77
"Currency","2013/10/17",4.77
"Currency","2013/10/16",4.77
"Currency","2013/10/15",4.77
"Currency","2013/10/14",4.77
"Currency","2013/10/13",4.77
"Currency","2013/10/11",4.77
"Currency","2013/10/10",4.77
"Currency","2013/10/09",4.77
"Currency","2013/10/08",4.77
"Currency","2013/10/07",4.77
"Currency","2013/10/04",4.77
"Currency","2013/10/03",4.77
"Currency","2013/10/02",4.77
"Currency","2013/10/01",4.77
"Currency","2013/09/30",4.77
"Currency","2013/09/27",4.77
"Currency","2013/09/26",4.77
"Currency","2013/09/25",4.77
"Currency","2013/09/24",4.77
"Currency","2013/09/23",4.77
"Currency","2013/09/20",4.77
"Currency","2013/09/19",4.77
"Currency","2013/09/18",4.77
"Currency","2013/09/17",4.77
"Currency","2013/09/16",4.77
"Currency","2013/09/13",4.77
"Currency","2013/09/12",4.77
"Currency","2013/09/11",4.77
"Currency","2013/09/10",4.77
"Currency","2013/09/09",4.77
"Currency","2013/09/06",4.77
"Currency","2013/09/05",4.77
"Currency","2013/09/04",4.77
"Currency","2013/09/03",4.77
"Currency","2013/09/02",4.77
"Currency","2013/08/30",4.77
"Currency","2013/08/29",4.77
"Currency","2013/08/28",4.77
"Currency","2013/08/27",4.77
"Currency","2013/08/26",4.77
"Currency","2013/08/23",4.77
"Currency","2013/08/22",4.77
"Currency","2013/08/21",4.77
"Currency","2013/08/20",4.77
"Currency","2013/08/19",4.77
"Currency","2013/08/16",4.77
"Currency","2013/08/15",4.77
"Currency","2013/08/14",4.77
"Currency","2013/08/13",4.77
"Currency","2013/08/12",4.77
"Currency","2013/08/09",4.77
"Currency","2013/08/08",4.77
"Currency","2013/08/07",4.77
"Currency","2013/08/06",4.77
"Currency","2013/08/05",4.77
"Currency","2013/08/02",4.77
"Currency","2013/08/01",4.77
"Currency","2013/07/31",4.77
"Currency","2013/07/30",4.77
"Currency","2013/07/29",4.77
"Currency","2013/07/26",4.77
"Currency","2013/07/25",4.77
"Currency","2013/07/24",4.77
"Currency","2013/07/23",4.77
"Currency","2013/07/22",4.77
"Currency","2013/07/19",4.77
"Currency","2013/07/18",4.77
"Currency","2013/07/17",4.77
"Currency","2013/07/16",4.77
"Currency","2013/07/15",4.77
"Currency","2013/07/12",4.77
"Currency","2013/07/11",4.77
"Currency","2013/07/10",4.77
"Currency","2013/07/09",4.77
"Currency","2013/07/08",4.77
"Currency","2013/07/05",4.77
"Currency","2013/07/04",4.77
"Currency","2013/07/03",4.77
"Currency","2013/07/02",4.77
"Currency","2013/07/01",4.77
"Currency","2013/06/28",4.76
"Currency","2013/06/27",4.76
"Currency","2013/06/26",4.76
"Currency","2013/06/25",4.76
"Currency","2013/06/24",4.76
"Currency","2013/06/21",4.76
"Currency","2013/06/20",4.76
"Currency","2013/06/19",4.76
"Currency","2013/06/18",4.76
"Currency","2013/06/17",4.76
"Currency","2013/06/14",4.76
"Currency","2013/06/13",4.76
"Currency","2013/06/12",4.76
"Currency","2013/06/11",4.76
"Currency","2013/06/10",4.76
"Currency","2013/06/07",4.76
"Currency","2013/06/06",4.76
"Currency","2013/06/05",4.76
"Currency","2013/06/04",4.76
"Currency","2013/06/03",4.76
"Currency","2013/05/31",4.76
"Currency","2013/05/30",4.76
"Currency","2013/05/29",4.76
"Currency","2013/05/28",4.76
"Currency","2013/05/27",4.76
"Currency","2013/05/24",4.76
"Currency","2013/05/23",4.76
"Currency","2013/05/22",4.76
"Currency","2013/05/21",4.76
"Currency","2013/05/20",4.76
"Currency","2013/05/17",4.76
"Currency","2013/05/16",4.76
"Currency","2013/05/15",4.76
"Currency","2013/05/14",4.76
"Currency","2013/05/13",4.76
"Currency","2013/05/10",4.76
"Currency","2013/05/09",4.76
"Currency","2013/05/08",4.76
"Currency","2013/05/07",4.76
"Currency","2013/05/06",4.76
"Currency","2013/05/03",4.76
"Currency","2013/05/02",4.76
"Currency","2013/05/01",4.76
"Currency","2013/04/30",4.76
"Currency","2013/04/29",4.76
"Currency","2013/04/26",4.76
"Currency","2013/04/25",4.76
"Currency","2013/04/24",4.76
"Currency","2013/04/23",4.76
"Currency","2013/04/22",4.76
"Currency","2013/04/19",4.76
"Currency","2013/04/18",4.76
"Currency","2013/04/17",4.76
"Currency","2013/04/16",4.76
"Currency","2013/04/15",4.77
"Currency","2013/04/12",4.77
"Currency","2013/04/11",4.76
"Currency","2013/04/10",4.76
"Currency","2013/04/09",4.76
"Currency","2013/04/08",4.76
"Currency","2013/04/05",4.76
"Currency","2013/04/04",4.76
"Currency","2013/04/03",4.76
"Currency","2013/04/02",4.75
"Currency","2013/04/01",4.75
"Currency","2013/03/29",4.75
"Currency","2013/03/28",4.75
"Currency","2013/03/27",4.75
"Currency","2013/03/26",4.75
"Currency","2013/03/25",4.75
"Currency","2013/03/22",4.75
"Currency","2013/03/21",4.75
"Currency","2013/03/20",4.75
"Currency","2013/03/19",4.75
"Currency","2013/03/18",4.75
"Currency","2013/03/15",4.75
"Currency","2013/03/14",4.75
"Currency","2013/03/13",4.75
"Currency","2013/03/12",4.75
"Currency","2013/03/11",4.75
"Currency","2013/03/08",4.75
"Currency","2013/03/07",4.75
"Currency","2013/03/06",4.75
"Currency","2013/03/05",4.75
"Currency","2013/03/04",4.75
"Currency","2013/03/01",4.75
"Currency","2013/02/28",4.75
"Currency","2013/02/27",4.75
"Currency","2013/02/26",4.75
"Currency","2013/02/25",4.75
"Currency","2013/02/22",4.75
"Currency","2013/02/21",4.75
"Currency","2013/02/20",4.75
"Currency","2013/02/19",4.75
"Currency","2013/02/18",4.75
"Currency","2013/02/15",4.75
"Currency","2013/02/14",4.76
"Currency","2013/02/13",4.76
"Currency","2013/02/12",4.76
"Currency","2013/02/11",4.76
"Currency","2013/02/08",4.76
"Currency","2013/02/07",4.76
"Currency","2013/02/06",4.76
"Currency","2013/02/05",4.76
"Currency","2013/02/04",4.77
"Currency","2013/02/01",4.77
"Currency","2013/01/31",4.76
"Currency","2013/01/30",4.76
"Currency","2013/01/29",4.77
"Currency","2013/01/28",4.77
"Currency","2013/01/25",4.76
"Currency","2013/01/24",4.76
"Currency","2013/01/23",4.76
"Currency","2013/01/22",4.76
"Currency","2013/01/21",4.76
"Currency","2013/01/18",4.76
"Currency","2013/01/17",4.76
"Currency","2013/01/16",4.77
"Currency","2013/01/15",4.77
"Currency","2013/01/14",4.76
"Currency","2013/01/11",4.76
"Currency","2013/01/10",4.76
"Currency","2013/01/09",4.76
"Currency","2013/01/08",4.76
"Currency","2013/01/07",4.76
"Currency","2013/01/04",4.76
"Currency","2013/01/03",4.76
"Currency","2013/01/02",4.76
"Currency","2013/01/01",4.76
"Currency","2012/12/31",4.76
"Currency","2012/12/28",4.77
"Currency","2012/12/27",4.77
"Currency","2012/12/26",4.76
"Currency","2012/12/25",4.76
"Currency","2012/12/24",4.76
"Currency","2012/12/21",4.76
"Currency","2012/12/20",4.76
"Currency","2012/12/19",4.77
"Currency","2012/12/18",4.77
"Currency","2012/12/17",4.77
"Currency","2012/12/14",4.77
"Currency","2012/12/13",4.77
"Currency","2012/12/12",4.76
"Currency","2012/12/11",4.76
"Currency","2012/12/10",4.76
"Currency","2012/12/07",4.77
"Currency","2012/12/06",4.77
"Currency","2012/12/04",4.77
"Currency","2012/12/03",4.77
"Currency","2012/11/29",4.77
"Currency","2012/11/28",4.77
"Currency","2012/11/27",4.77
"Currency","2012/11/26",4.76
"Currency","2012/11/23",4.76
"Currency","2012/11/22",4.76
"Currency","2012/11/21",4.76
"Currency","2012/11/20",4.76
"Currency","2012/11/19",4.76
"Currency","2012/11/16",4.76
"Currency","2012/11/15",4.76
"Currency","2012/11/14",4.76
"Currency","2012/11/13",4.76
"Currency","2012/11/12",4.76
"Currency","2012/11/09",4.76
"Currency","2012/11/08",4.76
"Currency","2012/11/07",4.76
"Currency","2012/11/06",4.76
"Currency","2012/11/05",4.76
"Currency","2012/11/02",4.76
"Currency","2012/10/30",4.76
"Currency","2012/10/29",4.76
"Currency","2012/10/26",4.76
"Currency","2012/10/25",4.76
"Currency","2012/10/24",4.76
"Currency","2012/10/23",4.76
"Currency","2012/07/31",4.76
"Currency","2012/06/30",4.77
"Currency","2012/05/31",4.77
"Currency","2012/04/30",4.76
"Currency","2012/03/31",4.76
"Currency","2012/02/29",4.76
"Currency","2012/01/31",4.76
"Currency","2011/12/31",4.76
"Currency","2011/11/30",4.76
"Currency","2011/10/31",4.75
"Currency","2011/09/30",4.75
"Currency","2011/08/31",4.75
"Currency","2011/07/31",4.71
"Currency","2011/06/30",4.67
"Currency","2011/05/31",4.56
"Currency","2011/04/30",4.51
"Currency","2011/03/31",4.47
"Currency","2011/02/28",4.42
"Currency","2011/01/31",4.40
"Currency","2010/12/31",4.40
"Currency","2010/11/30",4.40
"Currency","2010/10/31",4.39
"Currency","2010/09/30",4.38
"Currency","2010/08/31",4.38
"Currency","2010/07/31",4.38
"Currency","2010/06/30",4.38
"Currency","2010/05/31",4.37
"Currency","2010/04/30",4.37
"Currency","2010/03/31",4.37
"Currency","2010/02/28",4.37
"Currency","2010/01/31",4.37
"Currency","2009/12/31",4.37
"Currency","2009/11/30",4.35
"Currency","2009/10/31",4.35
"Currency","2009/09/30",4.38
"Currency","2009/08/31",4.39
"Currency","2009/07/31",4.39
"Currency","2009/06/30",4.40
"Currency","2009/05/31",4.37
"Currency","2009/04/30",3.94
"Currency","2009/03/31",3.81
"Currency","2009/02/28",3.74
"Currency","2009/01/31",3.67
"Currency","2008/12/31",3.45
"Currency","2008/11/30",3.40
"Currency","2008/10/31",3.40
"Currency","2008/09/30",3.41
"Currency","2008/08/31",3.42
"Currency","2008/07/31",3.43
"Currency","2008/06/30",3.43
"Currency","2008/05/31",3.43
"Currency","2008/04/30",3.43
"Currency","2008/03/31",3.44
"Currency","2008/02/29",3.45
"Currency","2008/01/31",3.47
"Currency","2007/12/31",3.46
"Currency","2007/11/30",3.46
"Currency","2007/10/31",3.45
"Currency","2007/09/30",3.44
"Currency","2007/08/31",3.44
"Currency","2007/07/31",3.44
"Currency","2007/06/30",3.44
"Currency","2007/05/31",3.44
"Currency","2007/04/30",3.44
"Currency","2007/03/31",3.44
"Currency","2007/02/28",3.44
"Currency","2007/01/31",3.44
"Currency","2006/12/31",3.43
"Currency","2006/11/30",3.40
"Currency","2006/10/31",3.39
"Currency","2006/09/30",3.38
"Currency","2006/08/31",3.38
"Currency","2006/07/31",3.35
"Currency","2006/06/30",3.28
"Currency","2006/05/31",3.22
"Currency","2006/04/30",3.21
"Currency","2006/03/31",3.21
"Currency","2006/02/28",3.21
"Currency","2006/01/31",3.21
"Currency","2005/12/31",3.20
"Currency","2005/11/30",3.20
"Currency","2005/10/31",3.19
"Currency","2005/09/30",3.18
"Currency","2005/08/31",3.19
"Currency","2005/07/31",3.16
"Currency","2005/06/30",3.12
"Currency","2005/05/31",3.07
"Currency","2005/04/30",3.05
"Currency","2005/03/31",3.04
"Currency","2005/02/28",3.04
"Currency","2005/01/31",3.04
"Currency","2004/12/31",3.04
"Currency","2004/11/30",3.03
"Currency","2004/10/31",3.03
"Currency","2004/09/30",3.03
"Currency","2004/08/31",3.02
"Currency","2004/07/31",3.01
"Currency","2004/06/30",2.98
"Currency","2004/05/31",2.92
"Currency","2004/04/30",2.91
"Currency","2004/03/31",2.91
"Currency","2004/02/29",2.90
"Currency","2004/01/31",2.91
"Currency","2003/12/31",2.96
"Currency","2003/11/30",2.96
"Currency","2003/10/31",3.05
"Currency","2003/09/30",3.09
"Currency","2003/08/31",3.09
"Currency","2003/07/31",3.09
"Currency","2003/06/30",3.09
"Currency","2003/05/31",3.09
"Currency","2003/04/30",3.09
"Currency","2003/03/31",3.07
"Currency","2003/02/28",3.07
"Currency","2003/01/31",3.06
"Currency","2002/12/31",3.00
"Currency","2002/11/30",2.99
"Currency","2002/10/31",2.95
"Currency","2002/09/30",2.92
"Currency","2002/08/31",2.85
"Currency","2002/07/31",2.71
"Currency","2002/06/30",2.70
"Currency","2002/05/31",2.70
"Currency","2002/04/30",2.68
"Currency","2002/03/31",2.68
"Currency","2002/02/28",2.65
"Currency","2002/01/31",2.55
"Currency","2001/12/31",2.55
"Currency","2001/11/30",2.48
"Currency","2001/10/31",2.40
"Currency","2001/09/30",2.40
"Currency","2001/08/31",2.40
"Currency","2001/07/31",2.40
"Currency","2001/06/30",2.35
"Currency","2001/05/31",2.35
"Currency","2001/04/30",2.35
"Currency","2001/03/31",2.35
"Currency","2001/02/28",2.35
"Currency","2001/01/31",2.35
"Currency","2000/12/31",2.20
"Currency","2000/11/30",2.20
"Currency","2000/10/31",2.20
"Currency","2000/09/30",2.05
"Currency","2000/08/31",1.96
"Currency","2000/07/31",1.90
"Currency","2000/06/30",1.70
"Currency","2000/05/31",1.70
"Currency","2000/04/30",1.63
"Currency","2000/03/31",1.63
"Currency","2000/02/29",1.59
"Currency","2000/01/31",1.55
"","",""
"Data Source: http://www.tradingeconomics.com","",""
"Downloaded from http://vam.wfp.org on 11 Jun 2018","",""
