"Indicator","Time","Value (USD/MZN)"
"Currency","2018/06/08",58.80
"Currency","2018/06/07",58.97
"Currency","2018/06/06",58.92
"Currency","2018/06/05",58.92
"Currency","2018/06/04",59.19
"Currency","2018/06/01",59.53
"Currency","2018/05/31",60.00
"Currency","2018/05/30",59.31
"Currency","2018/05/29",59.40
"Currency","2018/05/28",60.35
"Currency","2018/05/25",59.30
"Currency","2018/05/24",60.30
"Currency","2018/05/23",59.34
"Currency","2018/05/22",59.40
"Currency","2018/05/21",60.00
"Currency","2018/05/18",60.00
"Currency","2018/05/17",59.46
"Currency","2018/05/16",59.95
"Currency","2018/05/15",59.32
"Currency","2018/05/14",59.47
"Currency","2018/05/11",59.49
"Currency","2018/05/10",59.37
"Currency","2018/05/09",59.20
"Currency","2018/05/08",59.20
"Currency","2018/05/07",59.20
"Currency","2018/05/04",59.13
"Currency","2018/05/03",58.90
"Currency","2018/05/02",58.90
"Currency","2018/05/01",58.90
"Currency","2018/04/30",59.10
"Currency","2018/04/27",58.90
"Currency","2018/04/26",59.07
"Currency","2018/04/25",58.95
"Currency","2018/04/24",59.00
"Currency","2018/04/23",59.10
"Currency","2018/04/20",59.69
"Currency","2018/04/19",60.10
"Currency","2018/04/18",60.10
"Currency","2018/04/17",60.15
"Currency","2018/04/16",60.10
"Currency","2018/04/13",60.00
"Currency","2018/04/12",60.10
"Currency","2018/04/11",60.40
"Currency","2018/04/10",60.70
"Currency","2018/04/09",60.80
"Currency","2018/04/06",60.20
"Currency","2018/04/05",61.00
"Currency","2018/04/04",60.90
"Currency","2018/04/03",61.20
"Currency","2018/04/02",61.25
"Currency","2018/03/30",61.25
"Currency","2018/03/29",61.25
"Currency","2018/03/28",61.50
"Currency","2018/03/27",61.80
"Currency","2018/03/26",61.29
"Currency","2018/03/23",62.20
"Currency","2018/03/22",62.20
"Currency","2018/03/21",62.25
"Currency","2018/03/20",61.65
"Currency","2018/03/19",61.65
"Currency","2018/03/16",62.70
"Currency","2018/03/15",61.65
"Currency","2018/03/14",62.50
"Currency","2018/03/13",61.58
"Currency","2018/03/12",62.40
"Currency","2018/03/09",62.20
"Currency","2018/03/08",62.90
"Currency","2018/03/07",62.80
"Currency","2018/03/06",61.55
"Currency","2018/03/05",62.50
"Currency","2018/03/02",61.00
"Currency","2018/03/01",61.25
"Currency","2018/02/28",61.70
"Currency","2018/02/27",61.70
"Currency","2018/02/26",60.92
"Currency","2018/02/23",60.73
"Currency","2018/02/22",61.45
"Currency","2018/02/21",61.40
"Currency","2018/02/20",61.35
"Currency","2018/02/19",60.90
"Currency","2018/02/16",60.36
"Currency","2018/02/15",60.24
"Currency","2018/02/14",60.30
"Currency","2018/02/13",61.30
"Currency","2018/02/12",60.30
"Currency","2018/02/09",60.29
"Currency","2018/02/08",60.30
"Currency","2018/02/07",61.30
"Currency","2018/02/06",60.34
"Currency","2018/02/05",60.30
"Currency","2018/02/02",60.17
"Currency","2018/02/01",60.30
"Currency","2018/01/31",59.83
"Currency","2018/01/30",59.90
"Currency","2018/01/29",59.50
"Currency","2018/01/26",59.13
"Currency","2018/01/25",59.15
"Currency","2018/01/24",59.00
"Currency","2018/01/23",58.85
"Currency","2018/01/22",58.58
"Currency","2018/01/19",58.39
"Currency","2018/01/18",58.20
"Currency","2018/01/17",58.20
"Currency","2018/01/16",58.15
"Currency","2018/01/15",58.32
"Currency","2018/01/12",58.25
"Currency","2018/01/11",58.25
"Currency","2018/01/10",58.00
"Currency","2018/01/09",58.00
"Currency","2018/01/08",58.00
"Currency","2018/01/05",58.33
"Currency","2018/01/04",58.00
"Currency","2018/01/03",58.10
"Currency","2018/01/02",58.10
"Currency","2017/12/29",58.43
"Currency","2017/12/28",58.45
"Currency","2017/12/27",58.49
"Currency","2017/12/26",58.54
"Currency","2017/12/25",58.63
"Currency","2017/12/22",58.63
"Currency","2017/12/21",58.74
"Currency","2017/12/20",58.00
"Currency","2017/12/19",59.00
"Currency","2017/12/18",59.10
"Currency","2017/12/15",59.12
"Currency","2017/12/14",59.19
"Currency","2017/12/13",59.27
"Currency","2017/12/12",59.35
"Currency","2017/12/11",59.43
"Currency","2017/12/08",59.53
"Currency","2017/12/07",59.65
"Currency","2017/12/06",60.04
"Currency","2017/12/05",59.83
"Currency","2017/12/04",60.00
"Currency","2017/12/01",60.04
"Currency","2017/11/30",60.05
"Currency","2017/11/29",60.22
"Currency","2017/11/28",60.08
"Currency","2017/11/27",60.40
"Currency","2017/11/24",60.27
"Currency","2017/11/23",60.50
"Currency","2017/11/22",60.27
"Currency","2017/11/21",60.00
"Currency","2017/11/20",60.23
"Currency","2017/11/17",60.22
"Currency","2017/11/16",60.19
"Currency","2017/11/15",60.10
"Currency","2017/11/14",60.50
"Currency","2017/11/13",60.44
"Currency","2017/11/10",60.29
"Currency","2017/11/09",60.07
"Currency","2017/11/08",60.29
"Currency","2017/11/07",60.10
"Currency","2017/11/06",60.30
"Currency","2017/11/03",60.27
"Currency","2017/11/02",60.50
"Currency","2017/11/01",60.19
"Currency","2017/10/31",60.20
"Currency","2017/10/30",60.30
"Currency","2017/10/27",60.18
"Currency","2017/10/26",60.23
"Currency","2017/10/25",60.00
"Currency","2017/10/24",60.42
"Currency","2017/10/23",60.46
"Currency","2017/10/20",60.49
"Currency","2017/10/19",60.80
"Currency","2017/10/18",60.63
"Currency","2017/10/17",60.63
"Currency","2017/10/16",61.00
"Currency","2017/10/13",60.64
"Currency","2017/10/12",60.70
"Currency","2017/10/11",60.61
"Currency","2017/10/10",60.69
"Currency","2017/10/09",60.68
"Currency","2017/10/07",60.70
"Currency","2017/10/06",60.70
"Currency","2017/10/05",60.67
"Currency","2017/10/04",60.67
"Currency","2017/10/03",60.29
"Currency","2017/10/02",60.68
"Currency","2017/09/30",60.73
"Currency","2017/09/29",60.73
"Currency","2017/09/28",60.67
"Currency","2017/09/27",60.68
"Currency","2017/09/26",60.00
"Currency","2017/09/25",60.73
"Currency","2017/09/22",60.64
"Currency","2017/09/21",60.69
"Currency","2017/09/20",60.71
"Currency","2017/09/19",60.70
"Currency","2017/09/18",60.70
"Currency","2017/09/16",60.73
"Currency","2017/09/15",60.73
"Currency","2017/09/14",60.72
"Currency","2017/09/13",60.60
"Currency","2017/09/12",60.82
"Currency","2017/09/11",60.70
"Currency","2017/09/08",60.83
"Currency","2017/09/07",60.80
"Currency","2017/09/06",60.70
"Currency","2017/09/05",60.85
"Currency","2017/09/04",60.86
"Currency","2017/09/01",60.86
"Currency","2017/08/31",60.80
"Currency","2017/08/30",60.80
"Currency","2017/08/29",60.70
"Currency","2017/08/28",60.70
"Currency","2017/08/25",60.60
"Currency","2017/08/24",60.60
"Currency","2017/08/23",60.77
"Currency","2017/08/22",60.50
"Currency","2017/08/21",60.74
"Currency","2017/08/18",60.78
"Currency","2017/08/17",60.70
"Currency","2017/08/16",60.68
"Currency","2017/08/15",60.68
"Currency","2017/08/14",60.68
"Currency","2017/08/12",60.65
"Currency","2017/08/11",60.65
"Currency","2017/08/10",60.66
"Currency","2017/08/09",60.67
"Currency","2017/08/08",60.55
"Currency","2017/08/07",60.71
"Currency","2017/08/04",60.68
"Currency","2017/08/03",60.66
"Currency","2017/08/02",60.65
"Currency","2017/08/01",60.63
"Currency","2017/07/31",60.00
"Currency","2017/07/28",60.55
"Currency","2017/07/27",60.94
"Currency","2017/07/26",60.10
"Currency","2017/07/25",60.50
"Currency","2017/07/24",60.34
"Currency","2017/07/21",60.50
"Currency","2017/07/20",60.28
"Currency","2017/07/19",60.35
"Currency","2017/07/18",60.27
"Currency","2017/07/17",60.14
"Currency","2017/07/14",60.01
"Currency","2017/07/13",60.07
"Currency","2017/07/12",60.09
"Currency","2017/07/11",59.98
"Currency","2017/07/10",59.99
"Currency","2017/07/07",59.80
"Currency","2017/07/06",59.96
"Currency","2017/07/05",59.50
"Currency","2017/07/04",59.50
"Currency","2017/07/03",59.60
"Currency","2017/06/30",59.85
"Currency","2017/06/29",59.60
"Currency","2017/06/28",59.00
"Currency","2017/06/27",59.87
"Currency","2017/06/26",59.69
"Currency","2017/06/23",59.80
"Currency","2017/06/22",59.68
"Currency","2017/06/21",59.78
"Currency","2017/06/20",59.70
"Currency","2017/06/19",59.87
"Currency","2017/06/17",59.78
"Currency","2017/06/16",59.78
"Currency","2017/06/15",60.20
"Currency","2017/06/14",59.86
"Currency","2017/06/13",59.95
"Currency","2017/06/12",59.98
"Currency","2017/06/09",59.95
"Currency","2017/06/08",60.02
"Currency","2017/06/07",60.03
"Currency","2017/06/06",59.85
"Currency","2017/06/05",59.49
"Currency","2017/06/02",59.50
"Currency","2017/06/01",59.50
"Currency","2017/05/31",58.70
"Currency","2017/05/30",58.70
"Currency","2017/05/29",59.06
"Currency","2017/05/26",59.15
"Currency","2017/05/25",59.59
"Currency","2017/05/24",59.30
"Currency","2017/05/23",59.50
"Currency","2017/05/22",70.44
"Currency","2017/05/20",70.44
"Currency","2017/05/19",70.44
"Currency","2017/05/18",70.44
"Currency","2017/05/17",70.44
"Currency","2017/05/15",61.00
"Currency","2017/05/12",61.63
"Currency","2017/05/11",62.21
"Currency","2017/05/10",62.21
"Currency","2017/05/09",62.76
"Currency","2017/05/08",62.94
"Currency","2017/05/05",63.03
"Currency","2017/05/04",63.00
"Currency","2017/05/03",63.90
"Currency","2017/05/02",63.83
"Currency","2017/05/01",64.05
"Currency","2017/04/28",64.05
"Currency","2017/04/27",65.00
"Currency","2017/04/26",65.00
"Currency","2017/04/21",64.86
"Currency","2017/04/20",65.05
"Currency","2017/04/19",70.44
"Currency","2017/04/18",70.44
"Currency","2017/04/17",65.37
"Currency","2017/04/15",70.44
"Currency","2017/04/14",70.44
"Currency","2017/04/13",70.44
"Currency","2017/04/12",70.44
"Currency","2017/04/11",70.44
"Currency","2017/04/10",65.82
"Currency","2017/04/07",66.50
"Currency","2017/04/04",66.12
"Currency","2017/04/03",66.40
"Currency","2017/03/31",70.44
"Currency","2017/03/30",70.44
"Currency","2017/03/29",70.44
"Currency","2017/03/28",70.44
"Currency","2017/03/27",67.26
"Currency","2017/03/24",70.44
"Currency","2017/03/23",70.44
"Currency","2017/03/22",70.44
"Currency","2017/03/20",70.44
"Currency","2017/03/17",70.44
"Currency","2017/03/16",70.44
"Currency","2017/03/15",70.44
"Currency","2017/03/14",69.00
"Currency","2017/03/13",69.00
"Currency","2017/03/10",68.17
"Currency","2017/03/09",70.44
"Currency","2017/03/08",69.00
"Currency","2017/03/07",70.44
"Currency","2017/03/06",70.00
"Currency","2017/03/03",70.00
"Currency","2017/03/02",70.44
"Currency","2017/03/01",70.00
"Currency","2017/02/28",70.00
"Currency","2017/02/27",70.00
"Currency","2017/02/24",70.44
"Currency","2017/02/23",70.21
"Currency","2017/02/22",70.44
"Currency","2017/02/21",69.21
"Currency","2017/02/20",70.44
"Currency","2017/02/17",70.00
"Currency","2017/02/16",70.40
"Currency","2017/02/15",70.44
"Currency","2017/02/14",70.00
"Currency","2017/02/13",70.44
"Currency","2017/02/10",70.00
"Currency","2017/02/09",70.44
"Currency","2017/02/08",70.44
"Currency","2017/02/07",70.44
"Currency","2017/02/06",70.44
"Currency","2017/02/03",70.00
"Currency","2017/02/02",70.44
"Currency","2017/02/01",69.89
"Currency","2017/01/31",70.31
"Currency","2017/01/30",69.87
"Currency","2017/01/28",70.34
"Currency","2017/01/27",70.34
"Currency","2017/01/26",70.15
"Currency","2017/01/25",70.16
"Currency","2017/01/24",70.44
"Currency","2017/01/23",70.39
"Currency","2017/01/21",70.67
"Currency","2017/01/20",70.08
"Currency","2017/01/19",69.73
"Currency","2017/01/18",70.62
"Currency","2017/01/17",70.72
"Currency","2017/01/16",70.63
"Currency","2017/01/13",69.73
"Currency","2017/01/12",70.69
"Currency","2017/01/11",70.77
"Currency","2017/01/10",70.80
"Currency","2017/01/09",70.05
"Currency","2017/01/06",70.85
"Currency","2017/01/05",71.13
"Currency","2017/01/04",71.08
"Currency","2017/01/03",71.11
"Currency","2017/01/02",71.24
"Currency","2016/12/30",71.23
"Currency","2016/12/29",71.00
"Currency","2016/12/28",70.91
"Currency","2016/12/27",73.73
"Currency","2016/12/26",72.04
"Currency","2016/12/23",72.03
"Currency","2016/12/22",71.77
"Currency","2016/12/21",71.95
"Currency","2016/12/20",73.73
"Currency","2016/12/19",72.28
"Currency","2016/12/16",72.45
"Currency","2016/12/15",72.57
"Currency","2016/12/14",72.74
"Currency","2016/12/13",72.00
"Currency","2016/12/12",72.85
"Currency","2016/12/10",73.43
"Currency","2016/12/09",73.43
"Currency","2016/12/08",72.68
"Currency","2016/12/07",73.58
"Currency","2016/12/06",73.80
"Currency","2016/12/05",72.76
"Currency","2016/12/02",73.96
"Currency","2016/12/01",74.16
"Currency","2016/11/30",74.05
"Currency","2016/11/29",74.44
"Currency","2016/11/28",74.77
"Currency","2016/11/25",74.85
"Currency","2016/11/24",75.20
"Currency","2016/11/23",75.20
"Currency","2016/11/22",75.21
"Currency","2016/11/21",75.73
"Currency","2016/11/19",75.90
"Currency","2016/11/18",75.90
"Currency","2016/11/17",76.11
"Currency","2016/11/16",76.23
"Currency","2016/11/15",76.36
"Currency","2016/11/14",77.57
"Currency","2016/11/11",76.77
"Currency","2016/11/10",76.82
"Currency","2016/11/09",76.83
"Currency","2016/11/08",76.53
"Currency","2016/11/07",77.12
"Currency","2016/11/04",76.54
"Currency","2016/11/03",77.12
"Currency","2016/11/02",77.09
"Currency","2016/11/01",77.28
"Currency","2016/10/31",76.98
"Currency","2016/10/28",76.82
"Currency","2016/10/27",77.13
"Currency","2016/10/26",77.19
"Currency","2016/10/25",77.35
"Currency","2016/10/24",77.68
"Currency","2016/10/21",78.25
"Currency","2016/10/20",78.31
"Currency","2016/10/19",77.00
"Currency","2016/10/18",77.25
"Currency","2016/10/17",77.93
"Currency","2016/10/14",77.87
"Currency","2016/10/13",77.23
"Currency","2016/10/12",78.39
"Currency","2016/10/11",78.39
"Currency","2016/10/10",77.39
"Currency","2016/10/07",77.24
"Currency","2016/10/06",77.44
"Currency","2016/10/05",77.28
"Currency","2016/10/04",78.45
"Currency","2016/10/03",78.00
"Currency","2016/10/01",77.98
"Currency","2016/09/30",77.98
"Currency","2016/09/29",77.42
"Currency","2016/09/28",77.18
"Currency","2016/09/27",77.18
"Currency","2016/09/26",76.81
"Currency","2016/09/24",76.80
"Currency","2016/09/23",76.80
"Currency","2016/09/22",76.57
"Currency","2016/09/21",76.57
"Currency","2016/09/20",76.81
"Currency","2016/09/19",77.31
"Currency","2016/09/17",76.78
"Currency","2016/09/16",76.78
"Currency","2016/09/15",75.88
"Currency","2016/09/14",77.12
"Currency","2016/09/13",75.92
"Currency","2016/09/12",76.79
"Currency","2016/09/10",75.54
"Currency","2016/09/09",75.54
"Currency","2016/09/08",75.54
"Currency","2016/09/07",73.50
"Currency","2016/09/06",73.51
"Currency","2016/09/05",68.96
"Currency","2016/09/03",73.13
"Currency","2016/09/02",73.13
"Currency","2016/09/01",73.01
"Currency","2016/08/31",72.91
"Currency","2016/08/30",73.06
"Currency","2016/08/29",72.47
"Currency","2016/08/26",72.27
"Currency","2016/08/25",73.09
"Currency","2016/08/24",72.04
"Currency","2016/08/23",76.50
"Currency","2016/08/22",71.84
"Currency","2016/08/19",72.16
"Currency","2016/08/18",71.66
"Currency","2016/08/17",71.66
"Currency","2016/08/16",70.65
"Currency","2016/08/15",71.65
"Currency","2016/08/12",72.18
"Currency","2016/08/11",69.00
"Currency","2016/08/10",69.46
"Currency","2016/08/09",69.17
"Currency","2016/08/08",69.05
"Currency","2016/08/05",68.68
"Currency","2016/08/04",68.68
"Currency","2016/08/03",68.63
"Currency","2016/08/02",68.96
"Currency","2016/08/01",69.12
"Currency","2016/07/29",68.26
"Currency","2016/07/28",67.94
"Currency","2016/07/27",67.65
"Currency","2016/07/26",66.25
"Currency","2016/07/25",67.46
"Currency","2016/07/22",66.55
"Currency","2016/07/21",66.26
"Currency","2016/07/20",65.53
"Currency","2016/07/19",65.75
"Currency","2016/07/18",65.62
"Currency","2016/07/15",66.00
"Currency","2016/07/14",65.60
"Currency","2016/07/13",65.00
"Currency","2016/07/12",65.60
"Currency","2016/07/11",63.44
"Currency","2016/07/08",64.21
"Currency","2016/07/07",64.27
"Currency","2016/07/06",63.91
"Currency","2016/07/05",64.35
"Currency","2016/07/04",63.45
"Currency","2016/07/01",63.45
"Currency","2016/06/30",63.24
"Currency","2016/06/29",63.54
"Currency","2016/06/28",62.67
"Currency","2016/06/27",62.67
"Currency","2016/06/24",62.55
"Currency","2016/06/23",61.96
"Currency","2016/06/22",62.33
"Currency","2016/06/21",63.00
"Currency","2016/06/20",62.18
"Currency","2016/06/17",60.94
"Currency","2016/06/16",61.12
"Currency","2016/06/15",60.22
"Currency","2016/06/14",61.13
"Currency","2016/06/13",59.65
"Currency","2016/06/10",60.21
"Currency","2016/06/09",59.20
"Currency","2016/06/08",59.21
"Currency","2016/06/07",58.60
"Currency","2016/06/06",57.93
"Currency","2016/06/04",58.50
"Currency","2016/06/03",58.50
"Currency","2016/06/02",58.35
"Currency","2016/06/01",58.22
"Currency","2016/05/31",58.32
"Currency","2016/05/30",56.66
"Currency","2016/05/27",56.66
"Currency","2016/05/26",56.66
"Currency","2016/05/25",56.66
"Currency","2016/05/24",55.98
"Currency","2016/05/23",55.69
"Currency","2016/05/20",55.26
"Currency","2016/05/19",54.70
"Currency","2016/05/18",54.90
"Currency","2016/05/17",54.61
"Currency","2016/05/16",54.23
"Currency","2016/05/13",54.23
"Currency","2016/05/12",53.51
"Currency","2016/05/11",53.53
"Currency","2016/05/10",54.42
"Currency","2016/05/09",54.49
"Currency","2016/05/06",54.02
"Currency","2016/05/05",53.99
"Currency","2016/05/04",53.71
"Currency","2016/05/03",53.49
"Currency","2016/05/02",53.49
"Currency","2016/04/29",53.07
"Currency","2016/04/28",53.70
"Currency","2016/04/27",52.80
"Currency","2016/04/26",52.80
"Currency","2016/04/25",53.05
"Currency","2016/04/23",52.72
"Currency","2016/04/22",52.72
"Currency","2016/04/21",52.65
"Currency","2016/04/20",52.65
"Currency","2016/04/19",52.52
"Currency","2016/04/18",51.67
"Currency","2016/04/15",52.33
"Currency","2016/04/14",51.41
"Currency","2016/04/13",51.85
"Currency","2016/04/12",52.45
"Currency","2016/04/11",52.47
"Currency","2016/04/09",51.56
"Currency","2016/04/08",51.56
"Currency","2016/04/07",50.75
"Currency","2016/04/06",50.79
"Currency","2016/04/05",50.50
"Currency","2016/04/04",50.45
"Currency","2016/04/01",50.54
"Currency","2016/03/31",51.66
"Currency","2016/03/30",51.95
"Currency","2016/03/29",51.54
"Currency","2016/03/28",51.50
"Currency","2016/03/25",51.99
"Currency","2016/03/24",51.99
"Currency","2016/03/23",52.00
"Currency","2016/03/22",50.90
"Currency","2016/03/21",51.13
"Currency","2016/03/18",51.11
"Currency","2016/03/17",50.58
"Currency","2016/03/16",49.80
"Currency","2016/03/15",51.08
"Currency","2016/03/14",50.97
"Currency","2016/03/13",50.46
"Currency","2016/03/11",50.50
"Currency","2016/03/10",50.71
"Currency","2016/03/09",50.55
"Currency","2016/03/08",50.21
"Currency","2016/03/07",49.17
"Currency","2016/03/06",50.30
"Currency","2016/03/04",50.30
"Currency","2016/03/03",49.89
"Currency","2016/03/02",49.95
"Currency","2016/03/01",48.69
"Currency","2016/02/29",48.69
"Currency","2016/02/28",48.35
"Currency","2016/02/26",48.35
"Currency","2016/02/25",49.10
"Currency","2016/02/24",48.55
"Currency","2016/02/23",48.23
"Currency","2016/02/22",48.43
"Currency","2016/02/19",49.28
"Currency","2016/02/18",48.07
"Currency","2016/02/17",47.69
"Currency","2016/02/16",48.60
"Currency","2016/02/15",48.37
"Currency","2016/02/12",48.39
"Currency","2016/02/11",49.93
"Currency","2016/02/10",49.08
"Currency","2016/02/09",49.23
"Currency","2016/02/08",48.73
"Currency","2016/02/05",48.51
"Currency","2016/02/04",47.93
"Currency","2016/02/03",47.86
"Currency","2016/02/02",47.84
"Currency","2016/02/01",47.63
"Currency","2016/01/29",45.23
"Currency","2016/01/28",45.50
"Currency","2016/01/27",47.39
"Currency","2016/01/26",45.43
"Currency","2016/01/25",47.32
"Currency","2016/01/22",46.20
"Currency","2016/01/21",45.45
"Currency","2016/01/20",44.48
"Currency","2016/01/19",46.50
"Currency","2016/01/18",46.50
"Currency","2016/01/15",46.50
"Currency","2016/01/14",47.26
"Currency","2016/01/13",47.26
"Currency","2016/01/12",47.31
"Currency","2016/01/11",46.46
"Currency","2016/01/10",46.83
"Currency","2016/01/08",46.83
"Currency","2016/01/07",46.63
"Currency","2016/01/06",46.63
"Currency","2016/01/05",45.05
"Currency","2016/01/04",45.30
"Currency","2016/01/01",48.00
"Currency","2015/12/31",48.00
"Currency","2015/12/30",48.00
"Currency","2015/12/29",48.50
"Currency","2015/12/28",48.42
"Currency","2015/12/25",48.42
"Currency","2015/12/24",48.42
"Currency","2015/12/23",48.75
"Currency","2015/12/22",48.40
"Currency","2015/12/21",49.19
"Currency","2015/12/20",48.80
"Currency","2015/12/18",48.80
"Currency","2015/12/17",49.91
"Currency","2015/12/16",50.03
"Currency","2015/12/15",51.27
"Currency","2015/12/14",51.27
"Currency","2015/12/11",51.27
"Currency","2015/12/10",50.50
"Currency","2015/12/09",51.00
"Currency","2015/12/08",51.50
"Currency","2015/12/07",51.50
"Currency","2015/12/06",52.50
"Currency","2015/12/04",52.50
"Currency","2015/12/03",53.03
"Currency","2015/12/02",53.50
"Currency","2015/12/01",54.25
"Currency","2015/11/30",54.24
"Currency","2015/11/28",56.38
"Currency","2015/11/27",56.38
"Currency","2015/11/26",56.38
"Currency","2015/11/25",56.48
"Currency","2015/11/24",53.80
"Currency","2015/11/23",45.12
"Currency","2015/11/20",45.12
"Currency","2015/11/19",45.23
"Currency","2015/11/18",45.23
"Currency","2015/11/17",45.23
"Currency","2015/11/16",45.23
"Currency","2015/11/13",45.25
"Currency","2015/11/12",45.25
"Currency","2015/11/11",45.25
"Currency","2015/11/10",44.32
"Currency","2015/11/09",44.44
"Currency","2015/11/08",44.54
"Currency","2015/11/06",44.54
"Currency","2015/11/05",44.35
"Currency","2015/11/04",43.84
"Currency","2015/11/03",43.84
"Currency","2015/11/02",43.13
"Currency","2015/11/01",42.65
"Currency","2015/10/30",42.65
"Currency","2015/10/29",42.73
"Currency","2015/10/28",42.85
"Currency","2015/10/27",42.80
"Currency","2015/10/26",42.74
"Currency","2015/10/25",42.73
"Currency","2015/10/23",42.73
"Currency","2015/10/22",42.75
"Currency","2015/10/21",42.82
"Currency","2015/10/20",42.82
"Currency","2015/10/19",42.73
"Currency","2015/10/18",42.73
"Currency","2015/10/16",42.73
"Currency","2015/10/15",42.74
"Currency","2015/10/14",42.73
"Currency","2015/10/13",42.42
"Currency","2015/10/12",42.42
"Currency","2015/10/09",42.42
"Currency","2015/10/08",42.45
"Currency","2015/10/07",42.53
"Currency","2015/10/06",42.40
"Currency","2015/10/05",42.50
"Currency","2015/10/04",42.50
"Currency","2015/10/02",42.50
"Currency","2015/10/01",42.50
"Currency","2015/09/30",42.50
"Currency","2015/09/29",42.73
"Currency","2015/09/28",42.50
"Currency","2015/09/27",42.50
"Currency","2015/09/26",42.50
"Currency","2015/09/25",42.50
"Currency","2015/09/24",42.50
"Currency","2015/09/23",42.75
"Currency","2015/09/22",43.43
"Currency","2015/09/21",43.43
"Currency","2015/09/20",43.17
"Currency","2015/09/18",43.17
"Currency","2015/09/17",43.17
"Currency","2015/09/16",43.17
"Currency","2015/09/15",43.00
"Currency","2015/09/14",43.17
"Currency","2015/09/13",43.09
"Currency","2015/09/11",43.09
"Currency","2015/09/10",43.08
"Currency","2015/09/09",43.00
"Currency","2015/09/08",42.91
"Currency","2015/09/07",42.80
"Currency","2015/09/06",42.61
"Currency","2015/09/04",42.61
"Currency","2015/09/03",42.59
"Currency","2015/09/02",41.11
"Currency","2015/09/01",41.33
"Currency","2015/08/31",41.28
"Currency","2015/08/30",41.26
"Currency","2015/08/28",41.26
"Currency","2015/08/27",41.26
"Currency","2015/08/26",40.86
"Currency","2015/08/25",40.46
"Currency","2015/08/24",40.46
"Currency","2015/08/21",39.90
"Currency","2015/08/20",39.63
"Currency","2015/08/19",39.18
"Currency","2015/08/18",39.18
"Currency","2015/08/17",39.23
"Currency","2015/08/14",39.25
"Currency","2015/08/13",39.08
"Currency","2015/08/12",38.95
"Currency","2015/08/11",38.80
"Currency","2015/08/10",38.78
"Currency","2015/08/07",38.83
"Currency","2015/08/05",38.05
"Currency","2015/08/04",38.05
"Currency","2015/08/03",37.75
"Currency","2015/07/31",37.75
"Currency","2015/07/30",37.81
"Currency","2015/07/29",38.01
"Currency","2015/07/28",37.81
"Currency","2015/07/27",37.90
"Currency","2015/07/24",37.90
"Currency","2015/07/23",37.90
"Currency","2015/07/22",37.85
"Currency","2015/07/21",37.85
"Currency","2015/07/20",37.75
"Currency","2015/07/17",37.75
"Currency","2015/07/16",38.20
"Currency","2015/07/15",38.15
"Currency","2015/07/14",38.00
"Currency","2015/07/13",38.10
"Currency","2015/07/12",38.45
"Currency","2015/07/10",38.00
"Currency","2015/07/09",38.20
"Currency","2015/07/08",38.25
"Currency","2015/07/07",38.25
"Currency","2015/07/06",38.05
"Currency","2015/07/04",38.55
"Currency","2015/07/03",38.05
"Currency","2015/07/02",38.05
"Currency","2015/07/01",38.05
"Currency","2015/06/30",38.05
"Currency","2015/06/29",38.00
"Currency","2015/06/26",37.95
"Currency","2015/06/25",37.80
"Currency","2015/06/24",37.75
"Currency","2015/06/23",37.75
"Currency","2015/06/22",38.00
"Currency","2015/06/19",37.95
"Currency","2015/06/18",37.75
"Currency","2015/06/17",37.25
"Currency","2015/06/16",37.20
"Currency","2015/06/15",37.25
"Currency","2015/06/12",37.20
"Currency","2015/06/11",36.85
"Currency","2015/06/10",36.75
"Currency","2015/06/09",36.90
"Currency","2015/06/08",37.00
"Currency","2015/06/05",36.65
"Currency","2015/06/04",37.55
"Currency","2015/06/03",36.85
"Currency","2015/06/02",36.80
"Currency","2015/06/01",37.00
"Currency","2015/05/29",36.85
"Currency","2015/05/28",36.00
"Currency","2015/05/27",37.05
"Currency","2015/05/26",37.00
"Currency","2015/05/25",37.00
"Currency","2015/05/22",37.00
"Currency","2015/05/21",36.95
"Currency","2015/05/20",35.57
"Currency","2015/05/19",35.50
"Currency","2015/05/18",35.50
"Currency","2015/05/15",35.40
"Currency","2015/05/14",35.41
"Currency","2015/05/13",35.41
"Currency","2015/05/12",35.35
"Currency","2015/05/11",34.70
"Currency","2015/05/08",35.21
"Currency","2015/05/07",35.10
"Currency","2015/05/06",35.20
"Currency","2015/05/05",35.00
"Currency","2015/05/04",34.60
"Currency","2015/05/01",32.10
"Currency","2015/04/30",35.05
"Currency","2015/04/29",34.70
"Currency","2015/04/28",35.10
"Currency","2015/04/27",34.90
"Currency","2015/04/24",34.80
"Currency","2015/04/23",34.85
"Currency","2015/04/22",34.61
"Currency","2015/04/21",34.20
"Currency","2015/04/20",34.31
"Currency","2015/04/17",34.35
"Currency","2015/04/16",34.50
"Currency","2015/04/15",34.75
"Currency","2015/04/14",34.80
"Currency","2015/04/13",35.35
"Currency","2015/04/10",35.65
"Currency","2015/04/09",35.40
"Currency","2015/04/08",35.53
"Currency","2015/04/07",35.80
"Currency","2015/04/06",36.00
"Currency","2015/04/03",36.50
"Currency","2015/04/02",36.50
"Currency","2015/04/01",35.75
"Currency","2015/03/31",36.50
"Currency","2015/03/30",34.20
"Currency","2015/03/27",34.20
"Currency","2015/03/26",34.43
"Currency","2015/03/25",33.77
"Currency","2015/03/24",34.65
"Currency","2015/03/23",34.50
"Currency","2015/03/20",34.47
"Currency","2015/03/19",34.03
"Currency","2015/03/18",33.81
"Currency","2015/03/17",33.75
"Currency","2015/03/16",33.31
"Currency","2015/03/13",33.17
"Currency","2015/03/12",33.17
"Currency","2015/03/11",33.41
"Currency","2015/03/10",33.33
"Currency","2015/03/09",33.83
"Currency","2015/03/06",32.87
"Currency","2015/03/05",33.16
"Currency","2015/03/04",33.16
"Currency","2015/03/03",33.71
"Currency","2015/03/02",32.85
"Currency","2015/02/27",33.33
"Currency","2015/02/26",33.55
"Currency","2015/02/25",33.51
"Currency","2015/02/24",33.51
"Currency","2015/02/23",33.70
"Currency","2015/02/20",33.33
"Currency","2015/02/19",33.45
"Currency","2015/02/18",33.45
"Currency","2015/02/17",33.09
"Currency","2015/02/16",33.30
"Currency","2015/02/13",33.30
"Currency","2015/02/12",33.45
"Currency","2015/02/11",32.80
"Currency","2015/02/10",32.00
"Currency","2015/02/09",33.35
"Currency","2015/02/06",33.35
"Currency","2015/02/05",31.70
"Currency","2015/02/04",31.70
"Currency","2015/02/03",32.00
"Currency","2015/02/02",32.60
"Currency","2015/01/30",32.55
"Currency","2015/01/29",32.45
"Currency","2015/01/28",32.15
"Currency","2015/01/27",32.15
"Currency","2015/01/26",32.03
"Currency","2015/01/23",31.95
"Currency","2015/01/22",31.85
"Currency","2015/01/21",31.75
"Currency","2015/01/20",32.01
"Currency","2015/01/19",31.45
"Currency","2015/01/16",31.45
"Currency","2015/01/15",31.73
"Currency","2015/01/14",31.73
"Currency","2015/01/13",31.90
"Currency","2015/01/12",31.90
"Currency","2015/01/09",31.95
"Currency","2015/01/08",31.80
"Currency","2015/01/07",32.00
"Currency","2015/01/06",32.00
"Currency","2015/01/05",31.83
"Currency","2015/01/02",31.56
"Currency","2015/01/01",33.36
"Currency","2014/12/31",33.41
"Currency","2014/12/30",33.53
"Currency","2014/12/29",33.39
"Currency","2014/12/26",33.43
"Currency","2014/12/25",33.43
"Currency","2014/12/24",33.43
"Currency","2014/12/23",33.51
"Currency","2014/12/22",33.65
"Currency","2014/12/19",33.83
"Currency","2014/12/18",33.31
"Currency","2014/12/17",33.35
"Currency","2014/12/16",33.35
"Currency","2014/12/12",31.93
"Currency","2014/12/11",32.43
"Currency","2014/12/10",32.07
"Currency","2014/12/09",32.05
"Currency","2014/12/08",31.50
"Currency","2014/12/05",31.51
"Currency","2014/12/04",31.51
"Currency","2014/12/03",31.50
"Currency","2014/12/02",31.59
"Currency","2014/12/01",31.51
"Currency","2014/11/28",30.95
"Currency","2014/11/27",31.39
"Currency","2014/11/26",31.39
"Currency","2014/11/25",31.50
"Currency","2014/11/24",31.43
"Currency","2014/11/23",31.70
"Currency","2014/11/22",31.78
"Currency","2014/11/21",31.43
"Currency","2014/11/20",30.91
"Currency","2014/11/19",31.19
"Currency","2014/11/18",30.60
"Currency","2014/11/17",30.60
"Currency","2014/11/16",30.85
"Currency","2014/11/15",30.95
"Currency","2014/11/14",30.65
"Currency","2014/11/13",30.60
"Currency","2014/11/12",30.60
"Currency","2014/11/11",30.70
"Currency","2014/11/10",30.65
"Currency","2014/11/09",31.55
"Currency","2014/11/08",31.30
"Currency","2014/11/07",30.65
"Currency","2014/11/06",31.00
"Currency","2014/11/05",30.90
"Currency","2014/11/04",30.80
"Currency","2014/11/03",30.63
"Currency","2014/11/02",30.83
"Currency","2014/11/01",30.93
"Currency","2014/10/31",30.63
"Currency","2014/10/30",30.63
"Currency","2014/10/29",30.61
"Currency","2014/10/28",30.61
"Currency","2014/10/27",30.61
"Currency","2014/10/26",31.10
"Currency","2014/10/25",30.90
"Currency","2014/10/24",30.61
"Currency","2014/10/23",30.67
"Currency","2014/10/22",30.70
"Currency","2014/10/21",30.70
"Currency","2014/10/20",30.70
"Currency","2014/10/19",30.90
"Currency","2014/10/18",30.97
"Currency","2014/10/17",30.75
"Currency","2014/10/16",30.70
"Currency","2014/10/15",30.45
"Currency","2014/10/14",30.60
"Currency","2014/10/13",30.90
"Currency","2014/10/12",31.10
"Currency","2014/10/11",31.10
"Currency","2014/10/10",30.75
"Currency","2014/10/09",30.75
"Currency","2014/10/08",30.59
"Currency","2014/10/07",30.60
"Currency","2014/10/06",30.51
"Currency","2014/10/05",31.35
"Currency","2014/10/04",31.35
"Currency","2014/10/03",30.59
"Currency","2014/10/02",30.73
"Currency","2014/10/01",30.73
"Currency","2014/09/30",30.70
"Currency","2014/09/29",30.20
"Currency","2014/09/28",30.55
"Currency","2014/09/27",30.55
"Currency","2014/09/26",30.27
"Currency","2014/09/25",30.20
"Currency","2014/09/24",30.40
"Currency","2014/09/23",30.46
"Currency","2014/09/22",30.46
"Currency","2014/09/21",30.62
"Currency","2014/09/20",30.71
"Currency","2014/09/19",30.46
"Currency","2014/09/18",30.45
"Currency","2014/09/17",30.47
"Currency","2014/09/16",30.33
"Currency","2014/09/15",30.26
"Currency","2014/09/14",30.40
"Currency","2014/09/13",30.47
"Currency","2014/09/12",30.20
"Currency","2014/09/11",30.20
"Currency","2014/09/10",30.25
"Currency","2014/09/09",30.30
"Currency","2014/09/08",30.41
"Currency","2014/09/05",30.39
"Currency","2014/09/04",30.38
"Currency","2014/09/03",30.38
"Currency","2014/09/02",30.38
"Currency","2014/09/01",30.38
"Currency","2014/08/29",30.38
"Currency","2014/08/28",30.38
"Currency","2014/08/27",30.38
"Currency","2014/08/26",30.38
"Currency","2014/08/25",30.35
"Currency","2014/08/22",30.35
"Currency","2014/08/21",30.33
"Currency","2014/08/20",30.33
"Currency","2014/08/19",30.15
"Currency","2014/08/18",30.15
"Currency","2014/08/15",30.05
"Currency","2014/08/14",30.10
"Currency","2014/08/13",30.10
"Currency","2014/08/12",30.32
"Currency","2014/08/11",30.15
"Currency","2014/08/08",30.15
"Currency","2014/08/07",30.03
"Currency","2014/08/06",30.05
"Currency","2014/08/05",30.10
"Currency","2014/08/04",30.21
"Currency","2014/08/01",30.21
"Currency","2014/07/31",30.11
"Currency","2014/07/30",30.33
"Currency","2014/07/29",30.33
"Currency","2014/07/28",30.05
"Currency","2014/07/25",30.50
"Currency","2014/07/24",30.53
"Currency","2014/07/23",30.70
"Currency","2014/07/22",30.69
"Currency","2014/07/21",30.70
"Currency","2014/07/19",30.95
"Currency","2014/07/18",30.70
"Currency","2014/07/17",30.70
"Currency","2014/07/16",30.90
"Currency","2014/07/15",30.91
"Currency","2014/07/14",30.91
"Currency","2014/07/13",31.05
"Currency","2014/07/12",31.05
"Currency","2014/07/11",30.87
"Currency","2014/07/10",30.61
"Currency","2014/07/09",30.87
"Currency","2014/07/08",31.23
"Currency","2014/07/07",31.31
"Currency","2014/07/06",30.95
"Currency","2014/07/05",30.95
"Currency","2014/07/04",31.33
"Currency","2014/07/03",31.33
"Currency","2014/07/02",31.31
"Currency","2014/07/01",31.30
"Currency","2014/06/30",31.30
"Currency","2014/06/29",31.45
"Currency","2014/06/28",31.54
"Currency","2014/06/27",31.31
"Currency","2014/06/26",31.31
"Currency","2014/06/25",31.31
"Currency","2014/06/24",31.25
"Currency","2014/06/23",31.30
"Currency","2014/06/22",31.45
"Currency","2014/06/21",31.50
"Currency","2014/06/20",31.31
"Currency","2014/06/19",31.31
"Currency","2014/06/18",31.31
"Currency","2014/06/17",31.33
"Currency","2014/06/16",31.33
"Currency","2014/06/15",31.51
"Currency","2014/06/14",31.51
"Currency","2014/06/13",31.30
"Currency","2014/06/12",31.21
"Currency","2014/06/11",31.31
"Currency","2014/06/10",31.30
"Currency","2014/06/09",31.31
"Currency","2014/06/08",31.48
"Currency","2014/06/07",31.55
"Currency","2014/06/06",31.33
"Currency","2014/06/05",31.31
"Currency","2014/06/04",31.31
"Currency","2014/06/03",31.39
"Currency","2014/06/02",31.33
"Currency","2014/06/01",31.50
"Currency","2014/05/31",31.57
"Currency","2014/05/30",31.36
"Currency","2014/05/29",31.37
"Currency","2014/05/28",31.30
"Currency","2014/05/27",31.31
"Currency","2014/05/26",31.31
"Currency","2014/05/24",31.51
"Currency","2014/05/23",31.31
"Currency","2014/05/22",31.33
"Currency","2014/05/21",31.31
"Currency","2014/05/20",31.31
"Currency","2014/05/19",31.31
"Currency","2014/05/18",31.47
"Currency","2014/05/17",31.54
"Currency","2014/05/16",31.31
"Currency","2014/05/15",31.25
"Currency","2014/05/14",31.33
"Currency","2014/05/13",31.27
"Currency","2014/05/12",31.33
"Currency","2014/05/11",31.45
"Currency","2014/05/10",31.45
"Currency","2014/05/09",31.30
"Currency","2014/05/08",31.31
"Currency","2014/05/07",31.30
"Currency","2014/05/06",30.54
"Currency","2014/05/05",30.77
"Currency","2014/05/04",31.27
"Currency","2014/05/03",31.27
"Currency","2014/05/02",30.81
"Currency","2014/05/01",30.81
"Currency","2014/04/30",30.87
"Currency","2014/04/29",30.87
"Currency","2014/04/28",30.77
"Currency","2014/04/27",30.93
"Currency","2014/04/26",30.93
"Currency","2014/04/25",31.15
"Currency","2014/04/24",31.17
"Currency","2014/04/23",31.17
"Currency","2014/04/22",31.21
"Currency","2014/04/21",31.20
"Currency","2014/04/20",31.03
"Currency","2014/04/19",31.03
"Currency","2014/04/18",31.21
"Currency","2014/04/17",31.11
"Currency","2014/04/16",31.15
"Currency","2014/04/15",31.15
"Currency","2014/04/14",31.17
"Currency","2014/04/13",31.31
"Currency","2014/04/12",31.31
"Currency","2014/04/11",31.17
"Currency","2014/04/10",31.51
"Currency","2014/04/09",31.11
"Currency","2014/04/08",31.10
"Currency","2014/04/07",31.17
"Currency","2014/04/06",31.36
"Currency","2014/04/05",31.36
"Currency","2014/04/04",31.10
"Currency","2014/04/03",30.13
"Currency","2014/04/02",31.10
"Currency","2014/04/01",31.10
"Currency","2014/03/31",31.03
"Currency","2014/03/30",31.15
"Currency","2014/03/29",31.22
"Currency","2014/03/28",31.01
"Currency","2014/03/27",31.01
"Currency","2014/03/26",31.05
"Currency","2014/03/25",31.61
"Currency","2014/03/24",31.61
"Currency","2014/03/23",31.53
"Currency","2014/03/22",31.53
"Currency","2014/03/21",31.61
"Currency","2014/03/20",31.11
"Currency","2014/03/19",31.21
"Currency","2014/03/18",31.61
"Currency","2014/03/17",31.53
"Currency","2014/03/16",31.70
"Currency","2014/03/15",31.75
"Currency","2014/03/14",31.53
"Currency","2014/03/13",31.51
"Currency","2014/03/12",31.61
"Currency","2014/03/11",31.63
"Currency","2014/03/10",31.61
"Currency","2014/03/09",31.80
"Currency","2014/03/08",31.84
"Currency","2014/03/07",31.75
"Currency","2014/03/06",32.00
"Currency","2014/03/05",32.00
"Currency","2014/03/04",32.05
"Currency","2014/03/03",32.15
"Currency","2014/03/02",32.30
"Currency","2014/03/01",32.38
"Currency","2014/02/28",32.25
"Currency","2014/02/27",32.01
"Currency","2014/02/26",32.01
"Currency","2014/02/25",32.23
"Currency","2014/02/24",32.25
"Currency","2014/02/23",32.35
"Currency","2014/02/22",32.43
"Currency","2014/02/21",30.93
"Currency","2014/02/20",30.93
"Currency","2014/02/19",30.90
"Currency","2014/02/18",30.54
"Currency","2014/02/17",31.00
"Currency","2014/02/16",31.75
"Currency","2014/02/15",31.75
"Currency","2014/02/14",31.00
"Currency","2014/02/13",30.80
"Currency","2014/02/12",30.90
"Currency","2014/02/11",31.45
"Currency","2014/02/10",31.25
"Currency","2014/02/09",31.44
"Currency","2014/02/08",31.51
"Currency","2014/02/07",31.29
"Currency","2014/02/06",31.37
"Currency","2014/02/05",31.05
"Currency","2014/02/04",30.70
"Currency","2014/02/03",30.71
"Currency","2014/02/02",30.85
"Currency","2014/02/01",30.83
"Currency","2014/01/31",30.11
"Currency","2014/01/30",30.11
"Currency","2014/01/29",30.11
"Currency","2014/01/28",30.85
"Currency","2014/01/27",29.87
"Currency","2014/01/24",29.90
"Currency","2014/01/23",29.79
"Currency","2014/01/22",29.80
"Currency","2014/01/21",29.97
"Currency","2014/01/20",29.90
"Currency","2014/01/19",30.05
"Currency","2014/01/18",30.02
"Currency","2014/01/17",30.00
"Currency","2014/01/16",29.65
"Currency","2014/01/15",29.67
"Currency","2014/01/14",29.83
"Currency","2014/01/13",29.71
"Currency","2014/01/12",30.10
"Currency","2014/01/11",30.10
"Currency","2014/01/10",29.71
"Currency","2014/01/09",29.63
"Currency","2014/01/08",29.63
"Currency","2014/01/07",26.67
"Currency","2014/01/06",29.71
"Currency","2014/01/05",29.87
"Currency","2014/01/04",29.94
"Currency","2014/01/03",29.71
"Currency","2014/01/02",29.71
"Currency","2014/01/01",29.71
"Currency","2013/12/31",29.71
"Currency","2013/12/30",29.77
"Currency","2013/12/29",29.91
"Currency","2013/12/28",29.98
"Currency","2013/12/27",29.75
"Currency","2013/12/26",29.81
"Currency","2013/12/25",29.83
"Currency","2013/12/24",29.83
"Currency","2013/12/23",29.73
"Currency","2013/12/22",29.85
"Currency","2013/12/21",29.93
"Currency","2013/12/20",29.77
"Currency","2013/12/19",29.75
"Currency","2013/12/18",29.71
"Currency","2013/12/17",29.71
"Currency","2013/12/16",29.71
"Currency","2013/12/15",29.99
"Currency","2013/12/14",29.98
"Currency","2013/12/13",29.79
"Currency","2013/12/12",29.79
"Currency","2013/12/11",29.89
"Currency","2013/12/10",29.70
"Currency","2013/12/09",29.71
"Currency","2013/12/08",30.03
"Currency","2013/12/07",29.93
"Currency","2013/12/06",29.71
"Currency","2013/12/05",29.73
"Currency","2013/12/04",29.71
"Currency","2013/12/03",29.75
"Currency","2013/12/02",29.73
"Currency","2013/12/01",30.04
"Currency","2013/11/30",30.04
"Currency","2013/11/29",29.71
"Currency","2013/11/28",29.71
"Currency","2013/11/27",29.71
"Currency","2013/11/26",29.60
"Currency","2013/11/25",29.51
"Currency","2013/11/24",30.10
"Currency","2013/11/23",30.01
"Currency","2013/11/22",29.71
"Currency","2013/11/21",29.73
"Currency","2013/11/20",29.79
"Currency","2013/11/19",29.79
"Currency","2013/11/18",29.61
"Currency","2013/11/17",30.00
"Currency","2013/11/16",29.96
"Currency","2013/11/15",29.63
"Currency","2013/11/14",29.61
"Currency","2013/11/13",29.57
"Currency","2013/11/12",29.55
"Currency","2013/11/11",29.63
"Currency","2013/11/10",30.10
"Currency","2013/11/09",29.98
"Currency","2013/11/08",29.63
"Currency","2013/11/07",29.63
"Currency","2013/11/06",29.61
"Currency","2013/11/05",29.60
"Currency","2013/11/04",29.77
"Currency","2013/11/03",29.80
"Currency","2013/11/02",29.80
"Currency","2013/11/01",29.55
"Currency","2013/10/31",29.29
"Currency","2013/10/30",29.29
"Currency","2013/10/29",29.25
"Currency","2013/10/28",29.55
"Currency","2013/10/27",29.67
"Currency","2013/10/26",29.76
"Currency","2013/10/25",29.53
"Currency","2013/10/24",29.53
"Currency","2013/10/23",29.57
"Currency","2013/10/22",29.37
"Currency","2013/10/21",29.43
"Currency","2013/10/20",29.55
"Currency","2013/10/19",29.65
"Currency","2013/10/18",29.61
"Currency","2013/10/17",29.61
"Currency","2013/10/16",29.53
"Currency","2013/10/15",29.74
"Currency","2013/10/14",29.49
"Currency","2013/10/13",29.60
"Currency","2013/10/11",29.49
"Currency","2013/10/10",29.37
"Currency","2013/10/09",29.39
"Currency","2013/10/08",29.57
"Currency","2013/10/07",29.61
"Currency","2013/10/04",29.61
"Currency","2013/10/03",29.63
"Currency","2013/10/02",29.61
"Currency","2013/10/01",29.57
"Currency","2013/09/30",29.53
"Currency","2013/09/27",29.71
"Currency","2013/09/26",29.70
"Currency","2013/09/25",29.70
"Currency","2013/09/24",29.65
"Currency","2013/09/23",29.76
"Currency","2013/09/20",29.76
"Currency","2013/09/19",29.76
"Currency","2013/09/18",29.76
"Currency","2013/09/17",29.76
"Currency","2013/09/16",29.75
"Currency","2013/09/13",29.75
"Currency","2013/09/12",29.76
"Currency","2013/09/11",29.76
"Currency","2013/09/10",29.75
"Currency","2013/09/09",29.75
"Currency","2013/09/06",29.53
"Currency","2013/09/05",29.53
"Currency","2013/09/04",29.53
"Currency","2013/09/03",29.53
"Currency","2013/09/02",29.53
"Currency","2013/08/30",29.57
"Currency","2013/08/29",29.57
"Currency","2013/08/28",29.57
"Currency","2013/08/27",29.60
"Currency","2013/08/26",29.59
"Currency","2013/08/23",29.61
"Currency","2013/08/22",29.63
"Currency","2013/08/21",29.63
"Currency","2013/08/20",29.63
"Currency","2013/08/19",29.63
"Currency","2013/08/16",29.61
"Currency","2013/08/15",26.53
"Currency","2013/08/14",29.53
"Currency","2013/08/13",29.53
"Currency","2013/08/12",29.53
"Currency","2013/08/09",29.63
"Currency","2013/08/08",29.63
"Currency","2013/08/07",29.63
"Currency","2013/08/06",29.61
"Currency","2013/08/05",29.61
"Currency","2013/08/02",29.65
"Currency","2013/08/01",29.57
"Currency","2013/07/31",29.61
"Currency","2013/07/30",29.60
"Currency","2013/07/29",29.61
"Currency","2013/07/26",29.65
"Currency","2013/07/25",29.63
"Currency","2013/07/24",29.65
"Currency","2013/07/23",29.67
"Currency","2013/07/22",29.69
"Currency","2013/07/19",29.71
"Currency","2013/07/18",29.63
"Currency","2013/07/17",29.63
"Currency","2013/07/16",29.60
"Currency","2013/07/15",29.60
"Currency","2013/07/12",29.65
"Currency","2013/07/11",29.61
"Currency","2013/07/10",29.61
"Currency","2013/07/09",29.61
"Currency","2013/07/08",29.53
"Currency","2013/07/05",29.59
"Currency","2013/07/04",29.63
"Currency","2013/07/03",29.63
"Currency","2013/07/02",29.61
"Currency","2013/07/01",29.65
"Currency","2013/06/28",29.61
"Currency","2013/06/27",29.61
"Currency","2013/06/26",29.63
"Currency","2013/06/25",29.61
"Currency","2013/06/24",29.61
"Currency","2013/06/21",29.61
"Currency","2013/06/20",29.63
"Currency","2013/06/19",29.61
"Currency","2013/06/18",29.60
"Currency","2013/06/17",29.65
"Currency","2013/06/14",29.65
"Currency","2013/06/13",29.63
"Currency","2013/06/12",29.53
"Currency","2013/06/11",29.53
"Currency","2013/06/10",29.53
"Currency","2013/06/07",29.53
"Currency","2013/06/06",29.59
"Currency","2013/06/05",29.61
"Currency","2013/06/04",29.60
"Currency","2013/06/03",29.67
"Currency","2013/05/31",29.69
"Currency","2013/05/30",29.65
"Currency","2013/05/29",29.65
"Currency","2013/05/28",29.71
"Currency","2013/05/27",29.70
"Currency","2013/05/24",29.70
"Currency","2013/05/23",29.75
"Currency","2013/05/22",29.75
"Currency","2013/05/21",29.72
"Currency","2013/05/20",29.70
"Currency","2013/05/17",29.63
"Currency","2013/05/16",29.73
"Currency","2013/05/15",29.70
"Currency","2013/05/14",29.71
"Currency","2013/05/13",29.77
"Currency","2013/05/10",29.77
"Currency","2013/05/09",29.81
"Currency","2013/05/08",29.83
"Currency","2013/05/07",29.83
"Currency","2013/05/06",29.80
"Currency","2013/05/03",29.77
"Currency","2013/05/02",29.80
"Currency","2013/05/01",29.70
"Currency","2013/04/30",29.70
"Currency","2013/04/29",29.71
"Currency","2013/04/26",29.73
"Currency","2013/04/25",29.80
"Currency","2013/04/24",29.70
"Currency","2013/04/23",29.80
"Currency","2013/04/22",29.75
"Currency","2013/04/19",29.73
"Currency","2013/04/18",29.71
"Currency","2013/04/17",26.71
"Currency","2013/04/16",29.70
"Currency","2013/04/15",29.80
"Currency","2013/04/12",29.75
"Currency","2013/04/11",29.73
"Currency","2013/04/10",29.75
"Currency","2013/04/09",29.83
"Currency","2013/04/08",29.77
"Currency","2013/04/05",29.77
"Currency","2013/04/04",29.77
"Currency","2013/04/03",29.83
"Currency","2013/04/02",29.83
"Currency","2013/04/01",29.79
"Currency","2013/03/29",29.80
"Currency","2013/03/28",29.80
"Currency","2013/03/27",29.80
"Currency","2013/03/26",29.80
"Currency","2013/03/25",29.80
"Currency","2013/03/22",29.87
"Currency","2013/03/21",29.85
"Currency","2013/03/20",29.90
"Currency","2013/03/19",29.73
"Currency","2013/03/18",29.70
"Currency","2013/03/15",29.67
"Currency","2013/03/14",29.75
"Currency","2013/03/13",29.77
"Currency","2013/03/12",29.75
"Currency","2013/03/11",29.70
"Currency","2013/03/08",29.70
"Currency","2013/03/07",29.70
"Currency","2013/03/06",29.67
"Currency","2013/03/05",29.65
"Currency","2013/03/04",29.67
"Currency","2013/03/01",29.87
"Currency","2013/02/28",29.69
"Currency","2013/02/27",29.70
"Currency","2013/02/26",29.70
"Currency","2013/02/25",29.87
"Currency","2013/02/22",29.79
"Currency","2013/02/21",29.75
"Currency","2013/02/20",29.90
"Currency","2013/02/19",29.75
"Currency","2013/02/18",29.75
"Currency","2013/02/15",29.75
"Currency","2013/02/14",29.75
"Currency","2013/02/13",29.85
"Currency","2013/02/12",29.75
"Currency","2013/02/11",29.61
"Currency","2013/02/08",29.65
"Currency","2013/02/07",29.70
"Currency","2013/02/06",29.27
"Currency","2013/02/05",29.27
"Currency","2013/02/04",29.27
"Currency","2013/02/01",29.65
"Currency","2013/01/31",29.61
"Currency","2013/01/30",29.65
"Currency","2013/01/29",29.65
"Currency","2013/01/28",29.41
"Currency","2013/01/25",29.43
"Currency","2013/01/24",29.40
"Currency","2013/01/23",29.27
"Currency","2013/01/22",29.27
"Currency","2013/01/21",29.27
"Currency","2013/01/18",29.27
"Currency","2013/01/17",29.29
"Currency","2013/01/16",29.27
"Currency","2013/01/15",29.27
"Currency","2013/01/14",29.27
"Currency","2013/01/11",29.25
"Currency","2013/01/10",29.23
"Currency","2013/01/09",29.20
"Currency","2013/01/08",29.19
"Currency","2013/01/07",29.17
"Currency","2013/01/04",29.17
"Currency","2013/01/03",29.10
"Currency","2013/01/02",29.47
"Currency","2013/01/01",29.47
"Currency","2012/12/31",29.45
"Currency","2012/12/28",29.45
"Currency","2012/12/27",29.49
"Currency","2012/12/26",29.50
"Currency","2012/12/25",23.33
"Currency","2012/12/24",23.33
"Currency","2012/12/21",29.27
"Currency","2012/12/20",29.29
"Currency","2012/12/19",29.30
"Currency","2012/12/18",29.30
"Currency","2012/12/17",29.39
"Currency","2012/12/14",29.39
"Currency","2012/12/13",29.37
"Currency","2012/12/12",29.39
"Currency","2012/12/11",29.33
"Currency","2012/12/10",29.37
"Currency","2012/12/07",29.40
"Currency","2012/12/06",28.47
"Currency","2012/12/05",28.49
"Currency","2012/12/04",26.59
"Currency","2012/12/03",29.70
"Currency","2012/11/30",29.57
"Currency","2012/11/29",29.60
"Currency","2012/11/28",29.60
"Currency","2012/11/27",29.75
"Currency","2012/11/26",29.71
"Currency","2012/11/23",29.88
"Currency","2012/11/22",29.78
"Currency","2012/11/21",29.80
"Currency","2012/11/20",29.90
"Currency","2012/11/19",29.65
"Currency","2012/11/16",28.78
"Currency","2012/11/15",28.80
"Currency","2012/11/14",28.90
"Currency","2012/11/13",29.64
"Currency","2012/11/12",28.90
"Currency","2012/11/09",29.46
"Currency","2012/11/08",29.05
"Currency","2012/11/07",29.00
"Currency","2012/11/06",29.00
"Currency","2012/11/05",28.85
"Currency","2012/11/02",28.95
"Currency","2012/11/01",29.00
"Currency","2012/10/31",29.13
"Currency","2012/10/30",29.04
"Currency","2012/10/29",28.73
"Currency","2012/10/26",28.24
"Currency","2012/10/25",28.23
"Currency","2012/10/24",28.27
"Currency","2012/10/23",28.27
"Currency","2012/10/22",28.27
"Currency","2012/10/19",28.25
"Currency","2012/10/18",28.30
"Currency","2012/10/17",28.40
"Currency","2012/10/16",28.43
"Currency","2012/10/15",28.40
"Currency","2012/10/12",28.43
"Currency","2012/10/11",28.45
"Currency","2012/10/10",28.46
"Currency","2012/10/09",28.46
"Currency","2012/10/08",28.47
"Currency","2012/10/05",28.47
"Currency","2012/10/04",28.50
"Currency","2012/10/03",28.44
"Currency","2012/10/02",28.46
"Currency","2012/10/01",28.37
"Currency","2012/09/28",28.37
"Currency","2012/09/27",28.40
"Currency","2012/09/26",28.45
"Currency","2012/09/25",28.50
"Currency","2012/09/24",28.43
"Currency","2012/09/21",28.43
"Currency","2012/09/20",28.47
"Currency","2012/09/19",28.45
"Currency","2012/09/18",28.47
"Currency","2012/09/17",28.50
"Currency","2012/09/14",28.07
"Currency","2012/09/13",28.58
"Currency","2012/09/12",28.58
"Currency","2012/09/11",28.58
"Currency","2012/09/10",28.59
"Currency","2012/09/07",28.59
"Currency","2012/09/06",28.59
"Currency","2012/09/05",28.55
"Currency","2012/09/04",28.55
"Currency","2012/09/03",28.55
"Currency","2012/08/31",28.56
"Currency","2012/08/30",28.56
"Currency","2012/08/29",28.56
"Currency","2012/08/28",28.54
"Currency","2012/08/27",28.53
"Currency","2012/08/24",28.53
"Currency","2012/08/23",28.53
"Currency","2012/08/22",28.56
"Currency","2012/08/21",28.07
"Currency","2012/08/20",28.19
"Currency","2012/08/17",28.17
"Currency","2012/08/16",27.87
"Currency","2012/08/15",27.90
"Currency","2012/08/14",27.93
"Currency","2012/08/13",27.93
"Currency","2012/08/10",28.00
"Currency","2012/08/09",27.67
"Currency","2012/08/08",27.70
"Currency","2012/08/07",27.75
"Currency","2012/08/06",27.67
"Currency","2012/08/03",27.71
"Currency","2012/08/02",27.75
"Currency","2012/08/01",27.69
"Currency","2012/07/31",27.67
"Currency","2012/07/30",27.69
"Currency","2012/07/27",27.69
"Currency","2012/07/26",27.56
"Currency","2012/07/25",27.51
"Currency","2012/07/24",27.48
"Currency","2012/07/23",27.59
"Currency","2012/07/20",27.47
"Currency","2012/07/19",27.47
"Currency","2012/07/18",27.49
"Currency","2012/07/17",27.40
"Currency","2012/07/16",27.45
"Currency","2012/07/13",27.55
"Currency","2012/07/12",27.49
"Currency","2012/07/11",27.50
"Currency","2012/07/10",27.50
"Currency","2012/07/09",27.50
"Currency","2012/07/06",27.50
"Currency","2012/07/05",27.40
"Currency","2012/07/04",27.50
"Currency","2012/07/03",27.50
"Currency","2012/07/02",27.50
"Currency","2012/06/29",27.60
"Currency","2012/06/28",27.40
"Currency","2012/06/27",27.50
"Currency","2012/06/26",27.53
"Currency","2012/06/25",27.53
"Currency","2012/06/22",27.53
"Currency","2012/06/21",27.51
"Currency","2012/06/20",27.50
"Currency","2012/06/19",27.50
"Currency","2012/06/18",27.53
"Currency","2012/06/15",27.50
"Currency","2012/06/14",27.55
"Currency","2012/06/13",27.57
"Currency","2012/06/12",27.50
"Currency","2012/06/11",27.40
"Currency","2012/06/08",27.43
"Currency","2012/06/07",27.45
"Currency","2012/06/06",27.55
"Currency","2012/06/05",27.55
"Currency","2012/06/04",27.55
"Currency","2012/06/01",27.59
"Currency","2012/05/31",27.37
"Currency","2012/05/30",27.40
"Currency","2012/05/29",27.40
"Currency","2012/05/28",27.32
"Currency","2012/05/25",27.32
"Currency","2012/05/24",27.30
"Currency","2012/05/23",27.30
"Currency","2012/05/22",27.35
"Currency","2012/05/21",27.38
"Currency","2012/05/18",27.15
"Currency","2012/05/17",27.17
"Currency","2012/05/16",27.09
"Currency","2012/05/15",27.05
"Currency","2012/05/14",27.12
"Currency","2012/05/11",27.10
"Currency","2012/05/10",27.10
"Currency","2012/05/09",27.35
"Currency","2012/05/08",27.10
"Currency","2012/05/07",27.20
"Currency","2012/05/04",27.31
"Currency","2012/05/03",27.27
"Currency","2012/05/02",27.17
"Currency","2012/05/01",27.18
"Currency","2012/04/30",27.55
"Currency","2012/04/27",27.55
"Currency","2012/04/26",27.50
"Currency","2012/04/25",27.55
"Currency","2012/04/24",27.55
"Currency","2012/04/23",27.60
"Currency","2012/04/20",27.59
"Currency","2012/04/19",27.55
"Currency","2012/04/18",27.50
"Currency","2012/04/17",27.60
"Currency","2012/04/16",27.40
"Currency","2012/04/13",27.38
"Currency","2012/04/12",27.42
"Currency","2012/04/11",27.45
"Currency","2012/04/10",27.40
"Currency","2012/04/09",27.40
"Currency","2012/04/06",27.40
"Currency","2012/04/05",27.50
"Currency","2012/04/04",27.50
"Currency","2012/04/03",27.50
"Currency","2012/04/02",27.72
"Currency","2012/03/30",27.75
"Currency","2012/03/29",27.10
"Currency","2012/03/28",27.10
"Currency","2012/03/27",27.30
"Currency","2012/03/26",27.20
"Currency","2012/03/23",27.20
"Currency","2012/03/22",27.10
"Currency","2012/03/21",27.05
"Currency","2012/03/20",26.80
"Currency","2012/03/19",26.90
"Currency","2012/03/16",26.90
"Currency","2012/03/15",26.95
"Currency","2012/03/14",27.00
"Currency","2012/03/13",27.00
"Currency","2012/03/12",26.95
"Currency","2012/03/09",26.95
"Currency","2012/03/08",26.90
"Currency","2012/03/07",26.85
"Currency","2012/03/06",26.85
"Currency","2012/03/05",26.80
"Currency","2012/03/02",26.90
"Currency","2012/03/01",27.15
"Currency","2012/02/29",26.85
"Currency","2012/02/28",26.82
"Currency","2012/02/27",26.80
"Currency","2012/02/24",26.75
"Currency","2012/02/23",26.70
"Currency","2012/02/22",27.04
"Currency","2012/02/21",27.04
"Currency","2012/02/20",26.70
"Currency","2012/02/17",26.75
"Currency","2012/02/16",26.75
"Currency","2012/02/15",26.75
"Currency","2012/02/14",26.70
"Currency","2012/02/13",26.60
"Currency","2012/02/10",26.68
"Currency","2012/02/09",26.80
"Currency","2012/02/08",26.60
"Currency","2012/02/07",26.70
"Currency","2012/02/06",26.65
"Currency","2012/02/03",26.65
"Currency","2012/02/02",26.75
"Currency","2012/02/01",26.65
"Currency","2012/01/31",26.60
"Currency","2012/01/30",26.77
"Currency","2012/01/27",26.60
"Currency","2012/01/26",26.70
"Currency","2012/01/25",26.70
"Currency","2012/01/24",26.80
"Currency","2012/01/23",27.00
"Currency","2012/01/20",27.00
"Currency","2012/01/19",26.90
"Currency","2012/01/18",26.90
"Currency","2012/01/17",27.07
"Currency","2012/01/16",27.00
"Currency","2012/01/13",26.85
"Currency","2012/01/12",26.80
"Currency","2012/01/11",26.80
"Currency","2012/01/10",26.70
"Currency","2012/01/09",26.80
"Currency","2012/01/06",26.85
"Currency","2012/01/05",26.85
"Currency","2012/01/04",26.60
"Currency","2012/01/03",26.65
"Currency","2012/01/02",26.70
"Currency","2011/12/30",26.70
"Currency","2011/12/29",26.70
"Currency","2011/12/28",26.70
"Currency","2011/12/27",26.65
"Currency","2011/12/26",26.70
"Currency","2011/12/23",26.70
"Currency","2011/12/22",26.94
"Currency","2011/12/21",26.70
"Currency","2011/12/20",26.60
"Currency","2011/12/19",26.60
"Currency","2011/12/16",26.65
"Currency","2011/12/15",26.60
"Currency","2011/12/14",26.60
"Currency","2011/12/13",26.60
"Currency","2011/12/12",26.60
"Currency","2011/12/09",26.65
"Currency","2011/12/08",26.65
"Currency","2011/12/07",26.60
"Currency","2011/12/06",26.50
"Currency","2011/12/05",26.50
"Currency","2011/12/02",26.70
"Currency","2011/12/01",26.70
"Currency","2011/11/30",26.75
"Currency","2011/11/29",26.75
"Currency","2011/11/28",26.75
"Currency","2011/11/25",26.75
"Currency","2011/11/24",26.75
"Currency","2011/11/23",26.75
"Currency","2011/11/22",26.75
"Currency","2011/11/21",26.75
"Currency","2011/11/18",26.75
"Currency","2011/11/17",26.75
"Currency","2011/11/16",26.75
"Currency","2011/11/15",26.75
"Currency","2011/11/14",26.75
"Currency","2011/11/11",26.70
"Currency","2011/11/10",26.70
"Currency","2011/11/09",26.75
"Currency","2011/11/08",26.72
"Currency","2011/11/07",26.70
"Currency","2011/11/04",26.70
"Currency","2011/11/03",26.70
"Currency","2011/11/02",26.70
"Currency","2011/11/01",26.70
"Currency","2011/10/31",26.70
"Currency","2011/10/28",26.70
"Currency","2011/10/27",26.70
"Currency","2011/10/26",26.75
"Currency","2011/10/25",26.75
"Currency","2011/10/24",26.75
"Currency","2011/10/21",26.75
"Currency","2011/10/20",26.75
"Currency","2011/10/19",26.75
"Currency","2011/10/18",26.70
"Currency","2011/10/17",26.90
"Currency","2011/10/14",26.90
"Currency","2011/10/13",26.65
"Currency","2011/10/12",26.90
"Currency","2011/10/11",26.75
"Currency","2011/10/10",26.75
"Currency","2011/10/07",26.75
"Currency","2011/10/06",26.75
"Currency","2011/10/05",26.75
"Currency","2011/10/04",26.75
"Currency","2011/10/03",26.75
"Currency","2011/09/30",26.75
"Currency","2011/09/29",26.75
"Currency","2011/09/28",26.75
"Currency","2011/09/27",26.75
"Currency","2011/09/26",26.75
"Currency","2011/09/23",26.75
"Currency","2011/09/22",26.75
"Currency","2011/09/21",26.80
"Currency","2011/09/20",26.85
"Currency","2011/09/19",26.85
"Currency","2011/09/16",26.85
"Currency","2011/09/15",27.00
"Currency","2011/09/14",26.75
"Currency","2011/09/13",26.70
"Currency","2011/09/12",26.70
"Currency","2011/09/09",26.70
"Currency","2011/09/08",26.70
"Currency","2011/09/07",26.75
"Currency","2011/09/06",26.80
"Currency","2011/09/05",26.80
"Currency","2011/09/02",26.70
"Currency","2011/09/01",26.75
"Currency","2011/08/31",26.75
"Currency","2011/08/30",26.80
"Currency","2011/08/29",26.80
"Currency","2011/08/26",26.90
"Currency","2011/08/25",26.90
"Currency","2011/08/24",27.00
"Currency","2011/08/23",27.20
"Currency","2011/08/22",27.65
"Currency","2011/08/19",27.70
"Currency","2011/08/18",27.70
"Currency","2011/08/17",27.70
"Currency","2011/08/16",27.70
"Currency","2011/08/15",27.70
"Currency","2011/08/12",27.70
"Currency","2011/08/11",27.70
"Currency","2011/08/10",27.70
"Currency","2011/08/09",27.70
"Currency","2011/08/08",27.70
"Currency","2011/08/05",27.70
"Currency","2011/08/04",27.70
"Currency","2011/08/03",27.70
"Currency","2011/08/02",27.70
"Currency","2011/08/01",27.70
"Currency","2011/07/29",27.70
"Currency","2011/07/28",27.75
"Currency","2011/07/27",27.80
"Currency","2011/07/26",27.90
"Currency","2011/07/25",27.85
"Currency","2011/07/22",27.85
"Currency","2011/07/21",27.80
"Currency","2011/07/20",27.95
"Currency","2011/07/19",28.00
"Currency","2011/07/18",27.95
"Currency","2011/07/15",28.00
"Currency","2011/07/14",28.00
"Currency","2011/07/13",27.95
"Currency","2011/07/12",27.95
"Currency","2011/07/11",28.05
"Currency","2011/07/08",28.00
"Currency","2011/07/07",28.00
"Currency","2011/07/06",28.40
"Currency","2011/07/05",28.60
"Currency","2011/07/04",28.60
"Currency","2011/07/01",28.60
"Currency","2011/06/30",28.65
"Currency","2011/06/29",28.80
"Currency","2011/06/28",28.30
"Currency","2011/06/27",28.40
"Currency","2011/06/24",28.40
"Currency","2011/06/23",28.80
"Currency","2011/06/22",28.85
"Currency","2011/06/21",28.80
"Currency","2011/06/20",29.00
"Currency","2011/06/17",29.20
"Currency","2011/06/16",29.20
"Currency","2011/06/15",29.20
"Currency","2011/06/14",29.20
"Currency","2011/06/13",29.30
"Currency","2011/06/10",26.50
"Currency","2011/06/09",26.50
"Currency","2011/06/08",26.50
"Currency","2011/06/07",26.50
"Currency","2011/06/06",29.50
"Currency","2011/06/03",29.55
"Currency","2011/06/02",29.55
"Currency","2011/06/01",29.50
"Currency","2011/05/31",29.55
"Currency","2011/05/30",29.55
"Currency","2011/05/27",29.60
"Currency","2011/05/26",29.75
"Currency","2011/05/25",29.70
"Currency","2011/05/24",29.70
"Currency","2011/05/23",29.60
"Currency","2011/05/20",29.80
"Currency","2011/05/19",29.80
"Currency","2011/05/18",30.01
"Currency","2011/05/17",30.00
"Currency","2011/05/16",30.05
"Currency","2011/05/13",30.00
"Currency","2011/05/12",30.00
"Currency","2011/05/11",30.25
"Currency","2011/05/10",30.35
"Currency","2011/05/09",30.50
"Currency","2011/05/06",30.45
"Currency","2011/05/05",30.45
"Currency","2011/05/04",30.45
"Currency","2011/05/03",30.40
"Currency","2011/05/02",30.40
"Currency","2011/04/29",30.50
"Currency","2011/04/28",30.50
"Currency","2011/04/27",30.45
"Currency","2011/04/26",30.55
"Currency","2011/04/25",30.55
"Currency","2011/04/22",30.45
"Currency","2011/04/21",30.45
"Currency","2011/04/20",30.50
"Currency","2011/04/19",30.50
"Currency","2011/04/18",30.40
"Currency","2011/04/15",31.25
"Currency","2011/04/14",30.45
"Currency","2011/04/13",30.50
"Currency","2011/04/12",30.50
"Currency","2011/04/11",30.55
"Currency","2011/04/08",30.50
"Currency","2011/04/07",30.55
"Currency","2011/04/06",30.50
"Currency","2011/04/05",30.60
"Currency","2011/04/04",30.65
"Currency","2011/04/01",30.70
"Currency","2011/03/31",30.75
"Currency","2011/03/30",30.60
"Currency","2011/03/29",30.65
"Currency","2011/03/28",30.65
"Currency","2011/03/25",30.70
"Currency","2011/03/24",30.75
"Currency","2011/03/23",30.70
"Currency","2011/03/22",30.75
"Currency","2011/03/21",30.75
"Currency","2011/03/18",30.50
"Currency","2011/03/17",30.80
"Currency","2011/03/16",30.90
"Currency","2011/03/15",30.75
"Currency","2011/03/14",30.70
"Currency","2011/03/11",30.70
"Currency","2011/03/10",30.65
"Currency","2011/03/09",30.75
"Currency","2011/03/08",30.75
"Currency","2011/03/07",30.85
"Currency","2011/03/04",30.85
"Currency","2011/03/03",31.00
"Currency","2011/03/02",30.70
"Currency","2011/03/01",30.75
"Currency","2011/02/28",30.75
"Currency","2011/02/25",30.80
"Currency","2011/02/24",30.95
"Currency","2011/02/23",31.00
"Currency","2011/02/22",31.20
"Currency","2011/02/21",31.20
"Currency","2011/02/18",31.25
"Currency","2011/02/17",31.20
"Currency","2011/02/16",31.50
"Currency","2011/02/15",31.50
"Currency","2011/02/14",31.50
"Currency","2011/02/11",31.55
"Currency","2011/02/10",31.55
"Currency","2011/02/09",31.65
"Currency","2011/02/08",31.60
"Currency","2011/02/07",31.65
"Currency","2011/02/04",31.75
"Currency","2011/02/03",31.75
"Currency","2011/02/02",31.70
"Currency","2011/02/01",32.20
"Currency","2011/01/31",32.25
"Currency","2011/01/28",32.25
"Currency","2011/01/27",32.25
"Currency","2011/01/26",32.00
"Currency","2011/01/25",32.00
"Currency","2011/01/24",32.00
"Currency","2011/01/21",32.00
"Currency","2011/01/20",32.05
"Currency","2011/01/19",32.00
"Currency","2011/01/18",32.20
"Currency","2011/01/17",32.20
"Currency","2011/01/14",32.20
"Currency","2011/01/13",32.50
"Currency","2011/01/12",32.50
"Currency","2011/01/11",32.55
"Currency","2011/01/10",32.55
"Currency","2011/01/07",32.60
"Currency","2011/01/06",32.40
"Currency","2011/01/05",32.40
"Currency","2011/01/04",32.55
"Currency","2011/01/03",32.50
"Currency","2010/12/31",32.75
"Currency","2010/12/30",32.85
"Currency","2010/12/29",32.90
"Currency","2010/12/28",32.70
"Currency","2010/12/27",32.75
"Currency","2010/12/24",33.00
"Currency","2010/12/23",34.00
"Currency","2010/12/22",34.00
"Currency","2010/12/21",34.05
"Currency","2010/12/20",34.00
"Currency","2010/12/17",34.00
"Currency","2010/12/16",34.75
"Currency","2010/12/15",34.80
"Currency","2010/12/14",34.75
"Currency","2010/12/13",34.70
"Currency","2010/12/10",34.75
"Currency","2010/12/09",34.80
"Currency","2010/12/08",34.90
"Currency","2010/12/07",34.80
"Currency","2010/12/06",35.00
"Currency","2010/12/03",35.00
"Currency","2010/12/02",34.90
"Currency","2010/12/01",34.95
"Currency","2010/11/30",35.00
"Currency","2010/11/29",35.00
"Currency","2010/11/26",35.00
"Currency","2010/11/25",35.00
"Currency","2010/11/24",35.00
"Currency","2010/11/23",35.00
"Currency","2010/11/22",35.00
"Currency","2010/11/19",35.00
"Currency","2010/11/18",32.30
"Currency","2010/11/17",35.25
"Currency","2010/11/16",35.50
"Currency","2010/11/15",35.55
"Currency","2010/11/12",35.50
"Currency","2010/11/11",35.55
"Currency","2010/11/10",35.55
"Currency","2010/11/09",35.60
"Currency","2010/11/08",35.55
"Currency","2010/11/05",35.55
"Currency","2010/11/04",35.50
"Currency","2010/11/03",35.00
"Currency","2010/11/02",35.40
"Currency","2010/11/01",35.00
"Currency","2010/10/31",36.25
"Currency","2010/10/29",35.50
"Currency","2010/10/28",35.55
"Currency","2010/10/27",35.50
"Currency","2010/10/26",35.00
"Currency","2010/10/25",35.00
"Currency","2010/10/22",35.00
"Currency","2010/10/21",35.00
"Currency","2010/10/20",35.00
"Currency","2010/10/19",35.00
"Currency","2010/10/18",35.25
"Currency","2010/10/15",35.50
"Currency","2010/10/14",35.25
"Currency","2010/10/13",35.00
"Currency","2010/10/12",35.25
"Currency","2010/10/11",35.25
"Currency","2010/10/08",35.00
"Currency","2010/10/07",35.00
"Currency","2010/10/06",35.50
"Currency","2010/10/05",35.50
"Currency","2010/10/04",36.05
"Currency","2010/10/01",36.00
"Currency","2010/09/30",36.00
"Currency","2010/09/29",36.00
"Currency","2010/09/28",36.00
"Currency","2010/09/27",36.00
"Currency","2010/09/24",36.05
"Currency","2010/09/23",36.00
"Currency","2010/09/22",36.00
"Currency","2010/09/21",36.00
"Currency","2010/09/20",36.00
"Currency","2010/09/17",36.00
"Currency","2010/09/16",36.00
"Currency","2010/09/15",36.00
"Currency","2010/09/14",36.25
"Currency","2010/09/13",36.00
"Currency","2010/09/10",36.00
"Currency","2010/09/09",36.00
"Currency","2010/09/08",36.00
"Currency","2010/09/07",36.25
"Currency","2010/09/06",36.25
"Currency","2010/09/03",36.25
"Currency","2010/09/02",36.25
"Currency","2010/09/01",36.75
"Currency","2010/08/31",36.75
"Currency","2010/08/30",36.75
"Currency","2010/08/27",36.75
"Currency","2010/08/26",36.75
"Currency","2010/08/25",36.75
"Currency","2010/08/24",36.75
"Currency","2010/08/23",36.75
"Currency","2010/08/20",36.75
"Currency","2010/08/19",36.75
"Currency","2010/08/18",36.75
"Currency","2010/08/17",36.75
"Currency","2010/08/16",36.75
"Currency","2010/08/13",37.00
"Currency","2010/08/12",36.55
"Currency","2010/08/11",36.45
"Currency","2010/08/10",36.25
"Currency","2010/08/09",36.25
"Currency","2010/08/06",36.25
"Currency","2010/08/05",34.50
"Currency","2010/08/04",34.50
"Currency","2010/08/03",34.50
"Currency","2010/08/02",34.50
"Currency","2010/07/31",36.75
"Currency","2010/07/30",34.50
"Currency","2010/07/29",34.50
"Currency","2010/07/28",34.50
"Currency","2010/07/27",34.50
"Currency","2010/07/26",34.50
"Currency","2010/07/23",34.55
"Currency","2010/07/22",34.50
"Currency","2010/07/21",34.50
"Currency","2010/07/20",34.50
"Currency","2010/07/19",34.60
"Currency","2010/07/16",34.55
"Currency","2010/07/15",34.65
"Currency","2010/07/14",34.55
"Currency","2010/07/13",34.50
"Currency","2010/07/12",33.75
"Currency","2010/07/09",33.75
"Currency","2010/07/08",33.75
"Currency","2010/07/07",33.80
"Currency","2010/07/06",33.75
"Currency","2010/07/05",33.75
"Currency","2010/07/02",33.80
"Currency","2010/07/01",33.75
"Currency","2010/06/30",33.70
"Currency","2010/06/29",33.75
"Currency","2010/06/28",33.70
"Currency","2010/06/25",33.75
"Currency","2010/06/24",34.00
"Currency","2010/06/23",33.80
"Currency","2010/06/22",34.00
"Currency","2010/06/21",33.80
"Currency","2010/06/18",33.50
"Currency","2010/06/17",33.55
"Currency","2010/06/16",33.50
"Currency","2010/06/15",33.75
"Currency","2010/06/14",33.75
"Currency","2010/06/11",33.50
"Currency","2010/06/10",33.50
"Currency","2010/06/09",33.50
"Currency","2010/06/08",33.50
"Currency","2010/06/07",33.55
"Currency","2010/06/04",33.50
"Currency","2010/06/03",33.55
"Currency","2010/06/02",33.50
"Currency","2010/06/01",33.60
"Currency","2010/05/31",33.70
"Currency","2010/05/28",33.60
"Currency","2010/05/27",33.70
"Currency","2010/05/26",33.65
"Currency","2010/05/25",33.65
"Currency","2010/05/24",33.50
"Currency","2010/05/21",33.65
"Currency","2010/05/20",33.65
"Currency","2010/05/19",33.50
"Currency","2010/05/18",33.55
"Currency","2010/05/17",33.50
"Currency","2010/05/14",33.45
"Currency","2010/05/13",33.50
"Currency","2010/05/12",33.55
"Currency","2010/05/11",33.50
"Currency","2010/05/10",33.55
"Currency","2010/05/07",33.50
"Currency","2010/05/06",33.55
"Currency","2010/05/05",33.50
"Currency","2010/05/04",33.50
"Currency","2010/05/03",33.50
"Currency","2010/04/30",33.45
"Currency","2010/04/29",33.50
"Currency","2010/04/28",33.55
"Currency","2010/04/27",33.50
"Currency","2010/04/26",33.50
"Currency","2010/04/23",33.25
"Currency","2010/04/22",23.00
"Currency","2010/04/21",33.50
"Currency","2010/04/20",23.00
"Currency","2010/04/19",33.95
"Currency","2010/04/16",34.00
"Currency","2010/04/15",33.95
"Currency","2010/04/14",33.75
"Currency","2010/04/13",33.75
"Currency","2010/04/12",34.00
"Currency","2010/04/09",33.75
"Currency","2010/04/08",34.00
"Currency","2010/04/07",33.90
"Currency","2010/04/06",33.75
"Currency","2010/04/05",33.75
"Currency","2010/04/02",33.75
"Currency","2010/04/01",34.00
"Currency","2010/03/31",33.75
"Currency","2010/03/30",33.95
"Currency","2010/02/28",32.22
"Currency","2010/01/31",30.80
"Currency","2009/12/31",30.20
"Currency","2009/11/30",30.40
"Currency","2009/10/31",28.25
"Currency","2009/09/30",28.78
"Currency","2009/08/31",27.77
"Currency","2009/07/31",26.86
"Currency","2009/06/30",26.66
"Currency","2009/05/31",27.02
"Currency","2009/04/30",27.37
"Currency","2009/03/31",28.12
"Currency","2009/02/28",26.70
"Currency","2009/01/31",26.08
"","",""
"Data Source: http://www.tradingeconomics.com","",""
"Downloaded from http://vam.wfp.org on 11 Jun 2018","",""
