"Indicator","Time","Value (USD/SDG)"
"Currency","2018/06/09",17.96
"Currency","2018/06/08",17.96
"Currency","2018/06/07",17.96
"Currency","2018/06/06",17.96
"Currency","2018/06/05",17.90
"Currency","2018/06/04",17.96
"Currency","2018/06/02",17.96
"Currency","2018/06/01",17.96
"Currency","2018/05/31",17.81
"Currency","2018/05/30",17.96
"Currency","2018/05/29",17.96
"Currency","2018/05/28",17.96
"Currency","2018/05/26",17.96
"Currency","2018/05/25",17.91
"Currency","2018/05/24",17.96
"Currency","2018/05/23",17.96
"Currency","2018/05/22",17.96
"Currency","2018/05/21",17.96
"Currency","2018/05/20",17.96
"Currency","2018/05/19",17.96
"Currency","2018/05/18",17.96
"Currency","2018/05/17",17.96
"Currency","2018/05/16",17.96
"Currency","2018/05/15",17.96
"Currency","2018/05/14",17.96
"Currency","2018/05/13",17.95
"Currency","2018/05/12",17.95
"Currency","2018/05/11",17.95
"Currency","2018/05/10",17.96
"Currency","2018/05/09",17.96
"Currency","2018/05/08",18.05
"Currency","2018/05/07",18.05
"Currency","2018/05/06",18.05
"Currency","2018/05/05",18.05
"Currency","2018/05/04",18.05
"Currency","2018/05/03",17.90
"Currency","2018/05/02",17.90
"Currency","2018/05/01",18.05
"Currency","2018/04/30",18.05
"Currency","2018/04/29",18.05
"Currency","2018/04/28",18.05
"Currency","2018/04/27",17.90
"Currency","2018/04/26",18.05
"Currency","2018/04/25",18.05
"Currency","2018/04/24",18.05
"Currency","2018/04/23",18.05
"Currency","2018/04/22",18.05
"Currency","2018/04/21",18.05
"Currency","2018/04/20",18.05
"Currency","2018/04/19",18.05
"Currency","2018/04/18",18.05
"Currency","2018/04/17",18.05
"Currency","2018/04/16",18.05
"Currency","2018/04/15",18.05
"Currency","2018/04/14",18.05
"Currency","2018/04/13",18.05
"Currency","2018/04/12",17.90
"Currency","2018/04/11",18.05
"Currency","2018/04/10",18.05
"Currency","2018/04/09",18.05
"Currency","2018/04/08",18.05
"Currency","2018/04/07",18.05
"Currency","2018/04/06",18.05
"Currency","2018/04/05",17.90
"Currency","2018/04/04",18.05
"Currency","2018/04/03",18.05
"Currency","2018/04/02",18.05
"Currency","2018/04/01",18.05
"Currency","2018/03/31",18.05
"Currency","2018/03/30",18.05
"Currency","2018/03/29",17.91
"Currency","2018/03/28",18.05
"Currency","2018/03/27",18.12
"Currency","2018/03/26",18.12
"Currency","2018/03/25",18.05
"Currency","2018/03/24",18.05
"Currency","2018/03/23",18.05
"Currency","2018/03/22",18.05
"Currency","2018/03/21",18.05
"Currency","2018/03/20",18.05
"Currency","2018/03/19",18.05
"Currency","2018/03/18",18.05
"Currency","2018/03/17",18.05
"Currency","2018/03/16",17.90
"Currency","2018/03/15",18.05
"Currency","2018/03/14",18.05
"Currency","2018/03/13",18.05
"Currency","2018/03/12",18.05
"Currency","2018/03/11",18.02
"Currency","2018/03/10",18.02
"Currency","2018/03/09",18.02
"Currency","2018/03/08",17.99
"Currency","2018/03/07",17.99
"Currency","2018/03/06",17.99
"Currency","2018/03/05",17.99
"Currency","2018/03/04",17.91
"Currency","2018/03/03",17.91
"Currency","2018/03/02",17.91
"Currency","2018/03/01",17.99
"Currency","2018/02/28",17.99
"Currency","2018/02/27",17.99
"Currency","2018/02/26",18.08
"Currency","2018/02/25",17.99
"Currency","2018/02/24",17.99
"Currency","2018/02/23",17.91
"Currency","2018/02/22",17.99
"Currency","2018/02/21",17.99
"Currency","2018/02/20",17.99
"Currency","2018/02/19",17.99
"Currency","2018/02/18",17.95
"Currency","2018/02/17",17.95
"Currency","2018/02/16",17.95
"Currency","2018/02/15",17.95
"Currency","2018/02/14",17.95
"Currency","2018/02/13",17.95
"Currency","2018/02/12",17.95
"Currency","2018/02/11",17.95
"Currency","2018/02/10",17.91
"Currency","2018/02/09",17.95
"Currency","2018/02/08",17.99
"Currency","2018/02/07",17.99
"Currency","2018/02/06",17.99
"Currency","2018/02/05",17.99
"Currency","2018/02/04",18.69
"Currency","2018/02/03",18.69
"Currency","2018/02/02",18.69
"Currency","2018/02/01",17.91
"Currency","2018/01/31",17.96
"Currency","2018/01/30",17.90
"Currency","2018/01/29",18.61
"Currency","2018/01/28",7.00
"Currency","2018/01/27",7.00
"Currency","2018/01/26",7.00
"Currency","2018/01/25",7.00
"Currency","2018/01/24",7.01
"Currency","2018/01/23",7.00
"Currency","2018/01/22",7.00
"Currency","2018/01/21",7.00
"Currency","2018/01/20",7.00
"Currency","2018/01/19",7.00
"Currency","2018/01/18",7.00
"Currency","2018/01/17",7.00
"Currency","2018/01/16",7.00
"Currency","2018/01/15",7.00
"Currency","2018/01/14",7.00
"Currency","2018/01/13",7.00
"Currency","2018/01/12",7.00
"Currency","2018/01/11",7.00
"Currency","2018/01/10",7.00
"Currency","2018/01/09",7.00
"Currency","2018/01/08",6.99
"Currency","2018/01/07",7.00
"Currency","2018/01/06",6.99
"Currency","2018/01/05",7.00
"Currency","2018/01/04",7.00
"Currency","2018/01/03",7.00
"Currency","2018/01/02",7.00
"Currency","2017/12/29",7.00
"Currency","2017/12/28",7.00
"Currency","2017/12/27",7.00
"Currency","2017/12/26",7.00
"Currency","2017/12/24",7.00
"Currency","2017/12/22",7.01
"Currency","2017/12/21",7.00
"Currency","2017/12/20",6.98
"Currency","2017/12/19",7.00
"Currency","2017/12/18",7.00
"Currency","2017/12/15",6.66
"Currency","2017/12/14",6.66
"Currency","2017/12/13",6.66
"Currency","2017/12/12",6.66
"Currency","2017/12/11",6.66
"Currency","2017/12/08",6.66
"Currency","2017/12/07",6.66
"Currency","2017/12/06",6.66
"Currency","2017/12/05",6.66
"Currency","2017/12/04",6.65
"Currency","2017/12/01",6.66
"Currency","2017/11/30",6.66
"Currency","2017/11/29",6.66
"Currency","2017/11/28",6.66
"Currency","2017/11/27",6.66
"Currency","2017/11/24",6.66
"Currency","2017/11/23",6.66
"Currency","2017/11/22",6.66
"Currency","2017/11/21",6.65
"Currency","2017/11/20",6.66
"Currency","2017/11/17",6.66
"Currency","2017/11/16",6.66
"Currency","2017/11/15",6.66
"Currency","2017/11/14",6.66
"Currency","2017/11/13",6.66
"Currency","2017/11/10",6.66
"Currency","2017/11/09",6.66
"Currency","2017/11/08",6.66
"Currency","2017/11/07",6.66
"Currency","2017/11/06",6.66
"Currency","2017/11/03",6.66
"Currency","2017/11/02",6.66
"Currency","2017/11/01",6.66
"Currency","2017/10/31",6.66
"Currency","2017/10/30",6.66
"Currency","2017/10/27",6.66
"Currency","2017/10/26",6.66
"Currency","2017/10/25",6.66
"Currency","2017/10/24",6.66
"Currency","2017/10/23",6.66
"Currency","2017/10/21",6.66
"Currency","2017/10/20",6.66
"Currency","2017/10/19",6.66
"Currency","2017/10/18",6.66
"Currency","2017/10/17",6.66
"Currency","2017/10/16",6.66
"Currency","2017/10/13",6.66
"Currency","2017/10/12",6.66
"Currency","2017/10/11",6.66
"Currency","2017/10/10",6.66
"Currency","2017/10/09",6.66
"Currency","2017/10/06",6.66
"Currency","2017/10/05",6.66
"Currency","2017/10/04",6.66
"Currency","2017/10/03",6.66
"Currency","2017/10/02",6.66
"Currency","2017/09/30",6.66
"Currency","2017/09/29",6.66
"Currency","2017/09/28",6.66
"Currency","2017/09/27",6.66
"Currency","2017/09/26",6.66
"Currency","2017/09/25",6.66
"Currency","2017/09/22",6.66
"Currency","2017/09/21",6.66
"Currency","2017/09/20",6.66
"Currency","2017/09/19",6.66
"Currency","2017/09/18",6.66
"Currency","2017/09/16",6.66
"Currency","2017/09/15",6.66
"Currency","2017/09/14",6.66
"Currency","2017/09/13",6.66
"Currency","2017/09/12",6.66
"Currency","2017/09/11",6.66
"Currency","2017/09/08",6.66
"Currency","2017/09/07",6.66
"Currency","2017/09/06",6.66
"Currency","2017/09/05",6.66
"Currency","2017/09/04",6.66
"Currency","2017/09/01",6.66
"Currency","2017/08/31",6.66
"Currency","2017/08/30",6.66
"Currency","2017/08/29",6.66
"Currency","2017/08/28",6.66
"Currency","2017/08/25",6.66
"Currency","2017/08/24",6.66
"Currency","2017/08/23",6.66
"Currency","2017/08/22",6.66
"Currency","2017/08/21",6.66
"Currency","2017/08/19",6.66
"Currency","2017/08/18",6.66
"Currency","2017/08/17",6.66
"Currency","2017/08/16",6.66
"Currency","2017/08/15",6.66
"Currency","2017/08/14",6.66
"Currency","2017/08/11",6.66
"Currency","2017/08/10",6.66
"Currency","2017/08/09",6.66
"Currency","2017/08/08",6.66
"Currency","2017/08/07",6.66
"Currency","2017/08/04",6.66
"Currency","2017/08/03",6.66
"Currency","2017/08/02",6.66
"Currency","2017/08/01",6.66
"Currency","2017/07/31",6.66
"Currency","2017/07/28",6.66
"Currency","2017/07/27",6.68
"Currency","2017/07/26",6.66
"Currency","2017/07/25",6.66
"Currency","2017/07/24",6.66
"Currency","2017/07/21",6.66
"Currency","2017/07/20",6.66
"Currency","2017/07/19",6.66
"Currency","2017/07/18",6.66
"Currency","2017/07/17",6.66
"Currency","2017/07/14",6.65
"Currency","2017/07/13",6.65
"Currency","2017/07/12",6.66
"Currency","2017/07/11",6.66
"Currency","2017/07/10",6.66
"Currency","2017/07/07",6.66
"Currency","2017/07/06",6.66
"Currency","2017/07/05",6.66
"Currency","2017/07/04",6.66
"Currency","2017/07/03",6.66
"Currency","2017/07/02",6.66
"Currency","2017/06/30",6.66
"Currency","2017/06/29",6.66
"Currency","2017/06/28",6.66
"Currency","2017/06/27",6.66
"Currency","2017/06/26",6.66
"Currency","2017/06/24",6.66
"Currency","2017/06/23",6.66
"Currency","2017/06/22",6.66
"Currency","2017/06/21",6.66
"Currency","2017/06/20",6.66
"Currency","2017/06/19",6.66
"Currency","2017/06/17",6.66
"Currency","2017/06/16",6.66
"Currency","2017/06/15",6.67
"Currency","2017/06/14",6.66
"Currency","2017/06/13",6.66
"Currency","2017/06/12",6.66
"Currency","2017/06/09",6.66
"Currency","2017/06/08",6.66
"Currency","2017/06/07",6.66
"Currency","2017/06/06",6.66
"Currency","2017/06/05",6.66
"Currency","2017/06/02",6.66
"Currency","2017/06/01",6.66
"Currency","2017/05/31",6.66
"Currency","2017/05/30",6.66
"Currency","2017/05/29",6.66
"Currency","2017/05/27",6.66
"Currency","2017/05/26",6.66
"Currency","2017/05/25",6.66
"Currency","2017/05/24",6.66
"Currency","2017/05/23",6.66
"Currency","2017/05/22",6.66
"Currency","2017/05/20",6.66
"Currency","2017/05/19",6.66
"Currency","2017/05/18",6.66
"Currency","2017/05/17",6.66
"Currency","2017/05/16",6.68
"Currency","2017/05/15",6.68
"Currency","2017/05/12",6.68
"Currency","2017/05/11",6.66
"Currency","2017/05/10",6.66
"Currency","2017/05/09",6.66
"Currency","2017/05/08",6.66
"Currency","2017/05/05",6.66
"Currency","2017/05/04",6.66
"Currency","2017/05/03",6.66
"Currency","2017/05/02",6.66
"Currency","2017/05/01",6.66
"Currency","2017/04/28",6.66
"Currency","2017/04/27",6.65
"Currency","2017/04/26",6.66
"Currency","2017/04/25",6.68
"Currency","2017/04/24",6.68
"Currency","2017/04/21",6.68
"Currency","2017/04/20",6.66
"Currency","2017/04/19",6.66
"Currency","2017/04/18",6.66
"Currency","2017/04/17",6.66
"Currency","2017/04/14",6.66
"Currency","2017/04/13",6.66
"Currency","2017/04/12",6.66
"Currency","2017/04/11",6.66
"Currency","2017/04/10",6.67
"Currency","2017/04/07",6.67
"Currency","2017/04/06",6.67
"Currency","2017/04/05",6.67
"Currency","2017/04/04",6.66
"Currency","2017/04/03",6.67
"Currency","2017/03/31",6.67
"Currency","2017/03/30",6.67
"Currency","2017/03/29",6.67
"Currency","2017/03/28",6.67
"Currency","2017/03/27",6.67
"Currency","2017/03/24",6.67
"Currency","2017/03/23",6.67
"Currency","2017/03/22",6.67
"Currency","2017/03/21",6.65
"Currency","2017/03/20",6.67
"Currency","2017/03/17",6.67
"Currency","2017/03/16",6.67
"Currency","2017/03/15",6.67
"Currency","2017/03/14",6.66
"Currency","2017/03/13",6.67
"Currency","2017/03/10",6.67
"Currency","2017/03/09",6.66
"Currency","2017/03/08",6.67
"Currency","2017/03/07",6.40
"Currency","2017/03/06",6.40
"Currency","2017/03/03",6.66
"Currency","2017/03/02",6.40
"Currency","2017/03/01",6.40
"Currency","2017/02/28",6.67
"Currency","2017/02/27",6.40
"Currency","2017/02/24",6.40
"Currency","2017/02/23",6.67
"Currency","2017/02/22",6.40
"Currency","2017/02/21",6.66
"Currency","2017/02/20",6.40
"Currency","2017/02/17",6.66
"Currency","2017/02/16",6.67
"Currency","2017/02/15",6.40
"Currency","2017/02/14",6.40
"Currency","2017/02/13",6.40
"Currency","2017/02/10",6.66
"Currency","2017/02/09",6.40
"Currency","2017/02/08",6.40
"Currency","2017/02/07",6.66
"Currency","2017/02/06",6.40
"Currency","2017/02/03",6.67
"Currency","2017/02/02",6.40
"Currency","2017/02/01",6.40
"Currency","2017/01/31",6.66
"Currency","2017/01/30",6.40
"Currency","2017/01/27",6.41
"Currency","2017/01/26",6.67
"Currency","2017/01/25",6.41
"Currency","2017/01/24",6.41
"Currency","2017/01/23",6.41
"Currency","2017/01/20",6.58
"Currency","2017/01/19",6.41
"Currency","2017/01/18",6.41
"Currency","2017/01/17",6.41
"Currency","2017/01/16",6.41
"Currency","2017/01/13",6.41
"Currency","2017/01/12",6.41
"Currency","2017/01/11",6.41
"Currency","2017/01/10",6.41
"Currency","2017/01/09",6.41
"Currency","2017/01/06",6.41
"Currency","2017/01/05",6.41
"Currency","2017/01/04",6.41
"Currency","2017/01/03",6.48
"Currency","2017/01/02",6.48
"Currency","2016/12/30",6.48
"Currency","2016/12/29",6.48
"Currency","2016/12/28",6.48
"Currency","2016/12/27",6.58
"Currency","2016/12/26",6.48
"Currency","2016/12/23",6.59
"Currency","2016/12/22",6.48
"Currency","2016/12/21",6.58
"Currency","2016/12/20",6.48
"Currency","2016/12/19",6.48
"Currency","2016/12/16",6.48
"Currency","2016/12/15",6.48
"Currency","2016/12/14",6.48
"Currency","2016/12/13",6.48
"Currency","2016/12/12",6.48
"Currency","2016/12/10",6.48
"Currency","2016/12/09",6.50
"Currency","2016/12/08",6.58
"Currency","2016/12/07",6.48
"Currency","2016/12/06",6.48
"Currency","2016/12/05",6.48
"Currency","2016/12/02",6.48
"Currency","2016/12/01",6.07
"Currency","2016/11/30",6.48
"Currency","2016/11/29",6.48
"Currency","2016/11/28",6.48
"Currency","2016/11/25",6.48
"Currency","2016/11/24",6.48
"Currency","2016/11/23",6.48
"Currency","2016/11/22",6.47
"Currency","2016/11/21",6.48
"Currency","2016/11/19",6.48
"Currency","2016/11/18",6.50
"Currency","2016/11/17",6.48
"Currency","2016/11/16",6.48
"Currency","2016/11/15",6.48
"Currency","2016/11/14",6.48
"Currency","2016/11/11",6.48
"Currency","2016/11/10",6.48
"Currency","2016/11/09",6.48
"Currency","2016/11/08",6.48
"Currency","2016/11/07",6.48
"Currency","2016/11/04",6.35
"Currency","2016/11/03",6.35
"Currency","2016/11/02",6.35
"Currency","2016/11/01",6.35
"Currency","2016/10/31",6.35
"Currency","2016/10/28",6.37
"Currency","2016/10/27",6.35
"Currency","2016/10/26",6.35
"Currency","2016/10/25",6.35
"Currency","2016/10/24",6.35
"Currency","2016/10/21",6.35
"Currency","2016/10/20",6.35
"Currency","2016/10/19",6.35
"Currency","2016/10/18",6.35
"Currency","2016/10/17",6.34
"Currency","2016/10/14",6.07
"Currency","2016/10/13",6.35
"Currency","2016/10/12",6.07
"Currency","2016/10/11",6.07
"Currency","2016/10/10",6.07
"Currency","2016/10/07",6.07
"Currency","2016/10/06",6.07
"Currency","2016/10/05",6.07
"Currency","2016/10/04",6.07
"Currency","2016/10/03",6.07
"Currency","2016/10/01",6.07
"Currency","2016/09/30",6.07
"Currency","2016/09/29",6.07
"Currency","2016/09/28",6.07
"Currency","2016/09/27",6.07
"Currency","2016/09/26",6.07
"Currency","2016/09/24",6.07
"Currency","2016/09/23",6.07
"Currency","2016/09/22",6.07
"Currency","2016/09/21",6.07
"Currency","2016/09/20",6.07
"Currency","2016/09/19",6.19
"Currency","2016/09/17",6.07
"Currency","2016/09/16",6.07
"Currency","2016/09/15",6.07
"Currency","2016/09/14",6.07
"Currency","2016/09/13",6.07
"Currency","2016/09/12",6.07
"Currency","2016/09/10",6.07
"Currency","2016/09/09",6.07
"Currency","2016/09/08",6.07
"Currency","2016/09/07",6.07
"Currency","2016/09/06",6.07
"Currency","2016/09/05",6.07
"Currency","2016/09/03",6.07
"Currency","2016/09/02",6.07
"Currency","2016/09/01",6.07
"Currency","2016/08/31",6.07
"Currency","2016/08/30",6.07
"Currency","2016/08/29",6.07
"Currency","2016/08/26",6.07
"Currency","2016/08/25",6.07
"Currency","2016/08/24",6.07
"Currency","2016/08/23",6.07
"Currency","2016/08/22",6.07
"Currency","2016/08/19",6.07
"Currency","2016/08/18",6.07
"Currency","2016/08/17",6.06
"Currency","2016/08/16",6.07
"Currency","2016/08/15",6.07
"Currency","2016/08/12",6.07
"Currency","2016/08/11",6.07
"Currency","2016/08/10",6.07
"Currency","2016/08/09",6.07
"Currency","2016/08/08",6.07
"Currency","2016/08/05",6.07
"Currency","2016/08/04",6.07
"Currency","2016/08/03",6.07
"Currency","2016/08/02",6.07
"Currency","2016/08/01",6.07
"Currency","2016/07/29",6.07
"Currency","2016/07/28",6.07
"Currency","2016/07/27",6.07
"Currency","2016/07/26",6.07
"Currency","2016/07/25",6.07
"Currency","2016/07/22",6.07
"Currency","2016/07/21",6.07
"Currency","2016/07/20",6.08
"Currency","2016/07/19",6.08
"Currency","2016/07/18",6.08
"Currency","2016/07/15",6.08
"Currency","2016/07/14",6.08
"Currency","2016/07/13",6.08
"Currency","2016/07/12",6.08
"Currency","2016/07/11",6.07
"Currency","2016/07/08",6.07
"Currency","2016/07/07",6.08
"Currency","2016/07/06",6.07
"Currency","2016/07/05",6.07
"Currency","2016/07/04",6.07
"Currency","2016/07/01",6.07
"Currency","2016/06/30",6.07
"Currency","2016/06/29",6.08
"Currency","2016/06/28",6.08
"Currency","2016/06/27",6.08
"Currency","2016/06/24",6.08
"Currency","2016/06/23",6.08
"Currency","2016/06/22",6.08
"Currency","2016/06/21",6.08
"Currency","2016/06/20",6.08
"Currency","2016/06/17",6.08
"Currency","2016/06/16",6.08
"Currency","2016/06/15",6.08
"Currency","2016/06/14",6.08
"Currency","2016/06/13",6.08
"Currency","2016/06/10",6.08
"Currency","2016/06/09",6.08
"Currency","2016/06/08",6.08
"Currency","2016/06/07",6.08
"Currency","2016/06/06",6.08
"Currency","2016/06/04",6.08
"Currency","2016/06/03",6.08
"Currency","2016/06/02",6.08
"Currency","2016/06/01",6.08
"Currency","2016/05/31",6.08
"Currency","2016/05/30",6.08
"Currency","2016/05/27",6.08
"Currency","2016/05/26",6.08
"Currency","2016/05/25",6.08
"Currency","2016/05/24",6.08
"Currency","2016/05/23",6.08
"Currency","2016/05/20",6.08
"Currency","2016/05/19",6.08
"Currency","2016/05/18",6.08
"Currency","2016/05/17",6.10
"Currency","2016/05/16",6.10
"Currency","2016/05/13",6.10
"Currency","2016/05/12",6.10
"Currency","2016/05/11",6.10
"Currency","2016/05/10",6.10
"Currency","2016/05/09",6.10
"Currency","2016/05/06",6.10
"Currency","2016/05/05",6.10
"Currency","2016/05/04",6.10
"Currency","2016/05/03",6.10
"Currency","2016/05/02",6.10
"Currency","2016/04/30",6.10
"Currency","2016/04/29",6.10
"Currency","2016/04/28",6.10
"Currency","2016/04/27",6.10
"Currency","2016/04/26",6.10
"Currency","2016/04/25",6.10
"Currency","2016/04/23",6.10
"Currency","2016/04/22",6.10
"Currency","2016/04/21",6.10
"Currency","2016/04/20",6.10
"Currency","2016/04/19",6.10
"Currency","2016/04/18",6.10
"Currency","2016/04/16",6.10
"Currency","2016/04/15",6.10
"Currency","2016/04/14",6.10
"Currency","2016/04/13",6.10
"Currency","2016/04/12",6.10
"Currency","2016/04/11",6.10
"Currency","2016/04/09",6.10
"Currency","2016/04/08",6.10
"Currency","2016/04/07",6.10
"Currency","2016/04/06",6.10
"Currency","2016/04/05",6.10
"Currency","2016/04/04",6.10
"Currency","2016/04/01",6.10
"Currency","2016/03/31",6.10
"Currency","2016/03/30",6.10
"Currency","2016/03/29",6.10
"Currency","2016/03/28",6.10
"Currency","2016/03/25",6.10
"Currency","2016/03/24",6.10
"Currency","2016/03/23",6.10
"Currency","2016/03/22",6.10
"Currency","2016/03/21",6.10
"Currency","2016/03/18",6.10
"Currency","2016/03/17",6.10
"Currency","2016/03/16",6.10
"Currency","2016/03/15",6.10
"Currency","2016/03/14",6.10
"Currency","2016/03/13",6.10
"Currency","2016/03/11",6.10
"Currency","2016/03/10",6.10
"Currency","2016/03/09",6.10
"Currency","2016/03/08",6.11
"Currency","2016/03/07",6.10
"Currency","2016/03/06",6.10
"Currency","2016/03/04",6.10
"Currency","2016/03/03",6.10
"Currency","2016/03/02",6.10
"Currency","2016/03/01",6.10
"Currency","2016/02/29",6.10
"Currency","2016/02/28",6.10
"Currency","2016/02/26",6.10
"Currency","2016/02/25",6.10
"Currency","2016/02/24",6.10
"Currency","2016/02/23",6.10
"Currency","2016/02/22",6.10
"Currency","2016/02/19",6.10
"Currency","2016/02/18",6.10
"Currency","2016/02/17",6.10
"Currency","2016/02/16",6.10
"Currency","2016/02/15",6.10
"Currency","2016/02/12",6.10
"Currency","2016/02/11",6.10
"Currency","2016/02/10",6.10
"Currency","2016/02/09",6.11
"Currency","2016/02/08",6.11
"Currency","2016/02/05",6.11
"Currency","2016/02/04",6.11
"Currency","2016/02/03",6.11
"Currency","2016/02/02",6.11
"Currency","2016/02/01",6.11
"Currency","2016/01/29",6.11
"Currency","2016/01/28",6.11
"Currency","2016/01/27",6.11
"Currency","2016/01/26",6.11
"Currency","2016/01/25",6.11
"Currency","2016/01/22",6.11
"Currency","2016/01/21",6.11
"Currency","2016/01/20",6.11
"Currency","2016/01/19",6.11
"Currency","2016/01/18",6.11
"Currency","2016/01/15",6.11
"Currency","2016/01/14",6.11
"Currency","2016/01/13",6.12
"Currency","2016/01/12",6.12
"Currency","2016/01/11",6.12
"Currency","2016/01/10",6.12
"Currency","2016/01/08",6.12
"Currency","2016/01/07",6.17
"Currency","2016/01/06",6.17
"Currency","2016/01/05",6.22
"Currency","2016/01/04",6.22
"Currency","2016/01/03",6.22
"Currency","2016/01/01",6.22
"Currency","2015/12/31",6.22
"Currency","2015/12/30",6.22
"Currency","2015/12/29",6.22
"Currency","2015/12/28",6.22
"Currency","2015/12/25",6.22
"Currency","2015/12/24",6.22
"Currency","2015/12/23",6.22
"Currency","2015/12/22",6.22
"Currency","2015/12/21",6.22
"Currency","2015/12/20",6.22
"Currency","2015/12/18",6.22
"Currency","2015/12/17",6.34
"Currency","2015/12/16",6.34
"Currency","2015/12/15",6.26
"Currency","2015/12/14",6.26
"Currency","2015/12/11",6.09
"Currency","2015/12/10",6.09
"Currency","2015/12/09",6.09
"Currency","2015/12/08",6.09
"Currency","2015/12/07",6.09
"Currency","2015/12/06",6.09
"Currency","2015/12/04",6.09
"Currency","2015/12/03",6.09
"Currency","2015/12/02",6.09
"Currency","2015/12/01",6.10
"Currency","2015/11/30",6.10
"Currency","2015/11/28",6.09
"Currency","2015/11/27",6.10
"Currency","2015/11/26",6.08
"Currency","2015/11/25",6.08
"Currency","2015/11/24",6.08
"Currency","2015/11/23",6.10
"Currency","2015/11/20",6.10
"Currency","2015/11/19",6.10
"Currency","2015/11/18",6.10
"Currency","2015/11/17",6.10
"Currency","2015/11/16",6.10
"Currency","2015/11/13",6.10
"Currency","2015/11/12",6.10
"Currency","2015/11/11",6.11
"Currency","2015/11/10",6.11
"Currency","2015/11/09",6.05
"Currency","2015/11/08",6.10
"Currency","2015/11/06",6.10
"Currency","2015/11/05",6.07
"Currency","2015/11/04",6.09
"Currency","2015/11/03",6.09
"Currency","2015/11/02",6.10
"Currency","2015/11/01",6.09
"Currency","2015/10/30",6.09
"Currency","2015/10/29",6.09
"Currency","2015/10/28",6.08
"Currency","2015/10/27",6.08
"Currency","2015/10/26",6.08
"Currency","2015/10/25",6.08
"Currency","2015/10/23",6.08
"Currency","2015/10/22",6.08
"Currency","2015/10/21",6.06
"Currency","2015/10/20",6.06
"Currency","2015/10/19",6.10
"Currency","2015/10/18",6.06
"Currency","2015/10/16",6.06
"Currency","2015/10/15",6.06
"Currency","2015/10/14",6.06
"Currency","2015/10/13",6.06
"Currency","2015/10/12",6.06
"Currency","2015/10/09",6.06
"Currency","2015/10/08",6.07
"Currency","2015/10/07",6.07
"Currency","2015/10/06",6.08
"Currency","2015/10/05",6.08
"Currency","2015/10/04",6.07
"Currency","2015/10/02",6.07
"Currency","2015/10/01",6.07
"Currency","2015/09/30",6.07
"Currency","2015/09/29",6.07
"Currency","2015/09/28",6.09
"Currency","2015/09/27",6.09
"Currency","2015/09/26",6.09
"Currency","2015/09/25",6.09
"Currency","2015/09/24",6.08
"Currency","2015/09/23",6.10
"Currency","2015/09/22",6.10
"Currency","2015/09/21",6.09
"Currency","2015/09/20",6.09
"Currency","2015/09/18",6.09
"Currency","2015/09/17",6.09
"Currency","2015/09/16",6.09
"Currency","2015/09/15",6.07
"Currency","2015/09/14",6.07
"Currency","2015/09/13",6.10
"Currency","2015/09/11",6.10
"Currency","2015/09/10",6.11
"Currency","2015/09/09",6.10
"Currency","2015/09/08",6.10
"Currency","2015/09/07",6.08
"Currency","2015/09/06",6.08
"Currency","2015/09/04",6.08
"Currency","2015/09/03",6.09
"Currency","2015/09/02",6.08
"Currency","2015/09/01",6.08
"Currency","2015/08/31",6.08
"Currency","2015/08/30",6.08
"Currency","2015/08/28",6.08
"Currency","2015/08/27",6.08
"Currency","2015/08/26",6.08
"Currency","2015/08/25",6.07
"Currency","2015/08/24",6.07
"Currency","2015/08/21",6.08
"Currency","2015/08/20",6.08
"Currency","2015/08/19",6.08
"Currency","2015/08/18",6.08
"Currency","2015/08/17",6.07
"Currency","2015/08/14",6.07
"Currency","2015/08/13",6.07
"Currency","2015/08/12",6.08
"Currency","2015/08/11",6.08
"Currency","2015/08/10",6.10
"Currency","2015/08/07",5.99
"Currency","2015/08/06",6.10
"Currency","2015/08/05",6.10
"Currency","2015/08/04",6.10
"Currency","2015/08/03",6.10
"Currency","2015/07/31",6.04
"Currency","2015/07/30",5.99
"Currency","2015/07/29",5.96
"Currency","2015/07/28",5.96
"Currency","2015/07/27",5.96
"Currency","2015/07/24",5.96
"Currency","2015/07/23",5.96
"Currency","2015/07/22",5.96
"Currency","2015/07/21",5.96
"Currency","2015/07/20",5.96
"Currency","2015/07/17",5.96
"Currency","2015/07/16",5.96
"Currency","2015/07/15",5.96
"Currency","2015/07/14",5.96
"Currency","2015/07/13",5.96
"Currency","2015/07/12",5.96
"Currency","2015/07/10",5.96
"Currency","2015/07/09",5.97
"Currency","2015/07/08",5.97
"Currency","2015/07/07",5.98
"Currency","2015/07/06",5.97
"Currency","2015/07/04",5.96
"Currency","2015/07/03",5.97
"Currency","2015/07/02",5.96
"Currency","2015/07/01",5.96
"Currency","2015/06/30",5.98
"Currency","2015/06/29",5.98
"Currency","2015/06/26",5.98
"Currency","2015/06/25",5.98
"Currency","2015/06/24",5.97
"Currency","2015/06/23",5.97
"Currency","2015/06/22",5.97
"Currency","2015/06/19",5.97
"Currency","2015/06/18",5.97
"Currency","2015/06/17",5.98
"Currency","2015/06/16",5.98
"Currency","2015/06/15",5.97
"Currency","2015/06/12",5.97
"Currency","2015/06/11",5.97
"Currency","2015/06/10",5.97
"Currency","2015/06/09",5.97
"Currency","2015/06/08",5.98
"Currency","2015/06/05",5.97
"Currency","2015/06/04",5.97
"Currency","2015/06/03",5.97
"Currency","2015/06/02",5.97
"Currency","2015/06/01",5.97
"Currency","2015/05/29",5.97
"Currency","2015/05/28",5.97
"Currency","2015/05/27",5.97
"Currency","2015/05/26",5.97
"Currency","2015/05/25",5.97
"Currency","2015/05/22",5.97
"Currency","2015/05/21",5.97
"Currency","2015/05/20",5.97
"Currency","2015/05/19",5.97
"Currency","2015/05/18",5.97
"Currency","2015/05/15",5.97
"Currency","2015/05/14",5.97
"Currency","2015/05/13",5.97
"Currency","2015/05/12",5.97
"Currency","2015/05/11",5.97
"Currency","2015/05/08",5.97
"Currency","2015/05/07",5.97
"Currency","2015/05/06",5.97
"Currency","2015/05/05",5.97
"Currency","2015/05/04",5.97
"Currency","2015/05/01",5.97
"Currency","2015/04/30",5.97
"Currency","2015/04/29",5.97
"Currency","2015/04/28",5.96
"Currency","2015/04/27",5.96
"Currency","2015/04/24",5.96
"Currency","2015/04/23",5.97
"Currency","2015/04/22",5.97
"Currency","2015/04/21",5.97
"Currency","2015/04/20",5.97
"Currency","2015/04/17",5.97
"Currency","2015/04/16",5.97
"Currency","2015/04/15",5.97
"Currency","2015/04/14",5.97
"Currency","2015/04/13",5.97
"Currency","2015/04/10",5.97
"Currency","2015/04/09",5.97
"Currency","2015/04/08",5.97
"Currency","2015/04/07",5.97
"Currency","2015/04/06",5.97
"Currency","2015/04/03",5.97
"Currency","2015/04/02",5.97
"Currency","2015/04/01",5.97
"Currency","2015/03/31",5.97
"Currency","2015/03/30",5.97
"Currency","2015/03/27",5.97
"Currency","2015/03/26",5.96
"Currency","2015/03/25",5.96
"Currency","2015/03/24",5.97
"Currency","2015/03/23",5.97
"Currency","2015/03/20",5.98
"Currency","2015/03/19",5.97
"Currency","2015/03/18",5.97
"Currency","2015/03/17",5.98
"Currency","2015/03/16",5.97
"Currency","2015/03/13",5.97
"Currency","2015/03/12",5.97
"Currency","2015/03/11",5.97
"Currency","2015/03/10",5.98
"Currency","2015/03/09",5.98
"Currency","2015/03/06",5.97
"Currency","2015/03/05",5.98
"Currency","2015/03/04",5.97
"Currency","2015/03/03",5.97
"Currency","2015/03/02",5.97
"Currency","2015/02/27",5.98
"Currency","2015/02/26",5.97
"Currency","2015/02/25",5.97
"Currency","2015/02/24",5.97
"Currency","2015/02/23",5.97
"Currency","2015/02/20",5.96
"Currency","2015/02/19",5.97
"Currency","2015/02/18",5.97
"Currency","2015/02/17",5.97
"Currency","2015/02/16",5.97
"Currency","2015/02/13",5.97
"Currency","2015/02/12",5.97
"Currency","2015/02/11",5.97
"Currency","2015/02/10",5.97
"Currency","2015/02/09",5.97
"Currency","2015/02/06",5.97
"Currency","2015/02/05",5.97
"Currency","2015/02/03",5.96
"Currency","2015/02/02",5.96
"Currency","2015/01/30",5.96
"Currency","2015/01/29",5.96
"Currency","2015/01/28",5.98
"Currency","2015/01/27",5.98
"Currency","2015/01/26",5.98
"Currency","2015/01/23",5.98
"Currency","2015/01/22",5.98
"Currency","2015/01/21",5.98
"Currency","2015/01/20",5.98
"Currency","2015/01/19",5.97
"Currency","2015/01/16",5.97
"Currency","2015/01/15",5.97
"Currency","2015/01/14",5.97
"Currency","2015/01/13",5.97
"Currency","2015/01/12",5.98
"Currency","2015/01/09",5.98
"Currency","2015/01/08",5.98
"Currency","2015/01/07",5.98
"Currency","2015/01/06",5.98
"Currency","2015/01/05",5.98
"Currency","2015/01/02",5.97
"Currency","2015/01/01",5.71
"Currency","2014/12/31",5.71
"Currency","2014/12/30",5.70
"Currency","2014/12/29",5.70
"Currency","2014/12/26",5.70
"Currency","2014/12/25",5.70
"Currency","2014/12/24",5.70
"Currency","2014/12/23",5.70
"Currency","2014/12/22",5.70
"Currency","2014/12/19",5.69
"Currency","2014/12/18",5.70
"Currency","2014/12/17",5.70
"Currency","2014/12/16",5.69
"Currency","2014/12/15",5.70
"Currency","2014/12/12",5.69
"Currency","2014/12/11",5.70
"Currency","2014/12/10",5.70
"Currency","2014/12/09",5.70
"Currency","2014/12/08",5.70
"Currency","2014/12/05",5.69
"Currency","2014/12/04",5.70
"Currency","2014/12/03",5.69
"Currency","2014/12/02",5.70
"Currency","2014/12/01",5.70
"Currency","2014/11/28",5.70
"Currency","2014/11/27",5.69
"Currency","2014/11/26",5.69
"Currency","2014/11/25",5.69
"Currency","2014/11/24",5.70
"Currency","2014/11/23",5.69
"Currency","2014/11/22",5.69
"Currency","2014/11/21",5.70
"Currency","2014/11/20",5.69
"Currency","2014/11/19",5.70
"Currency","2014/11/18",5.69
"Currency","2014/11/17",5.69
"Currency","2014/11/16",5.68
"Currency","2014/11/15",5.68
"Currency","2014/11/14",5.69
"Currency","2014/11/13",5.69
"Currency","2014/11/12",5.70
"Currency","2014/11/11",5.69
"Currency","2014/11/10",5.69
"Currency","2014/11/09",5.68
"Currency","2014/11/08",5.68
"Currency","2014/11/07",5.69
"Currency","2014/11/06",5.69
"Currency","2014/11/05",5.70
"Currency","2014/11/04",5.70
"Currency","2014/11/03",5.70
"Currency","2014/11/02",5.69
"Currency","2014/11/01",5.69
"Currency","2014/10/31",5.70
"Currency","2014/10/30",5.70
"Currency","2014/10/29",5.69
"Currency","2014/10/28",5.69
"Currency","2014/10/27",5.69
"Currency","2014/10/26",5.69
"Currency","2014/10/25",5.69
"Currency","2014/10/24",5.69
"Currency","2014/10/23",5.70
"Currency","2014/10/22",5.69
"Currency","2014/10/21",5.70
"Currency","2014/10/20",5.70
"Currency","2014/10/19",5.68
"Currency","2014/10/18",5.69
"Currency","2014/10/17",5.70
"Currency","2014/10/16",5.70
"Currency","2014/10/15",5.69
"Currency","2014/10/14",5.70
"Currency","2014/10/13",5.70
"Currency","2014/10/12",5.69
"Currency","2014/10/11",5.69
"Currency","2014/10/10",5.70
"Currency","2014/10/09",5.70
"Currency","2014/10/08",5.70
"Currency","2014/10/07",5.70
"Currency","2014/10/06",5.70
"Currency","2014/10/05",5.69
"Currency","2014/10/04",5.69
"Currency","2014/10/03",5.70
"Currency","2014/10/02",5.70
"Currency","2014/10/01",5.69
"Currency","2014/09/30",5.70
"Currency","2014/09/29",5.70
"Currency","2014/09/28",5.70
"Currency","2014/09/27",5.70
"Currency","2014/09/26",5.69
"Currency","2014/09/25",5.70
"Currency","2014/09/24",5.70
"Currency","2014/09/23",5.70
"Currency","2014/09/22",5.70
"Currency","2014/09/21",5.69
"Currency","2014/09/20",5.69
"Currency","2014/09/19",5.70
"Currency","2014/09/18",5.70
"Currency","2014/09/17",5.70
"Currency","2014/09/16",5.70
"Currency","2014/09/15",5.70
"Currency","2014/09/14",5.68
"Currency","2014/09/13",5.68
"Currency","2014/09/12",5.69
"Currency","2014/09/11",5.70
"Currency","2014/09/10",5.70
"Currency","2014/09/09",5.69
"Currency","2014/09/08",5.70
"Currency","2014/09/05",5.70
"Currency","2014/09/04",5.70
"Currency","2014/09/03",5.70
"Currency","2014/09/02",5.70
"Currency","2014/09/01",5.70
"Currency","2014/08/29",5.70
"Currency","2014/08/28",5.70
"Currency","2014/08/27",5.70
"Currency","2014/08/26",5.70
"Currency","2014/08/25",5.70
"Currency","2014/08/24",5.69
"Currency","2014/08/23",5.69
"Currency","2014/08/22",5.70
"Currency","2014/08/21",5.70
"Currency","2014/08/20",5.70
"Currency","2014/08/19",5.70
"Currency","2014/08/18",5.70
"Currency","2014/08/17",5.69
"Currency","2014/08/16",5.69
"Currency","2014/08/15",5.70
"Currency","2014/08/14",5.70
"Currency","2014/08/13",5.70
"Currency","2014/08/12",5.69
"Currency","2014/08/11",5.70
"Currency","2014/08/10",5.69
"Currency","2014/08/09",5.69
"Currency","2014/08/08",5.69
"Currency","2014/08/07",5.70
"Currency","2014/08/06",5.70
"Currency","2014/08/05",5.70
"Currency","2014/08/04",5.69
"Currency","2014/08/03",5.69
"Currency","2014/08/02",5.69
"Currency","2014/08/01",5.69
"Currency","2014/07/31",5.70
"Currency","2014/07/30",5.70
"Currency","2014/07/29",5.69
"Currency","2014/07/28",5.70
"Currency","2014/07/27",5.69
"Currency","2014/07/26",5.69
"Currency","2014/07/25",5.70
"Currency","2014/07/24",5.70
"Currency","2014/07/23",5.70
"Currency","2014/07/22",5.70
"Currency","2014/07/21",5.69
"Currency","2014/07/19",5.68
"Currency","2014/07/18",5.69
"Currency","2014/07/17",5.69
"Currency","2014/07/16",5.70
"Currency","2014/07/15",5.70
"Currency","2014/07/14",5.69
"Currency","2014/07/13",5.69
"Currency","2014/07/12",5.69
"Currency","2014/07/11",5.69
"Currency","2014/07/10",5.70
"Currency","2014/07/09",5.70
"Currency","2014/07/08",5.70
"Currency","2014/07/07",5.69
"Currency","2014/07/06",5.69
"Currency","2014/07/05",5.69
"Currency","2014/07/04",5.70
"Currency","2014/07/03",5.70
"Currency","2014/07/02",5.70
"Currency","2014/07/01",5.69
"Currency","2014/06/30",5.69
"Currency","2014/06/29",5.69
"Currency","2014/06/28",5.69
"Currency","2014/06/27",5.69
"Currency","2014/06/26",5.70
"Currency","2014/06/25",5.69
"Currency","2014/06/24",5.70
"Currency","2014/06/23",5.70
"Currency","2014/06/22",5.69
"Currency","2014/06/21",5.69
"Currency","2014/06/20",5.69
"Currency","2014/06/19",5.69
"Currency","2014/06/18",5.69
"Currency","2014/06/17",5.70
"Currency","2014/06/16",5.69
"Currency","2014/06/15",5.69
"Currency","2014/06/14",5.69
"Currency","2014/06/13",5.70
"Currency","2014/06/12",5.69
"Currency","2014/06/11",5.70
"Currency","2014/06/10",5.70
"Currency","2014/06/09",5.70
"Currency","2014/06/08",5.69
"Currency","2014/06/07",5.70
"Currency","2014/06/06",5.70
"Currency","2014/06/05",5.70
"Currency","2014/06/04",5.70
"Currency","2014/06/03",5.70
"Currency","2014/06/02",5.70
"Currency","2014/06/01",5.69
"Currency","2014/05/31",5.70
"Currency","2014/05/30",5.70
"Currency","2014/05/29",5.69
"Currency","2014/05/28",5.70
"Currency","2014/05/27",5.70
"Currency","2014/05/26",5.70
"Currency","2014/05/24",5.70
"Currency","2014/05/23",5.70
"Currency","2014/05/22",5.70
"Currency","2014/05/21",5.70
"Currency","2014/05/20",5.70
"Currency","2014/05/19",5.70
"Currency","2014/05/18",5.69
"Currency","2014/05/17",5.70
"Currency","2014/05/16",5.70
"Currency","2014/05/15",5.70
"Currency","2014/05/14",5.70
"Currency","2014/05/13",5.70
"Currency","2014/05/12",5.70
"Currency","2014/05/11",5.69
"Currency","2014/05/10",5.69
"Currency","2014/05/09",5.69
"Currency","2014/05/08",5.69
"Currency","2014/05/07",5.69
"Currency","2014/05/06",5.69
"Currency","2014/05/05",5.69
"Currency","2014/05/04",5.69
"Currency","2014/05/03",5.69
"Currency","2014/05/02",5.69
"Currency","2014/05/01",5.69
"Currency","2014/04/30",5.69
"Currency","2014/04/29",5.69
"Currency","2014/04/28",5.69
"Currency","2014/04/27",5.68
"Currency","2014/04/26",5.68
"Currency","2014/04/25",5.69
"Currency","2014/04/24",5.69
"Currency","2014/04/23",5.69
"Currency","2014/04/22",5.69
"Currency","2014/04/21",5.69
"Currency","2014/04/20",5.68
"Currency","2014/04/19",5.68
"Currency","2014/04/18",5.69
"Currency","2014/04/17",5.69
"Currency","2014/04/16",5.69
"Currency","2014/04/15",5.69
"Currency","2014/04/14",5.69
"Currency","2014/04/13",5.68
"Currency","2014/04/12",5.68
"Currency","2014/04/11",5.69
"Currency","2014/04/10",5.69
"Currency","2014/04/09",5.69
"Currency","2014/04/08",5.69
"Currency","2014/04/07",5.68
"Currency","2014/04/06",5.69
"Currency","2014/04/05",5.69
"Currency","2014/04/04",5.69
"Currency","2014/04/03",5.69
"Currency","2014/04/02",5.69
"Currency","2014/04/01",5.69
"Currency","2014/03/31",5.69
"Currency","2014/03/30",5.68
"Currency","2014/03/29",5.69
"Currency","2014/03/28",5.69
"Currency","2014/03/27",5.69
"Currency","2014/03/26",5.69
"Currency","2014/03/25",5.69
"Currency","2014/03/24",5.69
"Currency","2014/03/23",5.68
"Currency","2014/03/22",5.68
"Currency","2014/03/21",5.69
"Currency","2014/03/20",5.69
"Currency","2014/03/19",5.69
"Currency","2014/03/18",5.69
"Currency","2014/03/17",5.69
"Currency","2014/03/16",5.68
"Currency","2014/03/15",5.69
"Currency","2014/03/14",5.69
"Currency","2014/03/13",5.69
"Currency","2014/03/12",5.69
"Currency","2014/03/11",5.69
"Currency","2014/03/10",5.69
"Currency","2014/03/09",5.68
"Currency","2014/03/08",5.68
"Currency","2014/03/07",5.69
"Currency","2014/03/06",5.69
"Currency","2014/03/05",5.69
"Currency","2014/03/04",5.69
"Currency","2014/03/03",5.70
"Currency","2014/03/02",5.69
"Currency","2014/03/01",5.69
"Currency","2014/02/28",5.69
"Currency","2014/02/27",5.69
"Currency","2014/02/26",5.70
"Currency","2014/02/25",5.70
"Currency","2014/02/24",5.69
"Currency","2014/02/23",5.69
"Currency","2014/02/22",5.69
"Currency","2014/02/21",5.69
"Currency","2014/02/20",5.69
"Currency","2014/02/19",5.70
"Currency","2014/02/18",5.70
"Currency","2014/02/17",5.70
"Currency","2014/02/16",5.69
"Currency","2014/02/15",5.70
"Currency","2014/02/14",5.70
"Currency","2014/02/13",5.70
"Currency","2014/02/12",5.70
"Currency","2014/02/11",5.69
"Currency","2014/02/10",5.70
"Currency","2014/02/09",5.68
"Currency","2014/02/08",5.68
"Currency","2014/02/07",5.70
"Currency","2014/02/06",5.70
"Currency","2014/02/05",5.70
"Currency","2014/02/04",5.70
"Currency","2014/02/03",5.67
"Currency","2014/02/02",5.68
"Currency","2014/02/01",5.68
"Currency","2014/01/31",5.68
"Currency","2014/01/30",5.68
"Currency","2014/01/29",5.68
"Currency","2014/01/28",5.68
"Currency","2014/01/24",5.68
"Currency","2014/01/23",5.68
"Currency","2014/01/22",5.67
"Currency","2014/01/21",5.68
"Currency","2014/01/20",5.68
"Currency","2014/01/19",5.68
"Currency","2014/01/18",5.68
"Currency","2014/01/17",5.68
"Currency","2014/01/16",5.67
"Currency","2014/01/15",5.69
"Currency","2014/01/14",5.69
"Currency","2014/01/13",5.69
"Currency","2014/01/12",5.69
"Currency","2014/01/11",5.69
"Currency","2014/01/10",5.69
"Currency","2014/01/09",5.69
"Currency","2014/01/08",5.69
"Currency","2014/01/07",5.70
"Currency","2014/01/06",5.69
"Currency","2014/01/05",5.69
"Currency","2014/01/04",5.69
"Currency","2014/01/03",5.69
"Currency","2014/01/02",5.68
"Currency","2014/01/01",5.68
"Currency","2013/12/31",5.68
"Currency","2013/12/30",5.68
"Currency","2013/12/29",5.69
"Currency","2013/12/28",5.70
"Currency","2013/12/27",5.70
"Currency","2013/12/26",5.69
"Currency","2013/12/25",5.69
"Currency","2013/12/24",5.70
"Currency","2013/12/23",5.69
"Currency","2013/12/22",5.69
"Currency","2013/12/21",5.69
"Currency","2013/12/20",5.69
"Currency","2013/12/19",5.69
"Currency","2013/12/18",5.69
"Currency","2013/12/17",5.69
"Currency","2013/12/16",5.69
"Currency","2013/12/15",5.69
"Currency","2013/12/14",5.69
"Currency","2013/12/13",5.69
"Currency","2013/12/12",5.69
"Currency","2013/12/11",5.69
"Currency","2013/12/10",5.69
"Currency","2013/12/09",5.69
"Currency","2013/12/08",5.69
"Currency","2013/12/07",5.69
"Currency","2013/12/06",5.69
"Currency","2013/12/05",5.69
"Currency","2013/12/04",5.69
"Currency","2013/12/03",5.69
"Currency","2013/12/02",5.69
"Currency","2013/12/01",5.70
"Currency","2013/11/30",5.70
"Currency","2013/11/29",5.69
"Currency","2013/11/28",5.69
"Currency","2013/11/27",5.69
"Currency","2013/11/26",5.69
"Currency","2013/11/25",5.69
"Currency","2013/11/24",5.69
"Currency","2013/11/23",5.69
"Currency","2013/11/22",5.69
"Currency","2013/11/21",5.69
"Currency","2013/11/20",5.69
"Currency","2013/11/19",5.69
"Currency","2013/11/18",5.69
"Currency","2013/11/17",5.70
"Currency","2013/11/16",5.70
"Currency","2013/11/15",5.70
"Currency","2013/11/14",5.70
"Currency","2013/11/13",5.70
"Currency","2013/11/12",5.70
"Currency","2013/11/11",5.70
"Currency","2013/11/10",4.40
"Currency","2013/11/09",4.40
"Currency","2013/11/08",4.40
"Currency","2013/11/07",4.40
"Currency","2013/11/06",4.40
"Currency","2013/11/05",4.40
"Currency","2013/11/04",4.40
"Currency","2013/11/03",4.40
"Currency","2013/11/02",4.40
"Currency","2013/11/01",4.40
"Currency","2013/10/31",4.40
"Currency","2013/10/30",4.40
"Currency","2013/10/29",4.40
"Currency","2013/10/28",4.40
"Currency","2013/10/27",4.40
"Currency","2013/10/26",4.40
"Currency","2013/10/25",4.40
"Currency","2013/10/24",4.40
"Currency","2013/10/23",4.40
"Currency","2013/10/22",4.40
"Currency","2013/10/21",4.39
"Currency","2013/10/20",4.40
"Currency","2013/10/19",4.40
"Currency","2013/10/18",4.40
"Currency","2013/10/17",4.40
"Currency","2013/10/16",4.40
"Currency","2013/10/15",4.40
"Currency","2013/10/14",4.40
"Currency","2013/10/13",4.40
"Currency","2013/10/11",4.40
"Currency","2013/10/10",4.41
"Currency","2013/10/09",4.41
"Currency","2013/10/08",4.40
"Currency","2013/10/07",4.40
"Currency","2013/10/04",4.41
"Currency","2013/10/03",4.40
"Currency","2013/10/02",4.41
"Currency","2013/10/01",4.41
"Currency","2013/09/30",4.40
"Currency","2013/09/27",4.40
"Currency","2013/09/26",4.41
"Currency","2013/09/25",4.39
"Currency","2013/09/24",4.40
"Currency","2013/09/23",4.40
"Currency","2013/09/20",4.40
"Currency","2013/09/19",4.40
"Currency","2013/09/18",4.40
"Currency","2013/09/17",4.40
"Currency","2013/09/16",4.40
"Currency","2013/09/13",4.40
"Currency","2013/09/12",4.40
"Currency","2013/09/11",4.40
"Currency","2013/09/10",4.39
"Currency","2013/09/09",4.39
"Currency","2013/09/06",4.40
"Currency","2013/09/05",4.40
"Currency","2013/09/04",4.40
"Currency","2013/09/03",4.40
"Currency","2013/09/02",4.40
"Currency","2013/08/30",4.40
"Currency","2013/08/29",4.40
"Currency","2013/08/28",4.41
"Currency","2013/08/27",4.40
"Currency","2013/08/26",4.41
"Currency","2013/08/23",4.40
"Currency","2013/08/22",4.40
"Currency","2013/08/21",4.41
"Currency","2013/08/20",4.41
"Currency","2013/08/19",4.40
"Currency","2013/08/16",4.41
"Currency","2013/08/15",4.41
"Currency","2013/08/14",4.40
"Currency","2013/08/13",4.39
"Currency","2013/08/12",4.40
"Currency","2013/08/09",4.41
"Currency","2013/08/08",4.41
"Currency","2013/08/07",4.40
"Currency","2013/08/06",4.41
"Currency","2013/08/05",4.40
"Currency","2013/08/02",4.41
"Currency","2013/08/01",4.40
"Currency","2013/07/31",4.39
"Currency","2013/07/30",4.41
"Currency","2013/07/29",4.40
"Currency","2013/07/26",4.40
"Currency","2013/07/25",4.39
"Currency","2013/07/24",4.40
"Currency","2013/07/23",4.41
"Currency","2013/07/22",4.40
"Currency","2013/07/19",4.40
"Currency","2013/07/18",4.40
"Currency","2013/07/17",4.41
"Currency","2013/07/16",4.40
"Currency","2013/07/15",4.41
"Currency","2013/07/12",4.41
"Currency","2013/07/11",4.40
"Currency","2013/07/10",4.41
"Currency","2013/07/09",4.40
"Currency","2013/07/08",4.41
"Currency","2013/07/05",4.40
"Currency","2013/07/04",4.40
"Currency","2013/07/03",4.41
"Currency","2013/07/02",4.40
"Currency","2013/07/01",4.40
"Currency","2013/06/28",4.40
"Currency","2013/06/27",4.39
"Currency","2013/06/26",4.39
"Currency","2013/06/25",4.40
"Currency","2013/06/24",4.39
"Currency","2013/06/21",4.41
"Currency","2013/06/20",4.39
"Currency","2013/06/19",4.41
"Currency","2013/06/18",4.41
"Currency","2013/06/17",4.40
"Currency","2013/06/14",4.40
"Currency","2013/06/13",4.41
"Currency","2013/06/12",4.40
"Currency","2013/06/11",4.40
"Currency","2013/06/10",4.39
"Currency","2013/06/07",4.40
"Currency","2013/06/06",4.40
"Currency","2013/06/05",4.41
"Currency","2013/06/04",4.41
"Currency","2013/06/03",4.39
"Currency","2013/05/31",4.40
"Currency","2013/05/30",4.39
"Currency","2013/05/29",4.40
"Currency","2013/05/28",4.41
"Currency","2013/05/27",4.40
"Currency","2013/05/24",4.40
"Currency","2013/05/23",4.39
"Currency","2013/05/22",4.40
"Currency","2013/05/21",4.39
"Currency","2013/05/20",4.41
"Currency","2013/05/17",4.40
"Currency","2013/05/16",4.39
"Currency","2013/05/15",4.41
"Currency","2013/05/14",4.41
"Currency","2013/05/13",4.41
"Currency","2013/05/10",4.41
"Currency","2013/05/09",4.41
"Currency","2013/05/08",4.41
"Currency","2013/05/07",4.41
"Currency","2013/05/06",4.41
"Currency","2013/05/03",4.41
"Currency","2013/05/02",4.41
"Currency","2013/05/01",4.41
"Currency","2013/04/30",4.41
"Currency","2013/04/29",4.41
"Currency","2013/04/26",4.41
"Currency","2013/04/25",4.41
"Currency","2013/04/24",4.41
"Currency","2013/04/23",4.41
"Currency","2013/04/22",4.41
"Currency","2013/04/19",4.41
"Currency","2013/04/18",4.40
"Currency","2013/04/17",4.41
"Currency","2013/04/16",4.41
"Currency","2013/04/15",4.41
"Currency","2013/04/12",4.41
"Currency","2013/04/11",4.41
"Currency","2013/04/10",4.41
"Currency","2013/04/09",4.41
"Currency","2013/04/08",4.41
"Currency","2013/04/05",4.41
"Currency","2013/04/04",4.41
"Currency","2013/04/03",4.41
"Currency","2013/04/02",4.41
"Currency","2013/04/01",4.41
"Currency","2013/03/29",4.41
"Currency","2013/03/28",4.41
"Currency","2013/03/27",4.41
"Currency","2013/03/26",4.41
"Currency","2013/03/25",4.41
"Currency","2013/03/22",4.41
"Currency","2013/03/21",4.41
"Currency","2013/03/20",4.41
"Currency","2013/03/19",4.41
"Currency","2013/03/18",4.41
"Currency","2013/03/15",4.41
"Currency","2013/03/14",4.41
"Currency","2013/03/13",4.41
"Currency","2013/03/12",4.41
"Currency","2013/03/11",4.41
"Currency","2013/03/08",4.41
"Currency","2013/03/07",4.41
"Currency","2013/03/06",4.41
"Currency","2013/03/05",4.41
"Currency","2013/03/04",4.41
"Currency","2013/03/01",4.41
"Currency","2013/02/28",4.41
"Currency","2013/02/27",4.41
"Currency","2013/02/26",4.41
"Currency","2013/02/25",4.41
"Currency","2013/02/22",4.41
"Currency","2013/02/21",4.41
"Currency","2013/02/20",4.41
"Currency","2013/02/19",4.41
"Currency","2013/02/18",4.41
"Currency","2013/02/15",4.41
"Currency","2013/02/14",4.41
"Currency","2013/02/13",4.41
"Currency","2013/02/12",4.41
"Currency","2013/02/11",4.41
"Currency","2013/02/08",4.41
"Currency","2013/02/07",4.41
"Currency","2013/02/06",4.41
"Currency","2013/02/05",4.41
"Currency","2013/02/04",4.41
"Currency","2013/02/01",4.41
"Currency","2013/01/31",4.41
"Currency","2013/01/30",4.41
"Currency","2013/01/29",4.41
"Currency","2013/01/28",4.41
"Currency","2013/01/25",4.41
"Currency","2013/01/24",4.41
"Currency","2013/01/23",4.41
"Currency","2013/01/22",4.41
"Currency","2013/01/21",4.41
"Currency","2013/01/18",4.41
"Currency","2013/01/17",4.41
"Currency","2013/01/16",4.41
"Currency","2013/01/15",4.41
"Currency","2013/01/14",4.41
"Currency","2013/01/11",4.41
"Currency","2013/01/10",4.41
"Currency","2013/01/09",4.41
"Currency","2013/01/08",4.41
"Currency","2013/01/07",4.41
"Currency","2013/01/04",4.41
"Currency","2013/01/03",4.41
"Currency","2013/01/02",4.41
"Currency","2013/01/01",4.41
"Currency","2012/12/31",4.41
"Currency","2012/12/28",4.41
"Currency","2012/12/27",4.41
"Currency","2012/12/26",4.41
"Currency","2012/12/25",4.41
"Currency","2012/12/24",4.41
"Currency","2012/12/21",4.41
"Currency","2012/12/20",4.41
"Currency","2012/12/19",4.41
"Currency","2012/12/18",4.41
"Currency","2012/12/17",4.41
"Currency","2012/12/14",4.41
"Currency","2012/12/13",4.41
"Currency","2012/12/12",4.41
"Currency","2012/12/11",4.41
"Currency","2012/12/10",4.41
"Currency","2012/12/07",4.41
"Currency","2012/12/06",4.41
"Currency","2012/12/04",4.41
"Currency","2012/12/03",4.41
"Currency","2012/11/29",4.41
"Currency","2012/11/28",4.41
"Currency","2012/11/27",4.41
"Currency","2012/11/26",4.41
"Currency","2012/11/23",4.41
"Currency","2012/11/22",4.41
"Currency","2012/11/21",4.41
"Currency","2012/11/20",4.41
"Currency","2012/11/19",4.41
"Currency","2012/11/16",4.41
"Currency","2012/11/15",4.41
"Currency","2012/11/14",4.41
"Currency","2012/11/13",4.41
"Currency","2012/11/12",4.41
"Currency","2012/11/09",4.41
"Currency","2012/11/08",4.41
"Currency","2012/11/07",4.41
"Currency","2012/11/06",4.41
"Currency","2012/11/05",4.41
"Currency","2012/11/02",4.41
"Currency","2012/10/30",4.41
"Currency","2012/10/29",4.41
"Currency","2012/10/26",4.41
"Currency","2012/10/25",4.41
"Currency","2012/10/24",4.41
"Currency","2012/10/10",4.41
"Currency","2012/09/30",4.44
"Currency","2012/08/31",4.43
"Currency","2012/07/31",4.43
"Currency","2012/06/30",2.68
"Currency","2012/05/31",2.68
"Currency","2012/04/30",2.69
"Currency","2012/03/31",2.69
"Currency","2012/02/29",2.69
"Currency","2012/01/31",2.68
"Currency","2011/12/31",2.68
"Currency","2011/11/30",2.68
"Currency","2011/10/31",2.68
"Currency","2011/09/30",2.68
"Currency","2011/08/31",2.68
"Currency","2011/07/31",2.65
"Currency","2011/06/30",2.67
"Currency","2011/05/31",2.68
"Currency","2011/04/30",2.68
"Currency","2011/03/31",2.80
"Currency","2011/02/28",2.70
"Currency","2011/01/31",2.51
"Currency","2010/12/31",2.51
"Currency","2010/11/30",2.42
"Currency","2010/10/31",2.36
"Currency","2010/09/30",2.37
"Currency","2010/08/31",2.37
"Currency","2010/07/31",2.37
"Currency","2010/06/30",2.37
"Currency","2010/05/31",2.23
"Currency","2010/04/30",2.23
"Currency","2010/03/31",2.32
"Currency","2010/02/28",2.31
"Currency","2010/01/31",2.34
"Currency","2009/12/31",2.32
"Currency","2009/11/30",2.32
"Currency","2009/10/31",2.32
"Currency","2009/09/30",2.32
"Currency","2009/08/31",2.42
"Currency","2009/07/31",2.38
"Currency","2009/06/30",2.34
"Currency","2009/05/31",2.33
"","",""
"Data Source: http://www.tradingeconomics.com","",""
"Downloaded from http://vam.wfp.org on 11 Jun 2018","",""
