"Indicator","Time","Value (USD/SYP)"
"Currency","2018/06/09",515.00
"Currency","2018/06/08",515.00
"Currency","2018/06/07",515.00
"Currency","2018/06/06",515.00
"Currency","2018/06/05",515.00
"Currency","2018/06/04",515.00
"Currency","2018/06/02",515.00
"Currency","2018/06/01",515.00
"Currency","2018/05/31",515.00
"Currency","2018/05/30",515.00
"Currency","2018/05/29",515.00
"Currency","2018/05/28",515.00
"Currency","2018/05/26",515.00
"Currency","2018/05/25",515.00
"Currency","2018/05/24",515.00
"Currency","2018/05/23",515.00
"Currency","2018/05/22",515.00
"Currency","2018/05/21",515.00
"Currency","2018/05/20",515.00
"Currency","2018/05/19",515.00
"Currency","2018/05/18",515.00
"Currency","2018/05/17",515.00
"Currency","2018/05/16",515.00
"Currency","2018/05/15",515.00
"Currency","2018/05/14",515.00
"Currency","2018/05/13",515.00
"Currency","2018/05/12",515.00
"Currency","2018/05/11",515.00
"Currency","2018/05/10",515.00
"Currency","2018/05/09",515.00
"Currency","2018/05/08",515.00
"Currency","2018/05/07",515.00
"Currency","2018/05/06",515.00
"Currency","2018/05/05",515.00
"Currency","2018/05/04",515.00
"Currency","2018/05/03",515.00
"Currency","2018/05/02",515.00
"Currency","2018/05/01",515.00
"Currency","2018/04/30",515.00
"Currency","2018/04/29",515.00
"Currency","2018/04/28",515.00
"Currency","2018/04/27",515.00
"Currency","2018/04/26",515.00
"Currency","2018/04/25",515.00
"Currency","2018/04/24",515.00
"Currency","2018/04/23",515.00
"Currency","2018/04/22",515.00
"Currency","2018/04/21",515.00
"Currency","2018/04/20",515.00
"Currency","2018/04/19",515.00
"Currency","2018/04/18",515.00
"Currency","2018/04/17",515.00
"Currency","2018/04/16",515.00
"Currency","2018/04/15",515.00
"Currency","2018/04/14",515.00
"Currency","2018/04/13",515.00
"Currency","2018/04/12",515.00
"Currency","2018/04/11",515.00
"Currency","2018/04/10",515.00
"Currency","2018/04/09",515.00
"Currency","2018/04/08",515.00
"Currency","2018/04/07",515.00
"Currency","2018/04/06",515.00
"Currency","2018/04/05",515.00
"Currency","2018/04/04",515.00
"Currency","2018/04/03",515.00
"Currency","2018/04/02",515.00
"Currency","2018/04/01",515.00
"Currency","2018/03/31",515.00
"Currency","2018/03/30",515.00
"Currency","2018/03/29",515.00
"Currency","2018/03/28",515.00
"Currency","2018/03/27",515.00
"Currency","2018/03/26",515.00
"Currency","2018/03/25",515.00
"Currency","2018/03/24",515.00
"Currency","2018/03/23",515.00
"Currency","2018/03/22",515.00
"Currency","2018/03/21",515.00
"Currency","2018/03/20",515.00
"Currency","2018/03/19",515.00
"Currency","2018/03/18",515.00
"Currency","2018/03/17",515.00
"Currency","2018/03/16",515.00
"Currency","2018/03/15",515.00
"Currency","2018/03/14",515.00
"Currency","2018/03/13",515.00
"Currency","2018/03/12",515.00
"Currency","2018/03/11",515.00
"Currency","2018/03/10",515.00
"Currency","2018/03/09",515.00
"Currency","2018/03/08",515.00
"Currency","2018/03/07",515.00
"Currency","2018/03/06",515.00
"Currency","2018/03/05",515.00
"Currency","2018/03/04",515.00
"Currency","2018/03/03",515.00
"Currency","2018/03/02",515.00
"Currency","2018/03/01",515.00
"Currency","2018/02/28",515.00
"Currency","2018/02/27",515.00
"Currency","2018/02/26",515.00
"Currency","2018/02/25",515.00
"Currency","2018/02/24",515.00
"Currency","2018/02/23",515.00
"Currency","2018/02/22",515.00
"Currency","2018/02/21",515.00
"Currency","2018/02/20",515.00
"Currency","2018/02/19",515.00
"Currency","2018/02/18",515.00
"Currency","2018/02/17",515.00
"Currency","2018/02/16",515.00
"Currency","2018/02/15",515.00
"Currency","2018/02/14",515.00
"Currency","2018/02/13",515.00
"Currency","2018/02/12",515.00
"Currency","2018/02/11",515.00
"Currency","2018/02/10",515.00
"Currency","2018/02/09",515.00
"Currency","2018/02/08",515.00
"Currency","2018/02/07",515.00
"Currency","2018/02/06",515.00
"Currency","2018/02/05",515.00
"Currency","2018/02/04",515.00
"Currency","2018/02/03",515.00
"Currency","2018/02/02",515.00
"Currency","2018/02/01",515.00
"Currency","2018/01/31",515.00
"Currency","2018/01/30",515.00
"Currency","2018/01/29",515.00
"Currency","2018/01/28",515.00
"Currency","2018/01/27",515.00
"Currency","2018/01/26",515.00
"Currency","2018/01/25",515.00
"Currency","2018/01/24",515.00
"Currency","2018/01/23",515.00
"Currency","2018/01/22",515.00
"Currency","2018/01/21",515.00
"Currency","2018/01/20",515.00
"Currency","2018/01/19",515.00
"Currency","2018/01/18",515.00
"Currency","2018/01/17",515.00
"Currency","2018/01/16",515.00
"Currency","2018/01/15",515.00
"Currency","2018/01/14",515.00
"Currency","2018/01/13",515.00
"Currency","2018/01/12",515.00
"Currency","2018/01/11",515.00
"Currency","2018/01/10",515.00
"Currency","2018/01/09",515.00
"Currency","2018/01/08",515.00
"Currency","2018/01/07",515.00
"Currency","2018/01/06",515.00
"Currency","2018/01/05",515.00
"Currency","2018/01/04",515.00
"Currency","2018/01/03",515.00
"Currency","2018/01/02",515.00
"Currency","2017/12/29",515.00
"Currency","2017/12/28",515.00
"Currency","2017/12/27",515.00
"Currency","2017/12/26",515.00
"Currency","2017/12/24",515.00
"Currency","2017/12/22",515.30
"Currency","2017/12/21",515.00
"Currency","2017/12/20",515.00
"Currency","2017/12/19",515.00
"Currency","2017/12/18",515.00
"Currency","2017/12/15",515.00
"Currency","2017/12/14",515.00
"Currency","2017/12/13",515.00
"Currency","2017/12/12",515.00
"Currency","2017/12/11",515.00
"Currency","2017/12/08",515.00
"Currency","2017/12/07",515.00
"Currency","2017/12/06",515.00
"Currency","2017/12/05",515.00
"Currency","2017/12/04",515.00
"Currency","2017/12/01",515.00
"Currency","2017/11/30",515.00
"Currency","2017/11/29",515.00
"Currency","2017/11/28",515.00
"Currency","2017/11/27",515.00
"Currency","2017/11/24",515.00
"Currency","2017/11/23",515.00
"Currency","2017/11/22",515.00
"Currency","2017/11/21",515.00
"Currency","2017/11/20",515.00
"Currency","2017/11/17",515.00
"Currency","2017/11/16",515.00
"Currency","2017/11/15",515.00
"Currency","2017/11/14",515.00
"Currency","2017/11/13",515.00
"Currency","2017/11/10",515.00
"Currency","2017/11/09",515.00
"Currency","2017/11/08",515.00
"Currency","2017/11/07",515.00
"Currency","2017/11/06",515.00
"Currency","2017/11/03",515.00
"Currency","2017/11/02",515.00
"Currency","2017/11/01",514.98
"Currency","2017/10/31",514.98
"Currency","2017/10/30",514.98
"Currency","2017/10/27",514.98
"Currency","2017/10/26",514.98
"Currency","2017/10/25",514.98
"Currency","2017/10/24",514.98
"Currency","2017/10/23",514.98
"Currency","2017/10/20",514.98
"Currency","2017/10/19",514.98
"Currency","2017/10/18",514.98
"Currency","2017/10/17",514.98
"Currency","2017/10/16",514.98
"Currency","2017/10/13",514.98
"Currency","2017/10/12",514.98
"Currency","2017/10/11",515.00
"Currency","2017/10/10",514.98
"Currency","2017/10/09",514.98
"Currency","2017/10/06",514.98
"Currency","2017/10/05",514.98
"Currency","2017/10/04",514.98
"Currency","2017/10/03",514.98
"Currency","2017/10/02",514.98
"Currency","2017/09/29",514.98
"Currency","2017/09/28",514.98
"Currency","2017/09/27",514.98
"Currency","2017/09/26",514.98
"Currency","2017/09/25",514.98
"Currency","2017/09/22",514.98
"Currency","2017/09/21",514.98
"Currency","2017/09/20",514.98
"Currency","2017/09/19",514.98
"Currency","2017/09/18",514.98
"Currency","2017/09/16",514.98
"Currency","2017/09/15",514.98
"Currency","2017/09/14",514.98
"Currency","2017/09/13",514.98
"Currency","2017/09/12",514.98
"Currency","2017/09/11",514.98
"Currency","2017/09/08",514.98
"Currency","2017/09/07",514.98
"Currency","2017/09/06",514.98
"Currency","2017/09/05",514.98
"Currency","2017/09/04",515.00
"Currency","2017/09/01",514.98
"Currency","2017/08/31",514.98
"Currency","2017/08/30",514.98
"Currency","2017/08/29",515.00
"Currency","2017/08/28",514.98
"Currency","2017/08/25",514.98
"Currency","2017/08/24",514.98
"Currency","2017/08/23",514.98
"Currency","2017/08/22",514.98
"Currency","2017/08/21",514.98
"Currency","2017/08/18",514.98
"Currency","2017/08/17",514.98
"Currency","2017/08/16",514.98
"Currency","2017/08/15",514.98
"Currency","2017/08/14",514.98
"Currency","2017/08/11",514.98
"Currency","2017/08/10",514.98
"Currency","2017/08/09",514.98
"Currency","2017/08/08",514.98
"Currency","2017/08/07",514.98
"Currency","2017/08/04",514.98
"Currency","2017/08/03",514.98
"Currency","2017/08/02",515.00
"Currency","2017/08/01",515.00
"Currency","2017/07/31",515.00
"Currency","2017/07/28",515.00
"Currency","2017/07/27",515.30
"Currency","2017/07/26",515.00
"Currency","2017/07/25",515.00
"Currency","2017/07/24",515.00
"Currency","2017/07/21",515.00
"Currency","2017/07/20",515.00
"Currency","2017/07/19",514.98
"Currency","2017/07/18",514.98
"Currency","2017/07/17",514.98
"Currency","2017/07/14",515.00
"Currency","2017/07/13",514.98
"Currency","2017/07/12",514.98
"Currency","2017/07/11",515.00
"Currency","2017/07/10",514.98
"Currency","2017/07/07",514.98
"Currency","2017/07/06",514.98
"Currency","2017/07/05",515.00
"Currency","2017/07/04",515.00
"Currency","2017/07/03",515.00
"Currency","2017/07/02",515.00
"Currency","2017/06/30",514.98
"Currency","2017/06/29",514.98
"Currency","2017/06/28",514.98
"Currency","2017/06/27",515.00
"Currency","2017/06/26",514.98
"Currency","2017/06/23",514.98
"Currency","2017/06/22",514.98
"Currency","2017/06/21",514.98
"Currency","2017/06/20",514.98
"Currency","2017/06/19",514.98
"Currency","2017/06/17",514.98
"Currency","2017/06/16",514.98
"Currency","2017/06/15",514.98
"Currency","2017/06/14",514.98
"Currency","2017/06/13",514.98
"Currency","2017/06/12",514.98
"Currency","2017/06/09",514.98
"Currency","2017/06/08",514.98
"Currency","2017/06/07",514.98
"Currency","2017/06/06",514.98
"Currency","2017/06/05",514.98
"Currency","2017/06/02",514.98
"Currency","2017/06/01",514.98
"Currency","2017/05/31",514.98
"Currency","2017/05/30",514.98
"Currency","2017/05/29",514.98
"Currency","2017/05/26",514.98
"Currency","2017/05/25",514.98
"Currency","2017/05/24",514.98
"Currency","2017/05/23",514.98
"Currency","2017/05/22",514.98
"Currency","2017/05/20",514.98
"Currency","2017/05/19",514.98
"Currency","2017/05/18",514.98
"Currency","2017/05/17",514.98
"Currency","2017/05/16",515.30
"Currency","2017/05/15",515.30
"Currency","2017/05/12",515.00
"Currency","2017/05/11",515.00
"Currency","2017/05/10",515.00
"Currency","2017/05/09",515.00
"Currency","2017/05/08",515.00
"Currency","2017/05/05",515.00
"Currency","2017/05/04",515.00
"Currency","2017/05/03",515.00
"Currency","2017/05/02",515.00
"Currency","2017/05/01",515.00
"Currency","2017/04/28",515.00
"Currency","2017/04/27",515.00
"Currency","2017/04/26",515.00
"Currency","2017/04/25",515.30
"Currency","2017/04/24",515.30
"Currency","2017/04/21",515.30
"Currency","2017/04/20",515.00
"Currency","2017/04/19",514.98
"Currency","2017/04/18",514.98
"Currency","2017/04/17",514.98
"Currency","2017/04/14",514.98
"Currency","2017/04/13",514.98
"Currency","2017/04/12",514.98
"Currency","2017/04/11",514.98
"Currency","2017/04/10",514.98
"Currency","2017/04/07",514.98
"Currency","2017/04/06",514.98
"Currency","2017/04/05",514.98
"Currency","2017/04/04",515.00
"Currency","2017/04/03",514.98
"Currency","2017/03/31",514.98
"Currency","2017/03/30",514.98
"Currency","2017/03/29",514.98
"Currency","2017/03/28",514.98
"Currency","2017/03/27",514.98
"Currency","2017/03/24",514.98
"Currency","2017/03/23",514.98
"Currency","2017/03/22",514.98
"Currency","2017/03/21",514.98
"Currency","2017/03/20",514.98
"Currency","2017/03/17",514.98
"Currency","2017/03/16",514.98
"Currency","2017/03/15",514.98
"Currency","2017/03/14",515.00
"Currency","2017/03/13",514.98
"Currency","2017/03/10",515.00
"Currency","2017/03/09",514.98
"Currency","2017/03/08",515.00
"Currency","2017/03/07",514.98
"Currency","2017/03/06",515.00
"Currency","2017/03/04",514.98
"Currency","2017/03/03",514.98
"Currency","2017/03/02",515.00
"Currency","2017/03/01",514.98
"Currency","2017/02/28",515.00
"Currency","2017/02/27",514.98
"Currency","2017/02/24",515.00
"Currency","2017/02/23",514.98
"Currency","2017/02/22",515.00
"Currency","2017/02/21",514.98
"Currency","2017/02/20",515.00
"Currency","2017/02/17",514.98
"Currency","2017/02/16",515.00
"Currency","2017/02/15",514.98
"Currency","2017/02/14",515.00
"Currency","2017/02/13",514.98
"Currency","2017/02/10",515.00
"Currency","2017/02/09",514.98
"Currency","2017/02/08",514.98
"Currency","2017/02/07",514.98
"Currency","2017/02/06",515.30
"Currency","2017/02/03",515.30
"Currency","2017/02/02",515.30
"Currency","2017/02/01",515.30
"Currency","2017/01/31",514.98
"Currency","2017/01/30",515.00
"Currency","2017/01/27",515.30
"Currency","2017/01/26",515.30
"Currency","2017/01/25",515.30
"Currency","2017/01/24",514.98
"Currency","2017/01/23",514.98
"Currency","2017/01/20",514.98
"Currency","2017/01/19",514.98
"Currency","2017/01/18",514.98
"Currency","2017/01/17",514.98
"Currency","2017/01/16",514.98
"Currency","2017/01/13",514.98
"Currency","2017/01/12",515.00
"Currency","2017/01/11",514.98
"Currency","2017/01/10",514.98
"Currency","2017/01/09",514.98
"Currency","2017/01/07",514.98
"Currency","2017/01/06",514.98
"Currency","2017/01/05",514.98
"Currency","2017/01/04",514.98
"Currency","2017/01/03",514.98
"Currency","2017/01/02",514.98
"Currency","2016/12/30",514.98
"Currency","2016/12/29",514.98
"Currency","2016/12/28",515.30
"Currency","2016/12/27",515.30
"Currency","2016/12/26",515.30
"Currency","2016/12/23",515.30
"Currency","2016/12/22",514.98
"Currency","2016/12/21",514.98
"Currency","2016/12/20",514.98
"Currency","2016/12/19",514.98
"Currency","2016/12/16",514.98
"Currency","2016/12/15",514.98
"Currency","2016/12/14",514.98
"Currency","2016/12/13",514.98
"Currency","2016/12/12",515.30
"Currency","2016/12/10",514.98
"Currency","2016/12/09",515.30
"Currency","2016/12/08",515.00
"Currency","2016/12/07",515.00
"Currency","2016/12/06",515.00
"Currency","2016/12/05",515.00
"Currency","2016/12/02",515.30
"Currency","2016/12/01",515.30
"Currency","2016/11/30",515.30
"Currency","2016/11/29",515.00
"Currency","2016/11/28",515.00
"Currency","2016/11/25",515.00
"Currency","2016/11/24",515.00
"Currency","2016/11/23",515.00
"Currency","2016/11/22",515.00
"Currency","2016/11/21",515.00
"Currency","2016/11/18",515.00
"Currency","2016/11/17",515.00
"Currency","2016/11/10",515.00
"Currency","2016/11/09",515.00
"Currency","2016/11/08",516.00
"Currency","2016/11/07",516.00
"Currency","2016/11/04",515.00
"Currency","2016/11/03",515.00
"Currency","2016/11/02",517.00
"Currency","2016/11/01",517.00
"Currency","2016/10/31",517.30
"Currency","2016/10/28",517.00
"Currency","2016/10/27",517.00
"Currency","2016/10/26",517.00
"Currency","2016/10/25",517.00
"Currency","2016/10/24",517.00
"Currency","2016/10/21",517.00
"Currency","2016/10/20",517.00
"Currency","2016/10/19",517.00
"Currency","2016/10/18",517.00
"Currency","2016/10/17",517.00
"Currency","2016/10/14",517.05
"Currency","2016/10/13",517.10
"Currency","2016/10/12",517.10
"Currency","2016/10/11",517.00
"Currency","2016/10/10",517.00
"Currency","2016/10/07",517.20
"Currency","2016/10/06",517.20
"Currency","2016/10/05",517.25
"Currency","2016/10/04",517.25
"Currency","2016/10/03",517.30
"Currency","2016/10/01",213.30
"Currency","2016/09/30",213.30
"Currency","2016/09/29",213.30
"Currency","2016/09/28",213.40
"Currency","2016/09/27",213.40
"Currency","2016/09/26",213.55
"Currency","2016/09/24",213.60
"Currency","2016/09/23",213.60
"Currency","2016/09/22",213.65
"Currency","2016/09/21",213.70
"Currency","2016/09/20",213.75
"Currency","2016/09/19",213.85
"Currency","2016/09/17",213.90
"Currency","2016/09/16",213.90
"Currency","2016/09/15",213.95
"Currency","2016/09/14",213.95
"Currency","2016/09/13",214.00
"Currency","2016/09/12",214.00
"Currency","2016/09/10",214.10
"Currency","2016/09/09",214.10
"Currency","2016/09/08",214.10
"Currency","2016/09/07",214.20
"Currency","2016/09/06",214.28
"Currency","2016/09/05",215.25
"Currency","2016/09/03",214.35
"Currency","2016/09/02",214.35
"Currency","2016/09/01",214.38
"Currency","2016/08/31",214.40
"Currency","2016/08/30",214.45
"Currency","2016/08/29",214.45
"Currency","2016/08/26",214.55
"Currency","2016/08/25",214.60
"Currency","2016/08/24",214.65
"Currency","2016/08/23",214.70
"Currency","2016/08/22",214.70
"Currency","2016/08/19",214.75
"Currency","2016/08/18",214.85
"Currency","2016/08/17",214.85
"Currency","2016/08/16",214.85
"Currency","2016/08/15",214.88
"Currency","2016/08/12",214.90
"Currency","2016/08/11",214.95
"Currency","2016/08/10",214.98
"Currency","2016/08/09",215.00
"Currency","2016/08/08",215.05
"Currency","2016/08/05",215.10
"Currency","2016/08/04",215.18
"Currency","2016/08/03",215.20
"Currency","2016/08/02",215.25
"Currency","2016/08/01",215.30
"Currency","2016/07/29",215.40
"Currency","2016/07/28",215.45
"Currency","2016/07/27",215.50
"Currency","2016/07/26",215.55
"Currency","2016/07/25",215.60
"Currency","2016/07/22",215.65
"Currency","2016/07/21",215.68
"Currency","2016/07/20",215.78
"Currency","2016/07/19",215.80
"Currency","2016/07/18",215.85
"Currency","2016/07/15",215.90
"Currency","2016/07/14",215.95
"Currency","2016/07/13",216.00
"Currency","2016/07/12",216.05
"Currency","2016/07/11",216.10
"Currency","2016/07/08",216.15
"Currency","2016/07/07",216.25
"Currency","2016/07/06",216.30
"Currency","2016/07/05",216.40
"Currency","2016/07/04",216.45
"Currency","2016/07/01",216.45
"Currency","2016/06/30",216.50
"Currency","2016/06/29",219.86
"Currency","2016/06/28",219.86
"Currency","2016/06/27",219.86
"Currency","2016/06/24",219.86
"Currency","2016/06/23",219.86
"Currency","2016/06/22",219.86
"Currency","2016/06/21",219.86
"Currency","2016/06/20",219.86
"Currency","2016/06/17",219.86
"Currency","2016/06/16",219.86
"Currency","2016/06/15",219.86
"Currency","2016/06/14",219.86
"Currency","2016/06/13",219.86
"Currency","2016/06/10",219.86
"Currency","2016/06/09",219.86
"Currency","2016/06/08",219.86
"Currency","2016/06/07",219.86
"Currency","2016/06/06",219.86
"Currency","2016/06/03",219.86
"Currency","2016/06/02",219.86
"Currency","2016/06/01",219.86
"Currency","2016/05/31",219.86
"Currency","2016/05/30",218.20
"Currency","2016/05/27",219.86
"Currency","2016/05/26",219.86
"Currency","2016/05/25",219.86
"Currency","2016/05/24",219.86
"Currency","2016/05/23",219.86
"Currency","2016/05/20",219.86
"Currency","2016/05/19",219.86
"Currency","2016/05/18",219.86
"Currency","2016/05/17",219.86
"Currency","2016/05/16",219.86
"Currency","2016/05/13",219.86
"Currency","2016/05/12",219.86
"Currency","2016/05/11",219.86
"Currency","2016/05/10",219.86
"Currency","2016/05/09",219.86
"Currency","2016/05/06",219.86
"Currency","2016/05/05",219.86
"Currency","2016/05/04",219.86
"Currency","2016/05/03",219.86
"Currency","2016/05/02",219.86
"Currency","2016/04/30",219.86
"Currency","2016/04/29",219.86
"Currency","2016/04/28",219.86
"Currency","2016/04/27",219.86
"Currency","2016/04/26",219.86
"Currency","2016/04/25",219.86
"Currency","2016/04/23",219.86
"Currency","2016/04/22",219.86
"Currency","2016/04/21",219.86
"Currency","2016/04/20",219.86
"Currency","2016/04/19",219.86
"Currency","2016/04/18",219.86
"Currency","2016/04/16",219.86
"Currency","2016/04/15",219.86
"Currency","2016/04/14",219.86
"Currency","2016/04/13",219.86
"Currency","2016/04/12",219.86
"Currency","2016/04/11",219.86
"Currency","2016/04/09",219.86
"Currency","2016/04/08",219.86
"Currency","2016/04/07",219.86
"Currency","2016/04/06",219.86
"Currency","2016/04/05",219.86
"Currency","2016/04/04",219.86
"Currency","2016/04/01",219.86
"Currency","2016/03/31",219.86
"Currency","2016/03/30",219.86
"Currency","2016/03/29",219.86
"Currency","2016/03/28",219.86
"Currency","2016/03/25",219.86
"Currency","2016/03/24",219.86
"Currency","2016/03/23",219.86
"Currency","2016/03/22",219.86
"Currency","2016/03/21",219.86
"Currency","2016/03/18",219.86
"Currency","2016/03/17",219.86
"Currency","2016/03/16",219.86
"Currency","2016/03/15",219.86
"Currency","2016/03/14",219.86
"Currency","2016/03/13",219.86
"Currency","2016/03/11",219.86
"Currency","2016/03/10",219.86
"Currency","2016/03/09",219.83
"Currency","2016/03/08",219.80
"Currency","2016/03/07",219.80
"Currency","2016/03/06",219.80
"Currency","2016/03/04",219.80
"Currency","2016/03/03",219.80
"Currency","2016/03/02",219.80
"Currency","2016/03/01",219.80
"Currency","2016/02/29",219.80
"Currency","2016/02/28",219.80
"Currency","2016/02/26",219.80
"Currency","2016/02/25",219.80
"Currency","2016/02/24",219.80
"Currency","2016/02/23",219.80
"Currency","2016/02/22",219.80
"Currency","2016/02/19",219.78
"Currency","2016/02/18",219.78
"Currency","2016/02/17",219.78
"Currency","2016/02/16",219.78
"Currency","2016/02/15",219.75
"Currency","2016/02/12",219.75
"Currency","2016/02/11",219.77
"Currency","2016/02/10",219.77
"Currency","2016/02/09",219.82
"Currency","2016/02/08",219.82
"Currency","2016/02/05",219.88
"Currency","2016/02/04",219.88
"Currency","2016/02/03",219.88
"Currency","2016/02/02",219.88
"Currency","2016/02/01",219.90
"Currency","2016/01/29",219.90
"Currency","2016/01/28",219.90
"Currency","2016/01/27",219.90
"Currency","2016/01/26",219.90
"Currency","2016/01/25",219.90
"Currency","2016/01/22",219.90
"Currency","2016/01/21",219.92
"Currency","2016/01/20",219.96
"Currency","2016/01/19",219.96
"Currency","2016/01/18",220.02
"Currency","2016/01/15",220.02
"Currency","2016/01/14",220.02
"Currency","2016/01/13",220.11
"Currency","2016/01/12",220.11
"Currency","2016/01/11",220.11
"Currency","2016/01/10",220.11
"Currency","2016/01/08",220.11
"Currency","2016/01/07",220.27
"Currency","2016/01/06",220.27
"Currency","2016/01/05",220.49
"Currency","2016/01/04",220.49
"Currency","2016/01/01",220.49
"Currency","2015/12/31",220.49
"Currency","2015/12/30",220.49
"Currency","2015/12/29",220.49
"Currency","2015/12/28",220.49
"Currency","2015/12/25",220.49
"Currency","2015/12/24",220.49
"Currency","2015/12/23",220.49
"Currency","2015/12/22",220.49
"Currency","2015/12/21",220.49
"Currency","2015/12/20",220.49
"Currency","2015/12/18",220.49
"Currency","2015/12/17",220.61
"Currency","2015/12/16",220.61
"Currency","2015/12/15",220.72
"Currency","2015/12/14",220.72
"Currency","2015/12/11",220.89
"Currency","2015/12/10",220.89
"Currency","2015/12/09",220.89
"Currency","2015/12/08",221.01
"Currency","2015/12/07",221.19
"Currency","2015/12/06",221.19
"Currency","2015/12/04",221.19
"Currency","2015/12/03",221.19
"Currency","2015/12/02",221.39
"Currency","2015/12/01",221.39
"Currency","2015/11/30",221.01
"Currency","2015/11/27",220.80
"Currency","2015/11/26",221.01
"Currency","2015/11/25",221.01
"Currency","2015/11/24",221.01
"Currency","2015/11/23",221.01
"Currency","2015/11/20",221.01
"Currency","2015/11/19",221.01
"Currency","2015/11/18",221.01
"Currency","2015/11/17",221.01
"Currency","2015/11/16",221.01
"Currency","2015/11/13",221.01
"Currency","2015/11/12",221.05
"Currency","2015/11/11",221.01
"Currency","2015/11/10",221.01
"Currency","2015/11/09",253.28
"Currency","2015/11/08",188.82
"Currency","2015/11/06",188.82
"Currency","2015/11/05",188.82
"Currency","2015/11/04",188.82
"Currency","2015/11/03",188.82
"Currency","2015/11/02",221.10
"Currency","2015/10/30",220.80
"Currency","2015/10/29",220.85
"Currency","2015/10/28",220.85
"Currency","2015/10/27",220.60
"Currency","2015/10/26",220.60
"Currency","2015/10/23",220.30
"Currency","2015/10/22",220.45
"Currency","2015/10/21",221.24
"Currency","2015/10/20",221.30
"Currency","2015/10/19",221.05
"Currency","2015/10/16",221.05
"Currency","2015/10/15",221.33
"Currency","2015/10/14",221.15
"Currency","2015/10/13",221.30
"Currency","2015/10/12",221.05
"Currency","2015/10/09",221.07
"Currency","2015/10/08",221.10
"Currency","2015/10/07",220.85
"Currency","2015/10/06",220.85
"Currency","2015/10/05",220.55
"Currency","2015/10/02",220.55
"Currency","2015/10/01",220.65
"Currency","2015/09/30",220.70
"Currency","2015/09/29",220.80
"Currency","2015/09/28",220.70
"Currency","2015/09/25",220.75
"Currency","2015/09/24",220.80
"Currency","2015/09/23",221.04
"Currency","2015/09/22",220.85
"Currency","2015/09/21",220.60
"Currency","2015/09/18",220.70
"Currency","2015/09/17",220.65
"Currency","2015/09/16",220.75
"Currency","2015/09/15",221.03
"Currency","2015/09/14",220.70
"Currency","2015/09/11",220.60
"Currency","2015/09/10",220.65
"Currency","2015/09/09",220.35
"Currency","2015/09/08",220.45
"Currency","2015/09/07",219.75
"Currency","2015/09/04",219.80
"Currency","2015/09/03",219.85
"Currency","2015/09/02",219.90
"Currency","2015/09/01",219.95
"Currency","2015/08/31",220.05
"Currency","2015/08/28",220.15
"Currency","2015/08/27",220.25
"Currency","2015/08/26",220.25
"Currency","2015/08/25",220.30
"Currency","2015/08/24",220.35
"Currency","2015/08/21",220.30
"Currency","2015/08/20",220.21
"Currency","2015/08/19",220.10
"Currency","2015/08/18",219.80
"Currency","2015/08/17",219.85
"Currency","2015/08/14",219.95
"Currency","2015/08/13",219.60
"Currency","2015/08/12",219.70
"Currency","2015/08/11",219.80
"Currency","2015/08/10",219.50
"Currency","2015/08/07",219.55
"Currency","2015/08/06",219.60
"Currency","2015/08/05",219.35
"Currency","2015/08/04",219.40
"Currency","2015/08/03",219.10
"Currency","2015/07/31",219.20
"Currency","2015/07/30",215.75
"Currency","2015/07/29",219.04
"Currency","2015/07/28",218.90
"Currency","2015/07/27",218.98
"Currency","2015/07/24",219.00
"Currency","2015/07/23",218.88
"Currency","2015/07/22",218.75
"Currency","2015/07/21",218.85
"Currency","2015/07/20",218.52
"Currency","2015/07/17",218.60
"Currency","2015/07/16",218.70
"Currency","2015/07/15",218.75
"Currency","2015/07/14",218.55
"Currency","2015/07/13",218.50
"Currency","2015/07/10",218.30
"Currency","2015/07/09",218.30
"Currency","2015/07/08",218.39
"Currency","2015/07/07",218.10
"Currency","2015/07/06",218.17
"Currency","2015/07/03",217.85
"Currency","2015/07/02",217.90
"Currency","2015/07/01",217.95
"Currency","2015/06/30",218.00
"Currency","2015/06/29",217.65
"Currency","2015/06/26",217.70
"Currency","2015/06/25",217.80
"Currency","2015/06/24",217.59
"Currency","2015/06/23",217.95
"Currency","2015/06/22",218.01
"Currency","2015/06/19",217.70
"Currency","2015/06/18",217.75
"Currency","2015/06/17",217.77
"Currency","2015/06/16",217.60
"Currency","2015/06/15",217.30
"Currency","2015/06/12",217.40
"Currency","2015/06/11",217.05
"Currency","2015/06/10",217.17
"Currency","2015/06/09",216.85
"Currency","2015/06/08",216.95
"Currency","2015/06/05",217.05
"Currency","2015/06/04",216.80
"Currency","2015/06/03",216.88
"Currency","2015/06/02",216.55
"Currency","2015/06/01",216.65
"Currency","2015/05/29",216.75
"Currency","2015/05/28",216.85
"Currency","2015/05/27",217.00
"Currency","2015/05/26",217.05
"Currency","2015/05/25",217.15
"Currency","2015/05/22",217.15
"Currency","2015/05/21",217.25
"Currency","2015/05/20",217.30
"Currency","2015/05/19",217.30
"Currency","2015/05/18",217.30
"Currency","2015/05/15",217.40
"Currency","2015/05/14",217.50
"Currency","2015/05/13",217.60
"Currency","2015/05/12",217.65
"Currency","2015/05/11",217.70
"Currency","2015/05/08",217.80
"Currency","2015/05/07",217.90
"Currency","2015/05/06",217.95
"Currency","2015/05/05",218.00
"Currency","2015/05/04",217.95
"Currency","2015/05/01",220.05
"Currency","2015/04/30",220.10
"Currency","2015/04/29",220.20
"Currency","2015/04/28",220.30
"Currency","2015/04/27",220.35
"Currency","2015/04/24",214.65
"Currency","2015/04/23",214.75
"Currency","2015/04/22",214.85
"Currency","2015/04/21",214.85
"Currency","2015/04/20",216.85
"Currency","2015/04/17",214.75
"Currency","2015/04/16",214.80
"Currency","2015/04/15",214.85
"Currency","2015/04/14",214.90
"Currency","2015/04/13",211.30
"Currency","2015/04/10",211.30
"Currency","2015/04/09",210.30
"Currency","2015/04/08",211.30
"Currency","2015/04/07",211.35
"Currency","2015/04/06",211.45
"Currency","2015/04/03",211.55
"Currency","2015/04/02",211.60
"Currency","2015/04/01",211.65
"Currency","2015/03/31",211.70
"Currency","2015/03/30",211.85
"Currency","2015/03/27",211.60
"Currency","2015/03/26",211.80
"Currency","2015/03/25",211.85
"Currency","2015/03/24",211.80
"Currency","2015/03/23",211.80
"Currency","2015/03/20",211.55
"Currency","2015/03/19",211.60
"Currency","2015/03/18",211.85
"Currency","2015/03/17",211.85
"Currency","2015/03/16",211.85
"Currency","2015/03/13",210.75
"Currency","2015/03/12",210.80
"Currency","2015/03/11",207.75
"Currency","2015/03/10",207.80
"Currency","2015/03/09",207.85
"Currency","2015/03/06",206.85
"Currency","2015/03/05",206.90
"Currency","2015/03/04",203.95
"Currency","2015/03/03",203.95
"Currency","2015/03/02",204.00
"Currency","2015/02/27",203.80
"Currency","2015/02/26",203.90
"Currency","2015/02/25",203.95
"Currency","2015/02/24",203.05
"Currency","2015/02/23",203.10
"Currency","2015/02/20",203.05
"Currency","2015/02/19",203.05
"Currency","2015/02/18",203.05
"Currency","2015/02/17",203.05
"Currency","2015/02/16",202.15
"Currency","2015/02/13",202.40
"Currency","2015/02/12",202.50
"Currency","2015/02/11",201.95
"Currency","2015/02/10",199.45
"Currency","2015/02/09",199.45
"Currency","2015/02/06",199.55
"Currency","2015/02/05",199.55
"Currency","2015/02/04",198.95
"Currency","2015/02/03",197.95
"Currency","2015/02/02",194.95
"Currency","2015/01/30",189.25
"Currency","2015/01/29",189.20
"Currency","2015/01/28",189.40
"Currency","2015/01/27",189.10
"Currency","2015/01/26",189.10
"Currency","2015/01/23",182.85
"Currency","2015/01/22",182.80
"Currency","2015/01/21",185.71
"Currency","2015/01/20",183.00
"Currency","2015/01/19",183.05
"Currency","2015/01/16",183.05
"Currency","2015/01/15",183.15
"Currency","2015/01/14",181.55
"Currency","2015/01/13",181.60
"Currency","2015/01/12",181.55
"Currency","2015/01/09",180.85
"Currency","2015/01/08",180.90
"Currency","2015/01/07",181.00
"Currency","2015/01/06",181.35
"Currency","2015/01/05",181.10
"Currency","2015/01/02",179.40
"Currency","2015/01/01",179.50
"Currency","2014/12/31",179.50
"Currency","2014/12/30",179.50
"Currency","2014/12/29",179.60
"Currency","2014/12/26",178.30
"Currency","2014/12/25",178.35
"Currency","2014/12/24",178.35
"Currency","2014/12/23",178.40
"Currency","2014/12/22",178.50
"Currency","2014/12/19",177.40
"Currency","2014/12/18",177.50
"Currency","2014/12/17",175.80
"Currency","2014/12/16",175.85
"Currency","2014/12/15",176.00
"Currency","2014/12/12",176.15
"Currency","2014/12/11",176.20
"Currency","2014/12/10",176.35
"Currency","2014/12/09",176.55
"Currency","2014/12/08",173.95
"Currency","2014/12/05",174.00
"Currency","2014/12/04",174.05
"Currency","2014/12/03",174.20
"Currency","2014/12/02",174.25
"Currency","2014/12/01",174.30
"Currency","2014/11/28",170.50
"Currency","2014/11/27",170.55
"Currency","2014/11/26",170.55
"Currency","2014/11/25",170.55
"Currency","2014/11/24",170.65
"Currency","2014/11/21",170.70
"Currency","2014/11/20",170.80
"Currency","2014/11/19",170.85
"Currency","2014/11/18",170.70
"Currency","2014/11/17",168.70
"Currency","2014/11/14",168.75
"Currency","2014/11/13",168.85
"Currency","2014/11/12",169.00
"Currency","2014/11/11",168.90
"Currency","2014/11/10",167.00
"Currency","2014/11/07",167.10
"Currency","2014/11/06",167.25
"Currency","2014/11/05",166.85
"Currency","2014/11/04",164.80
"Currency","2014/11/03",164.85
"Currency","2014/10/31",164.95
"Currency","2014/10/30",165.00
"Currency","2014/10/29",164.00
"Currency","2014/10/28",164.10
"Currency","2014/10/27",162.95
"Currency","2014/10/24",164.15
"Currency","2014/10/23",164.15
"Currency","2014/10/22",162.95
"Currency","2014/10/21",163.05
"Currency","2014/10/20",163.05
"Currency","2014/10/17",162.45
"Currency","2014/10/16",162.70
"Currency","2014/10/15",162.80
"Currency","2014/10/14",162.20
"Currency","2014/10/13",162.20
"Currency","2014/10/10",161.50
"Currency","2014/10/09",161.50
"Currency","2014/10/08",161.55
"Currency","2014/10/07",161.55
"Currency","2014/10/06",161.65
"Currency","2014/10/03",161.65
"Currency","2014/10/02",161.75
"Currency","2014/10/01",161.85
"Currency","2014/09/30",160.00
"Currency","2014/09/29",160.10
"Currency","2014/09/26",160.20
"Currency","2014/09/25",160.30
"Currency","2014/09/24",159.25
"Currency","2014/09/23",158.95
"Currency","2014/09/22",159.05
"Currency","2014/09/19",157.50
"Currency","2014/09/18",157.60
"Currency","2014/09/17",157.65
"Currency","2014/09/16",157.65
"Currency","2014/09/15",157.45
"Currency","2014/09/12",156.70
"Currency","2014/09/11",156.80
"Currency","2014/09/10",156.60
"Currency","2014/09/09",156.65
"Currency","2014/09/08",154.10
"Currency","2014/09/05",154.25
"Currency","2014/09/04",154.30
"Currency","2014/09/03",154.30
"Currency","2014/09/02",154.30
"Currency","2014/09/01",154.25
"Currency","2014/08/29",153.65
"Currency","2014/08/28",153.65
"Currency","2014/08/27",153.65
"Currency","2014/08/26",152.90
"Currency","2014/08/25",153.05
"Currency","2014/08/22",153.05
"Currency","2014/08/21",153.15
"Currency","2014/08/20",152.50
"Currency","2014/08/19",151.85
"Currency","2014/08/18",151.35
"Currency","2014/08/15",151.35
"Currency","2014/08/14",151.35
"Currency","2014/08/13",151.18
"Currency","2014/08/12",151.25
"Currency","2014/08/11",150.90
"Currency","2014/08/08",149.20
"Currency","2014/08/07",149.25
"Currency","2014/08/06",149.30
"Currency","2014/08/05",149.35
"Currency","2014/08/04",149.40
"Currency","2014/08/01",149.50
"Currency","2014/07/31",149.55
"Currency","2014/07/30",149.60
"Currency","2014/07/29",149.60
"Currency","2014/07/28",149.70
"Currency","2014/07/25",149.75
"Currency","2014/07/24",149.75
"Currency","2014/07/23",149.78
"Currency","2014/07/22",149.75
"Currency","2014/07/21",149.75
"Currency","2014/07/18",149.75
"Currency","2014/07/17",149.80
"Currency","2014/07/16",149.80
"Currency","2014/07/15",149.85
"Currency","2014/07/14",149.75
"Currency","2014/07/11",149.80
"Currency","2014/07/10",149.80
"Currency","2014/07/09",149.85
"Currency","2014/07/08",149.85
"Currency","2014/07/07",149.85
"Currency","2014/07/04",149.85
"Currency","2014/07/03",149.85
"Currency","2014/07/02",149.80
"Currency","2014/07/01",149.75
"Currency","2014/06/30",149.80
"Currency","2014/06/27",149.65
"Currency","2014/06/26",149.75
"Currency","2014/06/25",149.65
"Currency","2014/06/24",149.65
"Currency","2014/06/23",149.50
"Currency","2014/06/20",149.15
"Currency","2014/06/19",149.20
"Currency","2014/06/18",149.30
"Currency","2014/06/17",149.35
"Currency","2014/06/16",149.40
"Currency","2014/06/13",149.30
"Currency","2014/06/12",149.40
"Currency","2014/06/11",149.00
"Currency","2014/06/10",149.10
"Currency","2014/06/09",149.20
"Currency","2014/06/06",149.30
"Currency","2014/06/05",149.35
"Currency","2014/06/04",149.20
"Currency","2014/06/03",149.30
"Currency","2014/06/02",149.30
"Currency","2014/05/30",149.35
"Currency","2014/05/29",149.40
"Currency","2014/05/28",149.15
"Currency","2014/05/27",149.25
"Currency","2014/05/26",149.35
"Currency","2014/05/23",149.35
"Currency","2014/05/22",149.40
"Currency","2014/05/21",149.40
"Currency","2014/05/20",149.30
"Currency","2014/05/19",149.35
"Currency","2014/05/16",149.30
"Currency","2014/05/15",149.40
"Currency","2014/05/14",148.18
"Currency","2014/05/13",148.20
"Currency","2014/05/12",148.30
"Currency","2014/05/09",148.40
"Currency","2014/05/08",148.45
"Currency","2014/05/07",148.35
"Currency","2014/05/06",148.35
"Currency","2014/05/05",148.40
"Currency","2014/05/02",148.25
"Currency","2014/05/01",148.30
"Currency","2014/04/30",148.35
"Currency","2014/04/29",148.10
"Currency","2014/04/28",148.15
"Currency","2014/04/25",148.08
"Currency","2014/04/24",148.15
"Currency","2014/04/23",148.18
"Currency","2014/04/22",148.20
"Currency","2014/04/21",148.00
"Currency","2014/04/18",147.80
"Currency","2014/04/17",147.85
"Currency","2014/04/16",148.00
"Currency","2014/04/15",147.95
"Currency","2014/04/14",148.00
"Currency","2014/04/11",147.15
"Currency","2014/04/10",147.25
"Currency","2014/04/09",147.15
"Currency","2014/04/08",147.18
"Currency","2014/04/07",144.55
"Currency","2014/04/04",144.60
"Currency","2014/04/03",144.65
"Currency","2014/04/02",144.68
"Currency","2014/04/01",144.75
"Currency","2014/03/31",144.80
"Currency","2014/03/28",144.90
"Currency","2014/03/27",145.00
"Currency","2014/03/26",145.08
"Currency","2014/03/25",144.90
"Currency","2014/03/24",144.40
"Currency","2014/03/21",144.50
"Currency","2014/03/20",144.60
"Currency","2014/03/19",144.70
"Currency","2014/03/18",143.95
"Currency","2014/03/17",144.05
"Currency","2014/03/14",144.10
"Currency","2014/03/13",144.25
"Currency","2014/03/12",144.30
"Currency","2014/03/11",144.38
"Currency","2014/03/10",144.10
"Currency","2014/03/07",144.25
"Currency","2014/03/06",144.30
"Currency","2014/03/05",144.30
"Currency","2014/03/04",144.25
"Currency","2014/03/03",144.30
"Currency","2014/02/28",143.35
"Currency","2014/02/27",143.45
"Currency","2014/02/26",143.55
"Currency","2014/02/25",143.60
"Currency","2014/02/24",143.70
"Currency","2014/02/21",143.78
"Currency","2014/02/20",143.85
"Currency","2014/02/19",143.45
"Currency","2014/02/18",143.55
"Currency","2014/02/17",143.65
"Currency","2014/02/14",143.30
"Currency","2014/02/13",143.35
"Currency","2014/02/12",143.45
"Currency","2014/02/11",143.52
"Currency","2014/02/10",143.60
"Currency","2014/02/07",143.30
"Currency","2014/02/06",143.50
"Currency","2014/02/05",143.20
"Currency","2014/02/04",143.30
"Currency","2014/02/03",143.40
"Currency","2014/01/31",143.05
"Currency","2014/01/30",143.25
"Currency","2014/01/29",143.20
"Currency","2014/01/28",143.00
"Currency","2014/01/27",143.10
"Currency","2014/01/24",142.96
"Currency","2014/01/23",143.05
"Currency","2014/01/22",143.00
"Currency","2014/01/21",143.05
"Currency","2014/01/20",143.05
"Currency","2014/01/17",142.80
"Currency","2014/01/16",142.95
"Currency","2014/01/15",143.05
"Currency","2014/01/14",143.10
"Currency","2014/01/13",143.00
"Currency","2014/01/10",143.10
"Currency","2014/01/09",143.10
"Currency","2014/01/08",142.55
"Currency","2014/01/07",142.65
"Currency","2014/01/06",142.65
"Currency","2014/01/03",141.30
"Currency","2014/01/02",141.55
"Currency","2014/01/01",141.63
"Currency","2013/12/31",141.63
"Currency","2013/12/30",141.65
"Currency","2013/12/27",141.35
"Currency","2013/12/26",141.45
"Currency","2013/12/25",141.50
"Currency","2013/12/24",141.50
"Currency","2013/12/23",141.55
"Currency","2013/12/20",141.30
"Currency","2013/12/19",141.30
"Currency","2013/12/18",140.90
"Currency","2013/12/17",140.25
"Currency","2013/12/16",140.30
"Currency","2013/12/13",140.40
"Currency","2013/12/12",140.60
"Currency","2013/12/11",140.60
"Currency","2013/12/10",140.35
"Currency","2013/12/09",140.50
"Currency","2013/12/06",140.45
"Currency","2013/12/05",140.55
"Currency","2013/12/04",140.50
"Currency","2013/12/03",140.40
"Currency","2013/12/02",140.45
"Currency","2013/11/29",140.00
"Currency","2013/11/28",140.10
"Currency","2013/11/27",140.10
"Currency","2013/11/26",140.24
"Currency","2013/11/25",140.24
"Currency","2013/11/22",140.24
"Currency","2013/11/21",140.24
"Currency","2013/11/20",140.24
"Currency","2013/11/19",140.24
"Currency","2013/11/18",140.24
"Currency","2013/11/15",140.19
"Currency","2013/11/14",140.19
"Currency","2013/11/13",140.19
"Currency","2013/11/12",140.19
"Currency","2013/11/11",140.19
"Currency","2013/11/08",139.13
"Currency","2013/11/07",139.13
"Currency","2013/11/06",139.08
"Currency","2013/11/05",139.06
"Currency","2013/11/04",139.06
"Currency","2013/11/01",139.06
"Currency","2013/10/31",139.06
"Currency","2013/10/30",138.72
"Currency","2013/10/29",138.22
"Currency","2013/10/28",138.12
"Currency","2013/10/25",138.08
"Currency","2013/10/24",138.08
"Currency","2013/10/23",138.08
"Currency","2013/10/22",138.19
"Currency","2013/10/21",138.09
"Currency","2013/10/18",138.26
"Currency","2013/10/17",138.26
"Currency","2013/10/16",138.26
"Currency","2013/10/15",138.26
"Currency","2013/10/14",138.26
"Currency","2013/10/11",138.26
"Currency","2013/10/10",138.26
"Currency","2013/10/09",137.53
"Currency","2013/10/08",137.50
"Currency","2013/10/07",137.45
"Currency","2013/10/04",137.03
"Currency","2013/10/03",137.03
"Currency","2013/10/02",137.03
"Currency","2013/10/01",136.81
"Currency","2013/09/30",135.93
"Currency","2013/09/27",135.93
"Currency","2013/09/26",135.93
"Currency","2013/09/25",135.93
"Currency","2013/09/24",135.93
"Currency","2013/09/23",135.93
"Currency","2013/09/20",135.93
"Currency","2013/09/19",135.93
"Currency","2013/09/18",129.98
"Currency","2013/09/17",129.98
"Currency","2013/09/16",129.98
"Currency","2013/09/13",129.98
"Currency","2013/09/12",129.98
"Currency","2013/09/11",129.22
"Currency","2013/09/10",129.22
"Currency","2013/09/09",129.22
"Currency","2013/09/06",129.22
"Currency","2013/09/05",129.22
"Currency","2013/09/04",129.22
"Currency","2013/09/03",128.85
"Currency","2013/09/02",128.85
"Currency","2013/08/30",127.69
"Currency","2013/08/29",127.69
"Currency","2013/08/28",113.19
"Currency","2013/08/27",113.19
"Currency","2013/08/26",113.19
"Currency","2013/08/23",113.19
"Currency","2013/08/22",113.19
"Currency","2013/08/21",112.19
"Currency","2013/08/20",111.69
"Currency","2013/08/19",110.69
"Currency","2013/08/16",108.69
"Currency","2013/08/15",108.69
"Currency","2013/08/14",108.69
"Currency","2013/08/13",105.75
"Currency","2013/08/12",105.75
"Currency","2013/08/09",105.75
"Currency","2013/08/08",105.80
"Currency","2013/08/07",105.85
"Currency","2013/08/06",105.60
"Currency","2013/08/05",105.65
"Currency","2013/08/02",105.40
"Currency","2013/08/01",105.50
"Currency","2013/07/31",105.60
"Currency","2013/07/30",105.20
"Currency","2013/07/29",105.25
"Currency","2013/07/26",105.30
"Currency","2013/07/25",105.30
"Currency","2013/07/24",105.35
"Currency","2013/07/23",105.30
"Currency","2013/07/22",105.30
"Currency","2013/07/19",104.80
"Currency","2013/07/18",104.85
"Currency","2013/07/17",104.90
"Currency","2013/07/16",105.00
"Currency","2013/07/15",105.05
"Currency","2013/07/12",104.55
"Currency","2013/07/11",104.55
"Currency","2013/07/10",104.60
"Currency","2013/07/09",104.65
"Currency","2013/07/08",104.65
"Currency","2013/07/05",103.25
"Currency","2013/07/04",103.28
"Currency","2013/07/03",102.40
"Currency","2013/07/02",102.50
"Currency","2013/07/01",102.50
"Currency","2013/06/28",100.53
"Currency","2013/06/27",100.55
"Currency","2013/06/26",100.55
"Currency","2013/06/25",100.55
"Currency","2013/06/24",100.55
"Currency","2013/06/21",100.55
"Currency","2013/06/20",100.55
"Currency","2013/06/19",99.67
"Currency","2013/06/18",99.67
"Currency","2013/06/17",99.62
"Currency","2013/06/14",99.59
"Currency","2013/06/13",99.59
"Currency","2013/06/12",99.59
"Currency","2013/06/11",99.59
"Currency","2013/06/10",97.40
"Currency","2013/06/07",99.59
"Currency","2013/06/06",99.59
"Currency","2013/06/05",99.59
"Currency","2013/06/04",99.59
"Currency","2013/06/03",97.40
"Currency","2013/05/31",97.40
"Currency","2013/05/30",97.40
"Currency","2013/05/29",97.40
"Currency","2013/05/28",97.40
"Currency","2013/05/27",97.45
"Currency","2013/05/24",97.48
"Currency","2013/05/23",97.55
"Currency","2013/05/22",97.55
"Currency","2013/05/21",97.57
"Currency","2013/05/20",97.60
"Currency","2013/05/17",97.65
"Currency","2013/05/16",97.70
"Currency","2013/05/15",97.73
"Currency","2013/05/14",97.80
"Currency","2013/05/13",69.95
"Currency","2013/05/10",70.00
"Currency","2013/05/09",70.02
"Currency","2013/05/08",70.03
"Currency","2013/05/07",70.10
"Currency","2013/05/06",70.10
"Currency","2013/05/03",70.10
"Currency","2013/05/02",70.10
"Currency","2013/05/01",70.10
"Currency","2013/04/30",70.10
"Currency","2013/04/29",70.10
"Currency","2013/04/26",70.10
"Currency","2013/04/25",70.13
"Currency","2013/04/24",70.13
"Currency","2013/04/23",70.15
"Currency","2013/04/22",70.20
"Currency","2013/04/19",70.20
"Currency","2013/04/18",70.20
"Currency","2013/04/17",70.23
"Currency","2013/04/16",70.27
"Currency","2013/04/15",70.35
"Currency","2013/04/12",70.40
"Currency","2013/04/11",70.40
"Currency","2013/04/10",70.43
"Currency","2013/04/09",70.45
"Currency","2013/04/08",70.50
"Currency","2013/04/05",70.50
"Currency","2013/04/04",70.50
"Currency","2013/04/03",70.53
"Currency","2013/04/02",70.55
"Currency","2013/04/01",70.57
"Currency","2013/03/29",70.57
"Currency","2013/03/28",70.60
"Currency","2013/03/27",70.60
"Currency","2013/03/26",70.62
"Currency","2013/03/25",70.65
"Currency","2013/03/22",70.73
"Currency","2013/03/21",70.70
"Currency","2013/03/20",70.75
"Currency","2013/03/19",70.77
"Currency","2013/03/18",70.78
"Currency","2013/03/15",70.83
"Currency","2013/03/14",70.85
"Currency","2013/03/13",70.87
"Currency","2013/03/12",70.59
"Currency","2013/03/11",70.60
"Currency","2013/03/08",70.63
"Currency","2013/03/07",70.70
"Currency","2013/03/06",70.70
"Currency","2013/03/05",70.63
"Currency","2013/03/04",70.65
"Currency","2013/03/01",70.67
"Currency","2013/02/28",70.70
"Currency","2013/02/27",70.73
"Currency","2013/02/26",70.75
"Currency","2013/02/25",70.77
"Currency","2013/02/22",70.80
"Currency","2013/02/21",70.80
"Currency","2013/02/20",70.82
"Currency","2013/02/19",70.85
"Currency","2013/02/18",70.87
"Currency","2013/02/15",70.85
"Currency","2013/02/14",70.88
"Currency","2013/02/13",70.90
"Currency","2013/02/12",70.92
"Currency","2013/02/11",70.95
"Currency","2013/02/08",70.97
"Currency","2013/02/07",70.99
"Currency","2013/02/06",71.00
"Currency","2013/02/05",71.00
"Currency","2013/02/04",71.00
"Currency","2013/02/01",71.00
"Currency","2013/01/31",71.00
"Currency","2013/01/30",71.00
"Currency","2013/01/29",71.00
"Currency","2013/01/28",71.00
"Currency","2013/01/25",71.00
"Currency","2013/01/24",71.00
"Currency","2013/01/23",71.00
"Currency","2013/01/22",71.00
"Currency","2013/01/21",71.00
"Currency","2013/01/18",71.00
"Currency","2013/01/17",71.00
"Currency","2013/01/16",71.00
"Currency","2013/01/15",71.00
"Currency","2013/01/14",71.00
"Currency","2013/01/11",71.00
"Currency","2013/01/10",71.00
"Currency","2013/01/09",71.00
"Currency","2013/01/08",71.00
"Currency","2013/01/07",71.00
"Currency","2013/01/04",71.00
"Currency","2013/01/03",71.00
"Currency","2013/01/02",71.00
"Currency","2013/01/01",71.00
"Currency","2012/12/31",71.00
"Currency","2012/12/28",71.00
"Currency","2012/12/27",71.00
"Currency","2012/12/26",71.00
"Currency","2012/12/25",71.00
"Currency","2012/12/24",71.00
"Currency","2012/12/21",71.00
"Currency","2012/12/20",71.00
"Currency","2012/12/19",71.00
"Currency","2012/12/18",71.00
"Currency","2012/12/17",71.00
"Currency","2012/12/14",71.00
"Currency","2012/12/13",71.00
"Currency","2012/12/12",71.00
"Currency","2012/12/11",71.00
"Currency","2012/12/10",71.00
"Currency","2012/12/07",71.00
"Currency","2012/12/06",71.00
"Currency","2012/12/05",71.00
"Currency","2012/12/04",71.00
"Currency","2012/12/03",71.00
"Currency","2012/11/30",71.00
"Currency","2012/11/29",71.00
"Currency","2012/11/28",71.00
"Currency","2012/11/27",70.60
"Currency","2012/11/26",70.60
"Currency","2012/11/23",70.70
"Currency","2012/11/22",70.70
"Currency","2012/11/21",70.70
"Currency","2012/11/20",70.60
"Currency","2012/11/19",70.60
"Currency","2012/11/16",70.55
"Currency","2012/11/15",70.55
"Currency","2012/11/14",70.55
"Currency","2012/11/13",70.55
"Currency","2012/11/12",70.35
"Currency","2012/11/09",70.10
"Currency","2012/11/08",70.10
"Currency","2012/11/07",69.85
"Currency","2012/11/06",69.85
"Currency","2012/11/05",69.70
"Currency","2012/11/02",69.35
"Currency","2012/11/01",69.35
"Currency","2012/10/31",69.35
"Currency","2012/10/30",68.90
"Currency","2012/10/29",68.90
"Currency","2012/10/26",68.90
"Currency","2012/10/25",68.90
"Currency","2012/10/24",68.90
"Currency","2012/10/23",68.90
"Currency","2012/10/22",68.90
"Currency","2012/10/21",68.65
"Currency","2012/10/19",68.50
"Currency","2012/10/18",68.50
"Currency","2012/10/17",68.50
"Currency","2012/10/16",68.50
"Currency","2012/10/15",68.50
"Currency","2012/10/14",68.59
"Currency","2012/10/12",68.50
"Currency","2012/10/11",68.50
"Currency","2012/10/10",68.45
"Currency","2012/10/09",68.25
"Currency","2012/10/08",68.15
"Currency","2012/10/07",67.99
"Currency","2012/10/05",68.15
"Currency","2012/10/04",68.15
"Currency","2012/10/03",68.15
"Currency","2012/10/02",68.15
"Currency","2012/10/01",68.15
"Currency","2012/09/30",68.24
"Currency","2012/09/28",67.90
"Currency","2012/09/27",67.90
"Currency","2012/09/26",67.90
"Currency","2012/09/25",67.70
"Currency","2012/09/24",67.15
"Currency","2012/09/23",67.28
"Currency","2012/09/21",67.15
"Currency","2012/09/20",67.15
"Currency","2012/09/19",67.15
"Currency","2012/09/18",67.15
"Currency","2012/09/17",66.97
"Currency","2012/09/16",66.89
"Currency","2012/09/14",67.05
"Currency","2012/09/13",67.05
"Currency","2012/09/12",67.05
"Currency","2012/09/11",67.05
"Currency","2012/09/10",66.95
"Currency","2012/09/09",66.22
"Currency","2012/09/07",66.87
"Currency","2012/09/06",66.87
"Currency","2012/09/05",66.87
"Currency","2012/09/04",66.65
"Currency","2012/09/03",66.60
"Currency","2012/09/02",66.64
"Currency","2012/08/31",66.60
"Currency","2012/08/30",66.60
"Currency","2012/08/29",66.58
"Currency","2012/08/28",66.60
"Currency","2012/08/27",65.55
"Currency","2012/08/26",65.60
"Currency","2012/08/24",65.55
"Currency","2012/08/23",65.55
"Currency","2012/08/22",65.55
"Currency","2012/08/21",65.55
"Currency","2012/08/20",65.55
"Currency","2012/08/19",65.69
"Currency","2012/08/17",65.55
"Currency","2012/08/16",65.55
"Currency","2012/08/15",65.55
"Currency","2012/08/14",65.55
"Currency","2012/08/13",65.55
"Currency","2012/08/12",65.48
"Currency","2012/08/10",65.57
"Currency","2012/08/09",65.58
"Currency","2012/08/08",65.50
"Currency","2012/08/07",65.50
"Currency","2012/08/06",65.25
"Currency","2012/08/05",64.73
"Currency","2012/08/03",65.25
"Currency","2012/08/02",65.25
"Currency","2012/08/01",65.25
"Currency","2012/07/31",65.25
"Currency","2012/07/30",65.21
"Currency","2012/07/29",64.36
"Currency","2012/07/27",64.40
"Currency","2012/07/26",64.40
"Currency","2012/07/25",64.40
"Currency","2012/07/24",64.40
"Currency","2012/07/23",64.40
"Currency","2012/07/22",64.81
"Currency","2012/07/20",64.40
"Currency","2012/07/19",64.40
"Currency","2012/07/18",64.40
"Currency","2012/07/17",64.40
"Currency","2012/07/16",64.40
"Currency","2012/07/15",64.17
"Currency","2012/07/13",64.40
"Currency","2012/07/12",64.40
"Currency","2012/07/11",64.30
"Currency","2012/07/10",64.30
"Currency","2012/07/09",64.30
"Currency","2012/07/08",64.61
"Currency","2012/07/06",64.15
"Currency","2012/07/05",64.15
"Currency","2012/07/04",64.15
"Currency","2012/07/03",64.10
"Currency","2012/07/02",64.08
"Currency","2012/07/01",63.68
"Currency","2012/06/29",64.10
"Currency","2012/06/28",64.10
"Currency","2012/06/27",64.05
"Currency","2012/06/26",64.00
"Currency","2012/06/25",64.00
"Currency","2012/06/24",63.71
"Currency","2012/06/22",63.81
"Currency","2012/06/21",63.81
"Currency","2012/06/20",63.81
"Currency","2012/06/19",63.82
"Currency","2012/06/18",63.73
"Currency","2012/06/17",63.67
"Currency","2012/06/15",63.78
"Currency","2012/06/14",63.78
"Currency","2012/06/13",63.83
"Currency","2012/06/12",63.83
"Currency","2012/06/11",63.80
"Currency","2012/06/10",63.50
"Currency","2012/06/08",63.80
"Currency","2012/06/07",63.80
"Currency","2012/06/06",63.85
"Currency","2012/06/05",63.90
"Currency","2012/06/04",63.90
"Currency","2012/06/03",63.35
"Currency","2012/06/01",63.90
"Currency","2012/05/31",63.90
"Currency","2012/05/30",63.90
"Currency","2012/05/29",63.83
"Currency","2012/05/28",63.78
"Currency","2012/05/27",64.06
"Currency","2012/05/25",63.78
"Currency","2012/05/24",63.78
"Currency","2012/05/23",63.78
"Currency","2012/05/22",63.78
"Currency","2012/05/21",63.80
"Currency","2012/05/20",63.34
"Currency","2012/05/18",63.80
"Currency","2012/05/17",63.80
"Currency","2012/05/16",63.05
"Currency","2012/05/15",63.05
"Currency","2012/05/14",63.05
"Currency","2012/05/13",62.62
"Currency","2012/05/11",62.55
"Currency","2012/05/10",62.55
"Currency","2012/05/09",62.55
"Currency","2012/05/08",62.55
"Currency","2012/05/07",57.45
"Currency","2012/05/06",57.66
"Currency","2012/05/04",57.45
"Currency","2012/05/03",57.45
"Currency","2012/05/02",57.45
"Currency","2012/05/01",57.45
"Currency","2012/04/30",57.45
"Currency","2012/04/29",57.32
"Currency","2012/04/27",57.45
"Currency","2012/04/26",57.45
"Currency","2012/04/25",57.45
"Currency","2012/04/24",57.45
"Currency","2012/04/23",57.45
"Currency","2012/04/22",57.32
"Currency","2012/04/20",57.45
"Currency","2012/04/19",57.45
"Currency","2012/04/18",57.45
"Currency","2012/04/17",57.45
"Currency","2012/04/16",57.45
"Currency","2012/04/15",57.82
"Currency","2012/04/13",57.45
"Currency","2012/04/12",57.45
"Currency","2012/04/11",57.45
"Currency","2012/04/10",57.45
"Currency","2012/04/09",57.45
"Currency","2012/04/08",57.46
"Currency","2012/04/06",57.45
"Currency","2012/04/05",57.45
"Currency","2012/04/04",57.45
"Currency","2012/04/03",57.45
"Currency","2012/04/02",57.45
"Currency","2012/04/01",57.41
"Currency","2012/03/30",57.45
"Currency","2012/03/29",57.45
"Currency","2012/03/28",57.45
"Currency","2012/03/27",57.45
"Currency","2012/03/26",57.45
"Currency","2012/03/25",57.28
"Currency","2012/03/23",57.45
"Currency","2012/03/22",57.45
"Currency","2012/03/21",57.45
"Currency","2012/03/20",57.45
"Currency","2012/03/19",57.45
"Currency","2012/03/18",57.01
"Currency","2012/03/16",57.45
"Currency","2012/03/15",57.45
"Currency","2012/03/14",57.45
"Currency","2012/03/13",57.45
"Currency","2012/03/12",57.45
"Currency","2012/03/11",57.46
"Currency","2012/03/09",57.45
"Currency","2012/03/08",57.45
"Currency","2012/03/07",57.45
"Currency","2012/03/06",57.45
"Currency","2012/03/05",57.45
"Currency","2012/03/04",57.60
"Currency","2012/03/02",57.45
"Currency","2012/03/01",57.45
"Currency","2012/02/29",57.45
"Currency","2012/02/28",57.45
"Currency","2012/02/27",57.45
"Currency","2012/02/26",57.28
"Currency","2012/02/24",57.45
"Currency","2012/02/23",57.45
"Currency","2012/02/22",57.45
"Currency","2012/02/21",57.45
"Currency","2012/02/20",57.45
"Currency","2012/02/19",57.41
"Currency","2012/02/17",57.45
"Currency","2012/02/16",57.45
"Currency","2012/02/15",57.45
"Currency","2012/02/14",57.45
"Currency","2012/02/13",57.45
"Currency","2012/02/12",57.65
"Currency","2012/02/10",57.45
"Currency","2012/02/09",57.45
"Currency","2012/02/08",57.45
"Currency","2012/02/07",57.45
"Currency","2012/02/06",57.45
"Currency","2012/02/05",57.70
"Currency","2012/02/03",57.45
"Currency","2012/02/02",57.45
"Currency","2012/02/01",57.45
"Currency","2012/01/31",57.45
"Currency","2012/01/30",57.45
"Currency","2012/01/29",57.22
"Currency","2012/01/27",57.45
"Currency","2012/01/26",57.45
"Currency","2012/01/25",57.45
"Currency","2012/01/24",57.45
"Currency","2012/01/23",57.45
"Currency","2012/01/22",57.26
"Currency","2012/01/20",57.45
"Currency","2012/01/19",57.45
"Currency","2012/01/18",57.45
"Currency","2012/01/17",57.45
"Currency","2012/01/16",57.45
"Currency","2012/01/15",57.91
"Currency","2012/01/13",57.45
"Currency","2012/01/12",57.45
"Currency","2012/01/11",57.45
"Currency","2012/01/10",57.45
"Currency","2012/01/09",54.15
"Currency","2012/01/08",54.47
"Currency","2012/01/06",54.15
"Currency","2012/01/05",54.15
"Currency","2012/01/04",54.15
"Currency","2012/01/03",54.15
"Currency","2012/01/02",54.15
"Currency","2012/01/01",54.06
"Currency","2011/12/30",54.15
"Currency","2011/12/29",53.91
"Currency","2011/12/28",54.15
"Currency","2011/12/27",54.14
"Currency","2011/12/26",54.25
"Currency","2011/12/25",54.25
"Currency","2011/12/23",54.14
"Currency","2011/12/22",54.10
"Currency","2011/12/21",54.15
"Currency","2011/12/20",54.18
"Currency","2011/12/19",54.17
"Currency","2011/12/18",54.16
"Currency","2011/12/16",54.13
"Currency","2011/12/15",54.02
"Currency","2011/12/14",54.15
"Currency","2011/12/13",54.71
"Currency","2011/12/12",54.47
"Currency","2011/12/11",54.30
"Currency","2011/12/09",54.14
"Currency","2011/12/08",54.16
"Currency","2011/12/07",50.57
"Currency","2011/12/06",50.53
"Currency","2011/12/05",50.06
"Currency","2011/12/04",50.48
"Currency","2011/12/02",49.95
"Currency","2011/12/01",50.12
"Currency","2011/11/30",50.06
"Currency","2011/11/29",50.21
"Currency","2011/11/28",50.29
"Currency","2011/11/27",50.09
"Currency","2011/11/25",50.06
"Currency","2011/11/24",50.10
"Currency","2011/11/23",50.15
"Currency","2011/11/22",50.15
"Currency","2011/11/21",50.06
"Currency","2011/11/20",50.15
"Currency","2011/11/18",49.94
"Currency","2011/11/17",50.03
"Currency","2011/11/16",49.85
"Currency","2011/11/15",49.85
"Currency","2011/11/14",49.73
"Currency","2011/11/13",49.33
"Currency","2011/11/11",49.72
"Currency","2011/11/10",49.69
"Currency","2011/11/09",49.78
"Currency","2011/11/08",49.74
"Currency","2011/11/07",49.74
"Currency","2011/11/06",50.05
"Currency","2011/11/04",49.80
"Currency","2011/11/03",49.76
"Currency","2011/11/02",49.80
"Currency","2011/11/01",49.89
"Currency","2011/10/31",49.55
"Currency","2011/10/30",49.23
"Currency","2011/10/28",49.26
"Currency","2011/10/27",49.37
"Currency","2011/10/26",49.37
"Currency","2011/10/25",49.46
"Currency","2011/10/24",49.32
"Currency","2011/10/23",49.22
"Currency","2011/10/21",49.62
"Currency","2011/10/20",49.90
"Currency","2011/10/19",49.73
"Currency","2011/10/18",49.74
"Currency","2011/10/17",49.43
"Currency","2011/10/16",49.16
"Currency","2011/10/14",49.40
"Currency","2011/10/13",49.56
"Currency","2011/10/12",49.58
"Currency","2011/10/11",49.42
"Currency","2011/10/10",49.66
"Currency","2011/10/09",49.48
"Currency","2011/10/07",49.72
"Currency","2011/10/06",49.79
"Currency","2011/10/05",50.06
"Currency","2011/10/04",49.19
"Currency","2011/10/03",49.54
"Currency","2011/10/02",48.93
"Currency","2011/09/30",48.93
"Currency","2011/09/29",49.00
"Currency","2011/09/28",49.15
"Currency","2011/09/27",48.95
"Currency","2011/09/26",49.09
"Currency","2011/09/25",48.71
"Currency","2011/09/23",48.90
"Currency","2011/09/22",49.00
"Currency","2011/09/21",48.68
"Currency","2011/09/20",48.72
"Currency","2011/09/19",48.71
"Currency","2011/09/18",48.40
"Currency","2011/09/16",48.40
"Currency","2011/09/15",48.50
"Currency","2011/09/14",48.42
"Currency","2011/09/13",47.42
"Currency","2011/09/12",47.40
"Currency","2011/09/11",47.90
"Currency","2011/09/09",47.43
"Currency","2011/09/08",47.42
"Currency","2011/09/07",47.34
"Currency","2011/09/06",47.39
"Currency","2011/09/05",47.54
"Currency","2011/09/04",47.59
"Currency","2011/09/02",47.41
"Currency","2011/09/01",47.45
"Currency","2011/08/31",47.42
"Currency","2011/08/30",47.43
"Currency","2011/08/29",47.54
"Currency","2011/08/28",47.39
"Currency","2011/08/26",47.48
"Currency","2011/08/25",47.56
"Currency","2011/08/24",47.56
"Currency","2011/08/23",47.55
"Currency","2011/08/22",47.57
"Currency","2011/08/21",47.22
"Currency","2011/08/19",47.49
"Currency","2011/08/18",47.57
"Currency","2011/08/17",47.58
"Currency","2011/08/16",47.49
"Currency","2011/08/15",47.08
"Currency","2011/08/14",47.42
"Currency","2011/08/12",47.42
"Currency","2011/08/11",47.57
"Currency","2011/08/10",47.56
"Currency","2011/08/09",47.56
"Currency","2011/08/08",47.61
"Currency","2011/08/07",47.54
"Currency","2011/08/05",47.52
"Currency","2011/08/04",47.94
"Currency","2011/08/03",47.59
"Currency","2011/08/02",47.43
"Currency","2011/08/01",47.55
"Currency","2011/07/31",47.08
"Currency","2011/07/29",47.57
"Currency","2011/07/28",47.58
"Currency","2011/07/27",47.60
"Currency","2011/07/26",47.58
"Currency","2011/07/25",47.57
"Currency","2011/07/24",47.56
"Currency","2011/07/22",47.53
"Currency","2011/07/21",47.54
"Currency","2011/07/20",47.65
"Currency","2011/07/19",47.57
"Currency","2011/07/18",47.51
"Currency","2011/07/17",47.45
"Currency","2011/07/15",47.48
"Currency","2011/07/14",47.56
"Currency","2011/07/13",47.56
"Currency","2011/07/12",47.54
"Currency","2011/07/11",47.62
"Currency","2011/07/10",47.54
"Currency","2011/07/08",47.48
"Currency","2011/07/07",47.58
"Currency","2011/07/06",47.52
"Currency","2011/07/05",47.59
"Currency","2011/07/04",47.56
"Currency","2011/07/03",47.38
"Currency","2011/07/01",47.45
"Currency","2011/06/30",47.40
"Currency","2011/06/29",47.53
"Currency","2011/06/28",47.57
"Currency","2011/06/27",47.38
"Currency","2011/06/26",47.55
"Currency","2011/06/24",47.55
"Currency","2011/06/23",47.52
"Currency","2011/06/22",47.51
"Currency","2011/06/21",47.58
"Currency","2011/06/20",47.56
"Currency","2011/06/19",47.34
"Currency","2011/06/17",47.48
"Currency","2011/06/16",47.46
"Currency","2011/06/15",47.54
"Currency","2011/06/14",47.56
"Currency","2011/06/13",47.55
"Currency","2011/06/12",47.78
"Currency","2011/06/10",47.45
"Currency","2011/06/09",47.56
"Currency","2011/06/08",47.53
"Currency","2011/06/07",47.55
"Currency","2011/06/06",47.53
"Currency","2011/06/05",47.08
"Currency","2011/06/03",47.45
"Currency","2011/06/02",47.55
"Currency","2011/06/01",47.56
"Currency","2011/05/31",47.55
"Currency","2011/05/30",47.54
"Currency","2011/05/29",47.24
"Currency","2011/05/27",47.46
"Currency","2011/05/26",47.56
"Currency","2011/05/25",47.55
"Currency","2011/05/24",47.56
"Currency","2011/05/23",47.55
"Currency","2011/05/22",47.70
"Currency","2011/05/20",47.43
"Currency","2011/05/19",47.54
"Currency","2011/05/18",47.55
"Currency","2011/05/17",47.51
"Currency","2011/05/16",47.57
"Currency","2011/05/15",48.07
"Currency","2011/05/13",47.51
"Currency","2011/05/12",47.54
"Currency","2011/05/11",47.58
"Currency","2011/05/10",47.54
"Currency","2011/05/09",47.55
"Currency","2011/05/08",47.61
"Currency","2011/05/06",47.49
"Currency","2011/05/05",47.57
"Currency","2011/05/04",47.61
"Currency","2011/05/03",47.54
"Currency","2011/05/02",47.56
"Currency","2011/05/01",47.63
"Currency","2011/04/29",47.51
"Currency","2011/04/28",47.59
"Currency","2011/04/27",47.57
"Currency","2011/04/26",47.59
"Currency","2011/04/25",47.76
"Currency","2011/04/24",47.76
"Currency","2011/04/22",47.60
"Currency","2011/04/21",47.60
"Currency","2011/04/20",47.58
"Currency","2011/04/19",47.57
"Currency","2011/04/18",47.57
"Currency","2011/04/17",47.52
"Currency","2011/04/15",47.49
"Currency","2011/04/14",47.63
"Currency","2011/04/13",47.58
"Currency","2011/04/12",47.50
"Currency","2011/04/11",47.52
"Currency","2011/04/10",47.48
"Currency","2011/04/08",47.48
"Currency","2011/04/07",47.54
"Currency","2011/04/06",47.57
"Currency","2011/04/05",47.56
"Currency","2011/04/04",47.56
"Currency","2011/04/03",47.18
"Currency","2011/04/01",47.45
"Currency","2011/03/31",47.51
"Currency","2011/03/30",46.79
"Currency","2011/03/29",46.79
"Currency","2011/03/28",46.81
"Currency","2011/03/25",46.81
"Currency","2011/03/24",46.76
"Currency","2011/03/23",46.86
"Currency","2011/03/22",46.79
"Currency","2011/03/21",46.53
"Currency","2011/03/20",46.53
"Currency","2011/03/18",46.65
"Currency","2011/03/17",46.66
"Currency","2011/03/16",46.75
"Currency","2011/03/15",46.74
"Currency","2011/03/14",46.75
"Currency","2011/03/13",46.41
"Currency","2011/03/11",46.71
"Currency","2011/03/10",46.76
"Currency","2011/03/09",46.70
"Currency","2011/03/08",46.56
"Currency","2011/03/07",46.59
"Currency","2011/03/06",46.55
"Currency","2011/03/04",46.58
"Currency","2011/03/03",46.67
"Currency","2011/03/02",46.74
"Currency","2011/03/01",46.69
"Currency","2011/02/28",46.66
"Currency","2011/02/27",46.58
"Currency","2011/02/25",46.58
"Currency","2011/02/24",46.68
"Currency","2011/02/23",46.68
"Currency","2011/02/22",46.87
"Currency","2011/02/21",46.76
"Currency","2011/02/20",46.43
"Currency","2011/02/18",46.84
"Currency","2011/02/17",46.91
"Currency","2011/02/16",46.94
"Currency","2011/02/15",46.95
"Currency","2011/02/14",46.91
"Currency","2011/02/13",46.93
"Currency","2011/02/11",46.93
"Currency","2011/02/10",47.03
"Currency","2011/02/09",46.99
"Currency","2011/02/08",47.02
"Currency","2011/02/07",46.50
"Currency","2011/02/06",46.80
"Currency","2011/02/04",46.64
"Currency","2011/02/03",46.78
"Currency","2011/02/02",46.65
"Currency","2011/02/01",46.77
"Currency","2011/01/31",46.69
"Currency","2011/01/30",46.95
"Currency","2011/01/28",46.52
"Currency","2011/01/27",46.56
"Currency","2011/01/26",46.68
"Currency","2011/01/25",46.69
"Currency","2011/01/24",46.60
"Currency","2011/01/23",46.43
"Currency","2011/01/21",46.31
"Currency","2011/01/20",46.80
"Currency","2011/01/19",46.68
"Currency","2011/01/18",46.77
"Currency","2011/01/17",46.84
"Currency","2011/01/16",47.19
"Currency","2011/01/14",47.14
"Currency","2011/01/13",46.96
"Currency","2011/01/12",46.41
"Currency","2011/01/11",47.03
"Currency","2011/01/10",47.12
"Currency","2011/01/09",47.00
"Currency","2011/01/07",46.88
"Currency","2011/01/06",46.88
"Currency","2011/01/05",46.83
"Currency","2011/01/04",46.77
"Currency","2011/01/03",46.82
"Currency","2011/01/02",47.26
"Currency","2010/12/31",46.84
"Currency","2010/12/30",46.85
"Currency","2010/12/29",46.95
"Currency","2010/12/28",46.87
"Currency","2010/12/27",46.93
"Currency","2010/12/26",46.90
"Currency","2010/12/24",46.90
"Currency","2010/12/23",46.93
"Currency","2010/12/22",46.92
"Currency","2010/12/21",46.86
"Currency","2010/12/20",46.84
"Currency","2010/12/19",47.18
"Currency","2010/12/17",46.77
"Currency","2010/12/16",46.76
"Currency","2010/12/15",46.71
"Currency","2010/12/14",46.58
"Currency","2010/12/13",46.58
"Currency","2010/12/12",46.57
"Currency","2010/12/10",46.57
"Currency","2010/12/09",46.69
"Currency","2010/12/08",46.72
"Currency","2010/12/07",46.68
"Currency","2010/12/06",46.66
"Currency","2010/12/05",46.45
"Currency","2010/12/03",46.84
"Currency","2010/12/02",46.87
"Currency","2010/12/01",46.93
"Currency","2010/11/30",46.91
"Currency","2010/11/29",46.67
"Currency","2010/11/28",46.52
"Currency","2010/11/26",46.52
"Currency","2010/11/25",46.53
"Currency","2010/11/24",46.49
"Currency","2010/11/23",46.46
"Currency","2010/11/22",46.46
"Currency","2010/11/21",46.27
"Currency","2010/11/19",46.34
"Currency","2010/11/18",46.36
"Currency","2010/11/17",46.80
"Currency","2010/11/16",46.41
"Currency","2010/11/15",46.40
"Currency","2010/11/14",46.39
"Currency","2010/11/12",46.42
"Currency","2010/11/11",46.43
"Currency","2010/11/10",46.42
"Currency","2010/11/09",46.26
"Currency","2010/11/08",46.18
"Currency","2010/11/07",45.94
"Currency","2010/11/05",45.94
"Currency","2010/11/04",45.94
"Currency","2010/11/03",46.11
"Currency","2010/11/02",46.22
"Currency","2010/11/01",46.26
"Currency","2010/10/31",46.25
"Currency","2010/10/29",46.37
"Currency","2010/10/28",46.39
"Currency","2010/10/27",46.54
"Currency","2010/10/26",46.26
"Currency","2010/10/25",44.57
"Currency","2010/10/24",46.20
"Currency","2010/10/22",46.18
"Currency","2010/10/21",46.30
"Currency","2010/10/20",46.42
"Currency","2010/10/19",46.25
"Currency","2010/10/18",45.99
"Currency","2010/10/17",46.29
"Currency","2010/10/15",45.95
"Currency","2010/10/14",45.98
"Currency","2010/10/13",46.18
"Currency","2010/10/12",46.27
"Currency","2010/10/11",46.26
"Currency","2010/10/10",45.92
"Currency","2010/10/08",46.01
"Currency","2010/10/07",46.06
"Currency","2010/10/06",46.12
"Currency","2010/10/05",46.15
"Currency","2010/10/04",46.15
"Currency","2010/10/03",46.18
"Currency","2010/10/01",46.27
"Currency","2010/09/30",46.38
"Currency","2010/09/29",46.39
"Currency","2010/09/28",46.43
"Currency","2010/09/27",46.39
"Currency","2010/09/26",46.08
"Currency","2010/09/24",46.30
"Currency","2010/09/23",46.39
"Currency","2010/09/22",46.34
"Currency","2010/09/21",46.56
"Currency","2010/09/20",46.66
"Currency","2010/09/19",46.72
"Currency","2010/09/17",46.54
"Currency","2010/09/16",46.72
"Currency","2010/09/15",46.57
"Currency","2010/09/14",46.76
"Currency","2010/09/13",46.70
"Currency","2010/09/12",46.70
"Currency","2010/09/10",46.70
"Currency","2010/09/09",46.70
"Currency","2010/09/08",46.90
"Currency","2010/09/07",46.71
"Currency","2010/09/06",46.76
"Currency","2010/09/05",46.64
"Currency","2010/09/03",46.80
"Currency","2010/09/02",46.85
"Currency","2010/09/01",47.00
"Currency","2010/08/31",47.11
"Currency","2010/08/30",47.04
"Currency","2010/08/29",46.77
"Currency","2010/08/27",46.94
"Currency","2010/08/26",47.07
"Currency","2010/08/25",47.02
"Currency","2010/08/24",47.15
"Currency","2010/08/23",47.09
"Currency","2010/08/22",46.98
"Currency","2010/08/20",46.92
"Currency","2010/08/19",47.00
"Currency","2010/08/18",46.94
"Currency","2010/08/17",46.96
"Currency","2010/08/16",46.99
"Currency","2010/08/15",46.86
"Currency","2010/08/13",46.74
"Currency","2010/08/12",46.94
"Currency","2010/08/11",46.91
"Currency","2010/08/10",46.75
"Currency","2010/08/09",46.64
"Currency","2010/08/08",46.25
"Currency","2010/08/06",46.65
"Currency","2010/08/05",46.65
"Currency","2010/08/04",46.60
"Currency","2010/08/03",46.68
"Currency","2010/08/02",46.75
"Currency","2010/08/01",46.41
"Currency","2010/07/30",46.66
"Currency","2010/07/27",46.74
"Currency","2010/07/26",46.80
"Currency","2010/07/25",46.97
"Currency","2010/07/23",46.72
"Currency","2010/07/22",46.86
"Currency","2010/07/21",46.79
"Currency","2010/07/20",46.69
"Currency","2010/07/19",45.65
"Currency","2010/07/18",45.75
"Currency","2010/07/16",45.55
"Currency","2010/07/15",45.60
"Currency","2010/07/14",45.59
"Currency","2010/07/13",45.79
"Currency","2010/07/12",45.73
"Currency","2010/07/11",45.74
"Currency","2010/07/09",45.64
"Currency","2010/07/08",45.74
"Currency","2010/07/07",45.79
"Currency","2010/07/06",45.84
"Currency","2010/07/05",45.84
"Currency","2010/07/04",45.59
"Currency","2010/07/02",45.80
"Currency","2010/07/01",45.90
"Currency","2010/06/30",45.97
"Currency","2010/06/29",45.96
"Currency","2010/06/28",45.90
"Currency","2010/06/27",45.63
"Currency","2010/06/25",45.82
"Currency","2010/06/24",45.80
"Currency","2010/06/23",45.79
"Currency","2010/06/22",45.80
"Currency","2010/06/21",45.99
"Currency","2010/06/20",45.91
"Currency","2010/06/18",45.87
"Currency","2010/06/17",45.85
"Currency","2010/06/16",45.83
"Currency","2010/06/15",45.83
"Currency","2010/06/14",45.91
"Currency","2010/06/13",46.19
"Currency","2010/06/11",45.99
"Currency","2010/06/10",45.99
"Currency","2010/06/09",46.01
"Currency","2010/06/08",46.00
"Currency","2010/06/07",46.12
"Currency","2010/06/06",46.55
"Currency","2010/06/04",46.20
"Currency","2010/06/03",45.90
"Currency","2010/06/02",45.88
"Currency","2010/06/01",45.97
"Currency","2010/05/31",45.94
"Currency","2010/05/30",45.98
"Currency","2010/05/28",45.89
"Currency","2010/05/27",45.91
"Currency","2010/05/26",45.94
"Currency","2010/05/25",45.96
"Currency","2010/05/24",45.71
"Currency","2010/05/21",45.79
"Currency","2010/05/20",45.79
"Currency","2010/05/19",45.05
"Currency","2010/05/18",45.88
"Currency","2010/05/17",45.60
"Currency","2010/05/16",45.91
"Currency","2010/05/14",45.59
"Currency","2010/05/13",45.72
"Currency","2010/05/12",45.56
"Currency","2010/05/11",45.60
"Currency","2010/05/10",45.51
"Currency","2010/05/09",45.63
"Currency","2010/05/07",45.45
"Currency","2010/05/06",45.45
"Currency","2010/05/05",45.52
"Currency","2010/05/04",45.21
"Currency","2010/05/03",45.21
"Currency","2010/05/02",45.30
"Currency","2010/04/30",45.25
"Currency","2010/04/29",45.35
"Currency","2010/04/28",45.34
"Currency","2010/04/27",45.24
"Currency","2010/04/26",45.12
"Currency","2010/04/25",45.06
"Currency","2010/04/23",45.06
"Currency","2010/04/22",45.04
"Currency","2010/03/08",46.06
"Currency","2010/03/07",45.98
"Currency","2010/03/05",46.08
"Currency","2010/03/04",46.04
"Currency","2010/03/03",45.99
"Currency","2010/03/02",45.88
"Currency","2010/03/01",46.18
"Currency","2010/02/28",45.75
"Currency","2010/02/26",45.96
"Currency","2010/02/25",46.00
"Currency","2010/02/24",46.00
"Currency","2010/02/23",46.00
"Currency","2010/02/22",46.00
"Currency","2010/02/21",45.87
"Currency","2010/02/19",45.97
"Currency","2010/02/18",45.99
"Currency","2010/02/17",46.01
"Currency","2010/02/16",45.98
"Currency","2010/02/15",45.99
"Currency","2010/02/14",45.95
"Currency","2010/02/12",45.95
"Currency","2010/02/11",45.96
"Currency","2010/02/10",45.94
"Currency","2010/02/09",45.94
"Currency","2010/02/08",45.99
"Currency","2010/02/07",46.24
"Currency","2010/02/05",45.90
"Currency","2010/02/04",46.00
"Currency","2010/02/03",45.86
"Currency","2010/02/02",45.84
"Currency","2010/02/01",45.81
"Currency","2010/01/31",46.17
"Currency","2010/01/29",45.86
"Currency","2010/01/28",45.84
"Currency","2010/01/27",45.79
"Currency","2010/01/26",45.77
"Currency","2010/01/25",45.81
"Currency","2010/01/24",45.67
"Currency","2010/01/22",45.80
"Currency","2010/01/21",45.69
"Currency","2010/01/20",45.73
"Currency","2010/01/19",45.54
"Currency","2010/01/18",45.57
"Currency","2010/01/17",45.50
"Currency","2010/01/15",45.51
"Currency","2010/01/14",45.52
"Currency","2010/01/13",45.56
"Currency","2010/01/12",45.55
"Currency","2010/01/11",45.55
"Currency","2010/01/10",45.53
"Currency","2010/01/08",45.53
"Currency","2010/01/07",45.48
"Currency","2010/01/06",45.54
"Currency","2010/01/05",45.61
"Currency","2010/01/04",45.58
"Currency","2010/01/03",45.58
"Currency","2010/01/01",45.58
"Currency","2009/12/31",45.58
"Currency","2009/12/30",45.63
"Currency","2009/12/29",45.61
"Currency","2009/12/28",45.60
"Currency","2009/12/27",45.65
"Currency","2009/12/25",45.65
"Currency","2009/12/24",45.65
"Currency","2009/12/23",45.65
"Currency","2009/12/22",45.58
"Currency","2009/12/21",45.60
"Currency","2009/12/20",45.49
"Currency","2009/12/18",45.49
"Currency","2009/12/17",45.51
"Currency","2009/12/16",45.49
"Currency","2009/12/15",45.44
"Currency","2009/12/14",45.44
"Currency","2009/12/13",45.91
"Currency","2009/12/11",45.87
"Currency","2009/12/10",45.40
"Currency","2009/12/09",45.40
"Currency","2009/12/08",45.41
"Currency","2009/12/07",45.34
"Currency","2009/12/06",45.84
"Currency","2009/12/04",45.29
"Currency","2009/12/03",45.30
"Currency","2009/12/02",45.48
"Currency","2009/12/01",45.99
"Currency","2009/11/30",46.07
"Currency","2009/11/29",45.87
"Currency","2009/11/27",46.05
"Currency","2009/11/26",46.05
"Currency","2009/11/25",46.02
"Currency","2009/11/24",46.05
"Currency","2009/11/23",46.04
"Currency","2009/11/22",46.02
"Currency","2009/11/20",46.07
"Currency","2009/11/19",46.05
"Currency","2009/11/18",46.06
"Currency","2009/11/17",46.13
"Currency","2009/11/16",46.05
"Currency","2009/11/15",45.98
"Currency","2009/11/13",45.98
"Currency","2009/11/12",46.04
"Currency","2009/11/11",46.04
"Currency","2009/11/10",46.04
"Currency","2009/11/09",46.05
"Currency","2009/11/08",46.06
"Currency","2009/11/06",46.06
"Currency","2009/11/05",46.08
"Currency","2009/11/04",45.67
"Currency","2009/11/03",46.03
"Currency","2009/11/02",46.06
"Currency","2009/11/01",46.29
"Currency","2009/10/30",46.04
"Currency","2009/10/29",45.70
"Currency","2009/10/28",46.23
"Currency","2009/10/27",46.08
"Currency","2009/10/26",46.04
"Currency","2009/10/25",46.14
"Currency","2009/10/23",46.14
"Currency","2009/10/22",46.04
"Currency","2009/10/21",46.06
"Currency","2009/10/20",46.05
"Currency","2009/10/19",46.05
"Currency","2009/10/18",46.10
"Currency","2009/10/16",46.09
"Currency","2009/10/15",46.06
"Currency","2009/10/14",46.04
"Currency","2009/10/13",45.96
"Currency","2009/10/12",46.05
"Currency","2009/10/11",46.14
"Currency","2009/10/09",46.01
"Currency","2009/10/08",46.06
"Currency","2009/10/07",46.07
"Currency","2009/10/06",46.04
"Currency","2009/10/05",46.06
"Currency","2009/10/04",45.88
"Currency","2009/10/02",46.06
"Currency","2009/10/01",46.11
"Currency","2009/09/30",46.06
"Currency","2009/09/29",46.07
"Currency","2009/09/28",46.07
"Currency","2009/09/27",46.08
"Currency","2009/09/25",46.07
"Currency","2009/09/24",46.40
"Currency","2009/09/23",46.04
"Currency","2009/09/22",46.06
"Currency","2009/09/21",45.98
"Currency","2009/09/20",46.06
"Currency","2009/09/18",46.05
"Currency","2009/09/17",46.01
"Currency","2009/09/16",46.04
"Currency","2009/09/15",46.04
"Currency","2009/09/14",46.05
"Currency","2009/09/13",46.05
"Currency","2009/09/11",46.05
"Currency","2009/09/10",45.92
"Currency","2009/09/09",46.07
"Currency","2009/09/08",46.05
"Currency","2009/09/07",46.06
"Currency","2009/09/06",46.00
"Currency","2009/09/04",45.05
"Currency","2009/09/03",45.08
"Currency","2009/09/02",45.08
"Currency","2009/09/01",45.04
"Currency","2009/08/31",45.07
"Currency","2009/08/30",45.07
"Currency","2009/08/28",45.24
"Currency","2009/08/27",45.06
"Currency","2009/08/26",45.07
"Currency","2009/08/25",45.06
"Currency","2009/08/24",45.11
"Currency","2009/08/23",45.15
"Currency","2009/08/21",45.08
"Currency","2009/08/20",45.11
"Currency","2009/08/19",44.66
"Currency","2009/08/18",45.07
"Currency","2009/08/17",45.06
"Currency","2009/08/16",45.24
"Currency","2009/08/14",45.02
"Currency","2009/08/13",45.07
"Currency","2009/08/12",45.06
"Currency","2009/08/11",45.03
"Currency","2009/08/10",45.08
"Currency","2009/08/09",45.66
"Currency","2009/08/07",45.09
"Currency","2009/08/06",45.09
"Currency","2009/08/05",45.02
"Currency","2009/08/04",45.07
"Currency","2009/08/03",45.05
"Currency","2009/07/31",45.08
"Currency","2009/07/30",45.06
"Currency","2009/07/29",45.06
"Currency","2009/07/28",45.06
"Currency","2009/07/27",45.06
"Currency","2009/07/26",45.16
"Currency","2009/07/24",45.06
"Currency","2009/07/23",45.06
"Currency","2009/07/22",45.08
"Currency","2009/07/21",45.06
"Currency","2009/07/20",45.07
"Currency","2009/07/19",44.95
"Currency","2009/07/17",45.03
"Currency","2009/07/16",44.95
"Currency","2009/07/15",45.06
"Currency","2009/07/14",45.01
"Currency","2009/07/13",45.04
"Currency","2009/07/12",44.96
"Currency","2009/07/10",45.02
"Currency","2009/07/09",45.04
"Currency","2009/07/08",45.06
"Currency","2009/07/07",45.05
"Currency","2009/07/06",45.03
"Currency","2009/07/05",45.07
"Currency","2009/07/03",45.05
"Currency","2009/07/02",45.05
"Currency","2009/07/01",45.05
"Currency","2009/06/30",45.05
"Currency","2009/06/29",44.98
"Currency","2009/06/28",45.15
"Currency","2009/06/26",45.02
"Currency","2009/06/25",45.04
"Currency","2009/06/24",45.03
"Currency","2009/06/23",45.03
"Currency","2009/06/22",45.03
"Currency","2009/06/21",44.83
"Currency","2009/06/19",45.02
"Currency","2009/06/18",45.14
"Currency","2009/06/17",45.03
"Currency","2009/06/16",45.01
"Currency","2009/06/15",45.14
"Currency","2009/06/14",45.05
"Currency","2009/06/12",45.05
"Currency","2009/06/11",45.09
"Currency","2009/06/10",46.25
"Currency","2009/06/09",46.23
"Currency","2009/06/08",45.01
"Currency","2009/06/07",46.88
"Currency","2009/06/05",46.20
"Currency","2009/06/04",46.34
"Currency","2009/06/03",46.25
"Currency","2009/06/02",46.29
"Currency","2009/06/01",46.16
"Currency","2009/05/31",46.16
"Currency","2009/05/29",46.18
"Currency","2009/05/28",46.26
"Currency","2009/05/27",46.27
"Currency","2009/05/26",46.21
"Currency","2009/05/25",46.26
"Currency","2009/05/24",46.28
"Currency","2009/05/22",46.28
"Currency","2009/05/21",45.83
"Currency","2009/05/20",46.25
"Currency","2009/05/19",46.22
"Currency","2009/05/18",46.21
"Currency","2009/05/15",46.20
"Currency","2009/05/14",46.22
"Currency","2009/05/13",46.41
"Currency","2009/05/12",46.26
"Currency","2008/12/31",46.40
"Currency","2007/12/31",48.10
"Currency","2006/12/31",51.10
"Currency","2005/12/31",54.90
"Currency","2004/12/31",52.20
"","",""
"Data Source: http://www.tradingeconomics.com","",""
"Downloaded from http://vam.wfp.org on 11 Jun 2018","",""
