"Indicator","Time","Value (USD/UGX)"
"Currency","2018/06/08",3815.00
"Currency","2018/06/07",3818.00
"Currency","2018/06/06",3780.00
"Currency","2018/06/05",3785.00
"Currency","2018/06/04",3783.00
"Currency","2018/06/01",3775.00
"Currency","2018/05/31",3770.00
"Currency","2018/05/30",3760.00
"Currency","2018/05/29",3760.00
"Currency","2018/05/28",3750.00
"Currency","2018/05/25",3742.00
"Currency","2018/05/24",3735.00
"Currency","2018/05/23",3720.28
"Currency","2018/05/22",3706.75
"Currency","2018/05/21",3723.00
"Currency","2018/05/18",3717.00
"Currency","2018/05/17",3715.00
"Currency","2018/05/16",3713.00
"Currency","2018/05/15",3707.54
"Currency","2018/05/14",3707.31
"Currency","2018/05/11",3712.00
"Currency","2018/05/10",3712.00
"Currency","2018/05/09",3710.00
"Currency","2018/05/08",3710.00
"Currency","2018/05/07",3708.00
"Currency","2018/05/04",3710.00
"Currency","2018/05/03",3710.00
"Currency","2018/05/02",3710.00
"Currency","2018/05/01",3712.00
"Currency","2018/04/30",3712.00
"Currency","2018/04/27",3708.00
"Currency","2018/04/26",3708.00
"Currency","2018/04/25",3695.00
"Currency","2018/04/24",3694.00
"Currency","2018/04/23",3692.32
"Currency","2018/04/20",3687.31
"Currency","2018/04/19",3692.00
"Currency","2018/04/18",3685.00
"Currency","2018/04/17",3685.00
"Currency","2018/04/16",3685.00
"Currency","2018/04/13",3690.00
"Currency","2018/04/12",3690.00
"Currency","2018/04/11",3690.00
"Currency","2018/04/10",3690.00
"Currency","2018/04/09",3690.00
"Currency","2018/04/06",3690.00
"Currency","2018/04/05",3690.00
"Currency","2018/04/04",3690.00
"Currency","2018/04/03",3685.00
"Currency","2018/04/02",3688.00
"Currency","2018/03/30",3688.00
"Currency","2018/03/29",3688.00
"Currency","2018/03/28",3680.00
"Currency","2018/03/27",3675.00
"Currency","2018/03/26",3667.00
"Currency","2018/03/23",3668.00
"Currency","2018/03/22",3660.00
"Currency","2018/03/21",3660.00
"Currency","2018/03/20",3661.00
"Currency","2018/03/19",3655.00
"Currency","2018/03/16",3655.00
"Currency","2018/03/15",3655.00
"Currency","2018/03/14",3658.00
"Currency","2018/03/13",3653.00
"Currency","2018/03/12",3644.00
"Currency","2018/03/09",3650.00
"Currency","2018/03/08",3652.00
"Currency","2018/03/07",3652.00
"Currency","2018/03/06",3645.00
"Currency","2018/03/05",3645.00
"Currency","2018/03/02",3638.00
"Currency","2018/03/01",3637.00
"Currency","2018/02/28",3639.00
"Currency","2018/02/27",3639.00
"Currency","2018/02/26",3640.00
"Currency","2018/02/23",3650.00
"Currency","2018/02/22",3650.00
"Currency","2018/02/21",3633.00
"Currency","2018/02/20",3631.00
"Currency","2018/02/19",3623.00
"Currency","2018/02/16",3625.00
"Currency","2018/02/15",3628.00
"Currency","2018/02/14",3628.00
"Currency","2018/02/13",3625.00
"Currency","2018/02/12",3640.00
"Currency","2018/02/09",3630.00
"Currency","2018/02/08",3625.00
"Currency","2018/02/07",3630.00
"Currency","2018/02/06",3628.00
"Currency","2018/02/05",3628.00
"Currency","2018/02/02",3625.00
"Currency","2018/02/01",3615.00
"Currency","2018/01/31",3618.00
"Currency","2018/01/30",3615.00
"Currency","2018/01/29",3628.00
"Currency","2018/01/26",3625.00
"Currency","2018/01/25",3628.00
"Currency","2018/01/24",3625.00
"Currency","2018/01/23",3625.00
"Currency","2018/01/22",3625.00
"Currency","2018/01/19",3624.00
"Currency","2018/01/18",3628.00
"Currency","2018/01/17",3624.37
"Currency","2018/01/16",3633.00
"Currency","2018/01/15",3635.00
"Currency","2018/01/12",3645.00
"Currency","2018/01/11",3647.00
"Currency","2018/01/10",3654.00
"Currency","2018/01/09",3655.00
"Currency","2018/01/08",3653.00
"Currency","2018/01/05",3651.00
"Currency","2018/01/04",3644.00
"Currency","2018/01/03",3635.00
"Currency","2018/01/02",3633.00
"Currency","2017/12/29",3632.00
"Currency","2017/12/28",3624.00
"Currency","2017/12/27",3605.00
"Currency","2017/12/26",3608.00
"Currency","2017/12/22",3612.00
"Currency","2017/12/21",3612.00
"Currency","2017/12/20",3598.00
"Currency","2017/12/19",3600.00
"Currency","2017/12/18",3605.00
"Currency","2017/12/15",3608.00
"Currency","2017/12/14",3608.00
"Currency","2017/12/13",3615.00
"Currency","2017/12/12",3615.00
"Currency","2017/12/11",3614.00
"Currency","2017/12/08",3617.00
"Currency","2017/12/07",3620.00
"Currency","2017/12/06",3619.00
"Currency","2017/12/05",3618.00
"Currency","2017/12/04",3625.93
"Currency","2017/12/01",3630.00
"Currency","2017/11/30",3628.00
"Currency","2017/11/29",3630.00
"Currency","2017/11/28",3634.00
"Currency","2017/11/27",3625.00
"Currency","2017/11/24",3625.00
"Currency","2017/11/23",3625.00
"Currency","2017/11/22",3625.00
"Currency","2017/11/21",3628.00
"Currency","2017/11/20",3628.00
"Currency","2017/11/17",3628.00
"Currency","2017/11/16",3626.00
"Currency","2017/11/15",3630.00
"Currency","2017/11/14",3629.13
"Currency","2017/11/13",3635.00
"Currency","2017/11/10",3648.00
"Currency","2017/11/09",3640.36
"Currency","2017/11/08",3625.00
"Currency","2017/11/07",3640.36
"Currency","2017/11/06",3635.00
"Currency","2017/11/03",3645.00
"Currency","2017/11/02",3650.00
"Currency","2017/11/01",3641.00
"Currency","2017/10/31",3647.00
"Currency","2017/10/30",3644.00
"Currency","2017/10/27",3642.00
"Currency","2017/10/26",3641.00
"Currency","2017/10/25",3647.00
"Currency","2017/10/24",3662.00
"Currency","2017/10/23",3651.00
"Currency","2017/10/20",3644.00
"Currency","2017/10/19",3647.00
"Currency","2017/10/18",3655.00
"Currency","2017/10/17",3655.00
"Currency","2017/10/16",3619.00
"Currency","2017/10/13",3625.00
"Currency","2017/10/12",3629.00
"Currency","2017/10/11",3631.36
"Currency","2017/10/10",3619.00
"Currency","2017/10/09",3597.00
"Currency","2017/10/06",3615.00
"Currency","2017/10/05",3594.00
"Currency","2017/10/04",3597.00
"Currency","2017/10/03",3594.00
"Currency","2017/10/02",3592.00
"Currency","2017/09/29",3598.00
"Currency","2017/09/28",3590.00
"Currency","2017/09/27",3594.00
"Currency","2017/09/26",3590.00
"Currency","2017/09/25",3591.00
"Currency","2017/09/22",3595.00
"Currency","2017/09/21",3597.00
"Currency","2017/09/20",3585.00
"Currency","2017/09/19",3585.00
"Currency","2017/09/18",3587.00
"Currency","2017/09/16",3591.00
"Currency","2017/09/15",3591.00
"Currency","2017/09/14",3592.00
"Currency","2017/09/13",3592.00
"Currency","2017/09/12",3592.00
"Currency","2017/09/11",3585.00
"Currency","2017/09/08",3591.00
"Currency","2017/09/07",3590.00
"Currency","2017/09/06",3592.00
"Currency","2017/09/05",3585.00
"Currency","2017/09/04",3592.00
"Currency","2017/09/01",3593.00
"Currency","2017/08/31",3592.00
"Currency","2017/08/30",3597.00
"Currency","2017/08/29",3600.00
"Currency","2017/08/28",3595.00
"Currency","2017/08/25",3594.40
"Currency","2017/08/24",3594.00
"Currency","2017/08/23",3592.00
"Currency","2017/08/22",3595.00
"Currency","2017/08/21",3595.00
"Currency","2017/08/18",3597.00
"Currency","2017/08/17",3597.00
"Currency","2017/08/16",3597.00
"Currency","2017/08/15",3597.00
"Currency","2017/08/14",3592.00
"Currency","2017/08/11",3595.00
"Currency","2017/08/10",3597.00
"Currency","2017/08/09",3601.00
"Currency","2017/08/08",3602.00
"Currency","2017/08/07",3612.00
"Currency","2017/08/04",3607.00
"Currency","2017/08/03",3612.00
"Currency","2017/08/02",3607.00
"Currency","2017/08/01",3604.00
"Currency","2017/07/31",3605.00
"Currency","2017/07/28",3598.00
"Currency","2017/07/27",3612.00
"Currency","2017/07/26",3595.00
"Currency","2017/07/25",3593.65
"Currency","2017/07/24",3593.65
"Currency","2017/07/21",3595.00
"Currency","2017/07/20",3596.40
"Currency","2017/07/19",3592.00
"Currency","2017/07/18",3592.00
"Currency","2017/07/17",3591.00
"Currency","2017/07/14",3592.00
"Currency","2017/07/13",3592.00
"Currency","2017/07/12",3597.00
"Currency","2017/07/11",3592.00
"Currency","2017/07/10",3595.00
"Currency","2017/07/07",3595.00
"Currency","2017/07/06",3592.00
"Currency","2017/07/05",3592.90
"Currency","2017/07/04",3595.00
"Currency","2017/07/03",3582.00
"Currency","2017/07/01",3592.00
"Currency","2017/06/30",3592.00
"Currency","2017/06/29",3582.90
"Currency","2017/06/28",3574.00
"Currency","2017/06/27",3582.00
"Currency","2017/06/26",3575.00
"Currency","2017/06/24",3582.00
"Currency","2017/06/23",3582.00
"Currency","2017/06/22",3582.00
"Currency","2017/06/21",3575.00
"Currency","2017/06/20",3574.00
"Currency","2017/06/19",3582.00
"Currency","2017/06/17",3582.00
"Currency","2017/06/16",3578.00
"Currency","2017/06/15",3579.00
"Currency","2017/06/14",3587.00
"Currency","2017/06/13",3582.00
"Currency","2017/06/12",3582.00
"Currency","2017/06/09",3582.00
"Currency","2017/06/08",3582.00
"Currency","2017/06/07",3584.00
"Currency","2017/06/06",3585.00
"Currency","2017/06/05",3585.00
"Currency","2017/06/03",3592.00
"Currency","2017/06/02",3592.00
"Currency","2017/06/01",3584.00
"Currency","2017/05/31",3587.00
"Currency","2017/05/30",3597.00
"Currency","2017/05/29",3597.00
"Currency","2017/05/26",3602.00
"Currency","2017/05/25",3599.00
"Currency","2017/05/24",3607.00
"Currency","2017/05/23",3614.00
"Currency","2017/05/22",3612.00
"Currency","2017/05/20",3617.00
"Currency","2017/05/19",3617.00
"Currency","2017/05/18",3612.00
"Currency","2017/05/17",3612.00
"Currency","2017/05/16",3625.00
"Currency","2017/05/15",3630.00
"Currency","2017/05/12",3633.00
"Currency","2017/05/11",3633.00
"Currency","2017/05/10",3630.00
"Currency","2017/05/09",3623.00
"Currency","2017/05/08",3620.38
"Currency","2017/05/05",3622.00
"Currency","2017/05/04",3628.00
"Currency","2017/05/03",3625.00
"Currency","2017/05/02",3640.00
"Currency","2017/05/01",3642.00
"Currency","2017/04/28",3645.00
"Currency","2017/04/27",3638.00
"Currency","2017/04/26",3635.00
"Currency","2017/04/25",3635.00
"Currency","2017/04/24",3618.00
"Currency","2017/04/21",3615.00
"Currency","2017/04/20",3608.00
"Currency","2017/04/19",3602.00
"Currency","2017/04/18",3605.00
"Currency","2017/04/17",3605.00
"Currency","2017/04/14",3609.00
"Currency","2017/04/13",3612.00
"Currency","2017/04/12",3612.00
"Currency","2017/04/11",3612.00
"Currency","2017/04/10",3604.00
"Currency","2017/04/07",3607.00
"Currency","2017/04/06",3611.00
"Currency","2017/04/05",3604.00
"Currency","2017/04/04",3602.78
"Currency","2017/04/03",3604.00
"Currency","2017/03/31",3605.00
"Currency","2017/03/30",3607.00
"Currency","2017/03/29",3600.00
"Currency","2017/03/28",3597.00
"Currency","2017/03/27",3595.00
"Currency","2017/03/24",3582.00
"Currency","2017/03/23",3584.00
"Currency","2017/03/22",3584.00
"Currency","2017/03/21",3595.00
"Currency","2017/03/20",3588.00
"Currency","2017/03/17",3584.00
"Currency","2017/03/16",3582.00
"Currency","2017/03/15",3580.40
"Currency","2017/03/14",3591.00
"Currency","2017/03/13",3584.00
"Currency","2017/03/10",3589.00
"Currency","2017/03/09",3580.10
"Currency","2017/03/08",3585.00
"Currency","2017/03/07",3590.00
"Currency","2017/03/06",3589.00
"Currency","2017/03/04",3592.00
"Currency","2017/03/03",3592.00
"Currency","2017/03/02",3581.00
"Currency","2017/03/01",3584.00
"Currency","2017/02/28",3579.00
"Currency","2017/02/27",3582.00
"Currency","2017/02/24",3572.00
"Currency","2017/02/23",3575.00
"Currency","2017/02/22",3574.00
"Currency","2017/02/21",3581.00
"Currency","2017/02/20",3585.00
"Currency","2017/02/17",3582.00
"Currency","2017/02/16",3575.00
"Currency","2017/02/15",3574.00
"Currency","2017/02/14",3572.00
"Currency","2017/02/13",3573.40
"Currency","2017/02/10",3574.00
"Currency","2017/02/09",3572.00
"Currency","2017/02/08",3574.00
"Currency","2017/02/07",3574.00
"Currency","2017/02/06",3573.90
"Currency","2017/02/03",3572.00
"Currency","2017/02/02",3575.00
"Currency","2017/02/01",3574.00
"Currency","2017/01/31",3575.00
"Currency","2017/01/30",3582.00
"Currency","2017/01/27",3589.00
"Currency","2017/01/26",3580.90
"Currency","2017/01/25",3582.00
"Currency","2017/01/24",3574.00
"Currency","2017/01/23",3587.00
"Currency","2017/01/20",3584.00
"Currency","2017/01/19",3574.00
"Currency","2017/01/18",3592.00
"Currency","2017/01/17",3602.00
"Currency","2017/01/16",3602.00
"Currency","2017/01/13",3597.00
"Currency","2017/01/12",3615.00
"Currency","2017/01/11",3615.00
"Currency","2017/01/10",3622.00
"Currency","2017/01/09",3622.00
"Currency","2017/01/06",3623.00
"Currency","2017/01/05",3617.00
"Currency","2017/01/04",3612.00
"Currency","2017/01/03",3607.00
"Currency","2017/01/02",3602.00
"Currency","2016/12/30",3602.00
"Currency","2016/12/29",3605.00
"Currency","2016/12/28",3595.00
"Currency","2016/12/27",3569.00
"Currency","2016/12/26",3571.00
"Currency","2016/12/23",3572.00
"Currency","2016/12/22",3564.00
"Currency","2016/12/21",3555.00
"Currency","2016/12/20",3562.00
"Currency","2016/12/19",3562.00
"Currency","2016/12/16",3584.00
"Currency","2016/12/15",3602.00
"Currency","2016/12/14",3584.00
"Currency","2016/12/13",3570.00
"Currency","2016/12/12",3564.00
"Currency","2016/12/10",3584.00
"Currency","2016/12/09",3593.00
"Currency","2016/12/08",3620.00
"Currency","2016/12/07",3610.00
"Currency","2016/12/06",3623.00
"Currency","2016/12/05",3619.30
"Currency","2016/12/02",3625.00
"Currency","2016/12/01",3350.00
"Currency","2016/11/30",3625.00
"Currency","2016/11/29",3628.00
"Currency","2016/11/28",3620.00
"Currency","2016/11/25",3620.00
"Currency","2016/11/24",3618.00
"Currency","2016/11/23",3618.00
"Currency","2016/11/22",3605.00
"Currency","2016/11/21",3595.00
"Currency","2016/11/19",3592.00
"Currency","2016/11/18",3592.00
"Currency","2016/11/17",3583.00
"Currency","2016/11/16",3588.00
"Currency","2016/11/15",3548.00
"Currency","2016/11/14",3550.00
"Currency","2016/11/12",3530.00
"Currency","2016/11/11",3530.00
"Currency","2016/11/10",3515.00
"Currency","2016/11/09",3504.00
"Currency","2016/11/08",3498.00
"Currency","2016/11/07",3503.00
"Currency","2016/11/04",3505.00
"Currency","2016/11/03",3477.00
"Currency","2016/11/02",3475.00
"Currency","2016/11/01",3465.00
"Currency","2016/10/31",3460.00
"Currency","2016/10/28",3458.00
"Currency","2016/10/27",3463.00
"Currency","2016/10/26",3458.00
"Currency","2016/10/25",3448.00
"Currency","2016/10/24",3450.00
"Currency","2016/10/21",3437.00
"Currency","2016/10/20",3441.50
"Currency","2016/10/19",3455.00
"Currency","2016/10/18",3455.00
"Currency","2016/10/17",3456.50
"Currency","2016/10/14",3440.00
"Currency","2016/10/13",3420.00
"Currency","2016/10/12",3425.00
"Currency","2016/10/11",3421.50
"Currency","2016/10/10",3410.50
"Currency","2016/10/07",3412.50
"Currency","2016/10/06",3405.00
"Currency","2016/10/05",3398.00
"Currency","2016/10/04",3393.00
"Currency","2016/10/03",3393.00
"Currency","2016/10/01",3384.00
"Currency","2016/09/30",3390.00
"Currency","2016/09/29",3383.00
"Currency","2016/09/28",3385.00
"Currency","2016/09/27",3385.00
"Currency","2016/09/26",3387.00
"Currency","2016/09/24",3378.00
"Currency","2016/09/23",3383.00
"Currency","2016/09/22",3385.00
"Currency","2016/09/21",3382.00
"Currency","2016/09/20",3385.00
"Currency","2016/09/19",3375.00
"Currency","2016/09/17",3370.00
"Currency","2016/09/16",3385.00
"Currency","2016/09/15",3385.00
"Currency","2016/09/14",3379.00
"Currency","2016/09/13",3385.00
"Currency","2016/09/12",3385.00
"Currency","2016/09/10",3377.00
"Currency","2016/09/09",3385.00
"Currency","2016/09/08",3385.00
"Currency","2016/09/07",3385.00
"Currency","2016/09/06",3385.00
"Currency","2016/09/05",3377.00
"Currency","2016/09/03",3367.00
"Currency","2016/09/02",3367.00
"Currency","2016/09/01",3368.00
"Currency","2016/08/31",3370.00
"Currency","2016/08/30",3365.00
"Currency","2016/08/29",3368.00
"Currency","2016/08/26",3368.00
"Currency","2016/08/25",3368.00
"Currency","2016/08/24",3375.00
"Currency","2016/08/23",3368.50
"Currency","2016/08/22",3367.41
"Currency","2016/08/19",3370.00
"Currency","2016/08/18",3370.00
"Currency","2016/08/17",3375.00
"Currency","2016/08/16",3378.00
"Currency","2016/08/15",3378.00
"Currency","2016/08/12",3373.00
"Currency","2016/08/11",3378.00
"Currency","2016/08/10",3375.00
"Currency","2016/08/09",3370.00
"Currency","2016/08/08",3380.00
"Currency","2016/08/05",3372.00
"Currency","2016/08/04",3367.00
"Currency","2016/08/03",3387.00
"Currency","2016/08/02",3387.00
"Currency","2016/08/01",3376.00
"Currency","2016/07/29",3376.00
"Currency","2016/07/28",3380.00
"Currency","2016/07/27",3380.00
"Currency","2016/07/26",3380.00
"Currency","2016/07/25",3368.00
"Currency","2016/07/22",3377.48
"Currency","2016/07/21",3368.00
"Currency","2016/07/20",3367.00
"Currency","2016/07/19",3368.00
"Currency","2016/07/18",3360.00
"Currency","2016/07/15",3372.00
"Currency","2016/07/14",3375.00
"Currency","2016/07/13",3372.00
"Currency","2016/07/12",3385.00
"Currency","2016/07/11",3385.00
"Currency","2016/07/08",3382.50
"Currency","2016/07/07",3395.00
"Currency","2016/07/06",3392.00
"Currency","2016/07/05",3392.00
"Currency","2016/07/04",3410.00
"Currency","2016/07/01",3395.00
"Currency","2016/06/30",3410.00
"Currency","2016/06/29",3410.00
"Currency","2016/06/28",3411.00
"Currency","2016/06/27",3432.00
"Currency","2016/06/24",3405.00
"Currency","2016/06/23",3360.00
"Currency","2016/06/22",3360.00
"Currency","2016/06/21",3360.00
"Currency","2016/06/20",3355.00
"Currency","2016/06/17",3350.00
"Currency","2016/06/16",3355.00
"Currency","2016/06/15",3355.00
"Currency","2016/06/14",3355.00
"Currency","2016/06/13",3355.00
"Currency","2016/06/10",3348.00
"Currency","2016/06/09",3348.00
"Currency","2016/06/08",3348.00
"Currency","2016/06/07",3370.00
"Currency","2016/06/06",3370.00
"Currency","2016/06/03",3364.60
"Currency","2016/06/02",3360.00
"Currency","2016/06/01",3360.00
"Currency","2016/05/31",3360.00
"Currency","2016/05/30",3365.00
"Currency","2016/05/27",3365.00
"Currency","2016/05/26",3367.00
"Currency","2016/05/25",3385.00
"Currency","2016/05/24",3393.00
"Currency","2016/05/23",3371.49
"Currency","2016/05/20",3365.00
"Currency","2016/05/19",3355.00
"Currency","2016/05/18",3353.00
"Currency","2016/05/17",3343.00
"Currency","2016/05/16",3325.00
"Currency","2016/05/13",3323.75
"Currency","2016/05/12",3323.00
"Currency","2016/05/11",3315.00
"Currency","2016/05/10",3315.00
"Currency","2016/05/09",3328.00
"Currency","2016/05/06",3333.00
"Currency","2016/05/05",3335.00
"Currency","2016/05/04",3325.00
"Currency","2016/05/03",3325.00
"Currency","2016/05/02",3317.00
"Currency","2016/04/30",3318.51
"Currency","2016/04/29",3318.51
"Currency","2016/04/28",3332.00
"Currency","2016/04/27",3343.20
"Currency","2016/04/26",3350.00
"Currency","2016/04/25",3330.00
"Currency","2016/04/23",3307.80
"Currency","2016/04/22",3309.00
"Currency","2016/04/21",3305.00
"Currency","2016/04/20",3321.00
"Currency","2016/04/19",3331.00
"Currency","2016/04/18",3333.00
"Currency","2016/04/16",3337.90
"Currency","2016/04/15",3337.90
"Currency","2016/04/14",3343.00
"Currency","2016/04/13",3342.00
"Currency","2016/04/12",3345.00
"Currency","2016/04/11",3342.00
"Currency","2016/04/09",3347.00
"Currency","2016/04/08",3347.00
"Currency","2016/04/07",3359.00
"Currency","2016/04/06",3360.00
"Currency","2016/04/05",3363.00
"Currency","2016/04/04",3367.00
"Currency","2016/04/01",3370.00
"Currency","2016/03/31",3370.00
"Currency","2016/03/30",3372.00
"Currency","2016/03/29",3367.00
"Currency","2016/03/28",3352.00
"Currency","2016/03/25",3370.00
"Currency","2016/03/24",3370.00
"Currency","2016/03/23",3375.00
"Currency","2016/03/22",3370.00
"Currency","2016/03/21",3372.00
"Currency","2016/03/18",3372.00
"Currency","2016/03/17",3373.00
"Currency","2016/03/16",3363.00
"Currency","2016/03/15",3360.00
"Currency","2016/03/14",3357.00
"Currency","2016/03/13",3355.00
"Currency","2016/03/11",3355.00
"Currency","2016/03/10",3360.00
"Currency","2016/03/09",3362.00
"Currency","2016/03/08",3363.00
"Currency","2016/03/07",3370.00
"Currency","2016/03/06",3373.00
"Currency","2016/03/04",3373.00
"Currency","2016/03/03",3368.00
"Currency","2016/03/02",3342.00
"Currency","2016/03/01",3340.00
"Currency","2016/02/29",3344.00
"Currency","2016/02/28",3353.00
"Currency","2016/02/26",3353.00
"Currency","2016/02/25",3363.00
"Currency","2016/02/24",3400.00
"Currency","2016/02/23",3403.00
"Currency","2016/02/22",3433.00
"Currency","2016/02/19",3433.00
"Currency","2016/02/18",3425.00
"Currency","2016/02/17",3423.00
"Currency","2016/02/16",3413.00
"Currency","2016/02/15",3410.00
"Currency","2016/02/12",3413.00
"Currency","2016/02/11",3453.00
"Currency","2016/02/10",3458.00
"Currency","2016/02/09",3460.00
"Currency","2016/02/08",3433.00
"Currency","2016/02/05",3420.00
"Currency","2016/02/04",3460.00
"Currency","2016/02/03",3463.00
"Currency","2016/02/02",3473.00
"Currency","2016/02/01",3472.00
"Currency","2016/01/29",3472.00
"Currency","2016/01/28",3473.00
"Currency","2016/01/27",3475.00
"Currency","2016/01/26",3470.00
"Currency","2016/01/25",3473.00
"Currency","2016/01/22",3467.00
"Currency","2016/01/21",3465.00
"Currency","2016/01/20",3465.00
"Currency","2016/01/19",3473.00
"Currency","2016/01/18",3470.00
"Currency","2016/01/15",3473.00
"Currency","2016/01/14",3483.00
"Currency","2016/01/13",3473.00
"Currency","2016/01/12",3445.00
"Currency","2016/01/11",3425.00
"Currency","2016/01/10",3413.00
"Currency","2016/01/08",3413.00
"Currency","2016/01/07",3400.00
"Currency","2016/01/06",3385.00
"Currency","2016/01/05",3405.00
"Currency","2016/01/04",3400.00
"Currency","2016/01/03",3372.00
"Currency","2016/01/01",3372.00
"Currency","2015/12/31",3372.00
"Currency","2015/12/30",3380.00
"Currency","2015/12/29",3390.00
"Currency","2015/12/28",3375.00
"Currency","2015/12/25",3350.00
"Currency","2015/12/24",3350.00
"Currency","2015/12/23",3355.00
"Currency","2015/12/22",3332.00
"Currency","2015/12/21",3330.00
"Currency","2015/12/18",3390.00
"Currency","2015/12/17",3390.00
"Currency","2015/12/16",3390.00
"Currency","2015/12/15",3410.00
"Currency","2015/12/14",3463.00
"Currency","2015/12/11",3392.50
"Currency","2015/12/10",3380.00
"Currency","2015/12/09",3310.00
"Currency","2015/12/08",3320.00
"Currency","2015/12/07",3313.00
"Currency","2015/12/04",3310.00
"Currency","2015/12/03",3313.00
"Currency","2015/12/02",3335.00
"Currency","2015/12/01",3350.00
"Currency","2015/11/30",3350.00
"Currency","2015/11/28",3360.00
"Currency","2015/11/27",3350.00
"Currency","2015/11/26",3365.00
"Currency","2015/11/25",3365.00
"Currency","2015/11/24",3385.00
"Currency","2015/11/23",3385.00
"Currency","2015/11/20",3370.00
"Currency","2015/11/19",3370.00
"Currency","2015/11/18",3355.00
"Currency","2015/11/17",3415.00
"Currency","2015/11/16",3470.00
"Currency","2015/11/13",3470.00
"Currency","2015/11/12",3520.00
"Currency","2015/11/11",3505.00
"Currency","2015/11/10",3490.00
"Currency","2015/11/09",3430.65
"Currency","2015/11/08",3390.00
"Currency","2015/11/06",3390.00
"Currency","2015/11/05",3420.00
"Currency","2015/11/04",3465.00
"Currency","2015/11/03",3550.00
"Currency","2015/11/02",3540.00
"Currency","2015/11/01",3553.00
"Currency","2015/10/30",3553.00
"Currency","2015/10/29",3555.00
"Currency","2015/10/28",3535.00
"Currency","2015/10/27",3535.00
"Currency","2015/10/26",3625.00
"Currency","2015/10/25",3573.00
"Currency","2015/10/23",3581.50
"Currency","2015/10/22",3625.00
"Currency","2015/10/21",3625.00
"Currency","2015/10/20",3624.50
"Currency","2015/10/19",3635.00
"Currency","2015/10/18",3650.00
"Currency","2015/10/16",3670.00
"Currency","2015/10/15",3672.00
"Currency","2015/10/14",3673.00
"Currency","2015/10/13",3685.00
"Currency","2015/10/12",3675.00
"Currency","2015/10/09",3685.00
"Currency","2015/10/08",3685.00
"Currency","2015/10/07",3683.00
"Currency","2015/10/06",3683.00
"Currency","2015/10/05",3683.00
"Currency","2015/10/04",3683.00
"Currency","2015/10/02",3683.00
"Currency","2015/10/01",3693.00
"Currency","2015/09/30",3692.00
"Currency","2015/09/29",3685.00
"Currency","2015/09/28",3665.00
"Currency","2015/09/27",3660.00
"Currency","2015/09/26",3660.00
"Currency","2015/09/25",3660.00
"Currency","2015/09/24",3660.00
"Currency","2015/09/23",3653.00
"Currency","2015/09/22",3650.00
"Currency","2015/09/21",3650.00
"Currency","2015/09/20",3650.00
"Currency","2015/09/18",3650.00
"Currency","2015/09/17",3653.00
"Currency","2015/09/16",3650.00
"Currency","2015/09/15",3660.00
"Currency","2015/09/14",3668.00
"Currency","2015/09/13",3665.00
"Currency","2015/09/11",3665.00
"Currency","2015/09/10",3660.00
"Currency","2015/09/09",3660.00
"Currency","2015/09/08",3660.00
"Currency","2015/09/07",3663.00
"Currency","2015/09/06",3665.00
"Currency","2015/09/04",3665.00
"Currency","2015/09/03",3670.00
"Currency","2015/09/02",3670.00
"Currency","2015/09/01",3673.00
"Currency","2015/08/31",3663.00
"Currency","2015/08/30",3630.00
"Currency","2015/08/28",3630.00
"Currency","2015/08/27",3570.00
"Currency","2015/08/26",3545.00
"Currency","2015/08/25",3452.00
"Currency","2015/08/24",3643.00
"Currency","2015/08/21",3593.00
"Currency","2015/08/20",3570.00
"Currency","2015/08/19",3557.00
"Currency","2015/08/18",3550.00
"Currency","2015/08/17",3535.00
"Currency","2015/08/14",3535.00
"Currency","2015/08/13",3545.00
"Currency","2015/08/12",3535.00
"Currency","2015/08/11",3540.00
"Currency","2015/08/10",3535.00
"Currency","2015/08/07",3525.00
"Currency","2015/08/06",3513.00
"Currency","2015/08/05",3500.00
"Currency","2015/08/04",3475.00
"Currency","2015/08/03",3450.00
"Currency","2015/07/31",3425.00
"Currency","2015/07/30",3410.00
"Currency","2015/07/29",3405.00
"Currency","2015/07/28",3405.00
"Currency","2015/07/27",3370.00
"Currency","2015/07/24",3345.00
"Currency","2015/07/23",3323.00
"Currency","2015/07/22",3290.00
"Currency","2015/07/21",3293.00
"Currency","2015/07/20",3315.00
"Currency","2015/07/17",3320.00
"Currency","2015/07/16",3323.00
"Currency","2015/07/15",3323.00
"Currency","2015/07/14",3315.00
"Currency","2015/07/13",3270.00
"Currency","2015/07/12",3240.00
"Currency","2015/07/10",3240.00
"Currency","2015/07/09",3460.00
"Currency","2015/07/08",3575.00
"Currency","2015/07/07",3475.00
"Currency","2015/07/06",3435.00
"Currency","2015/07/04",3433.00
"Currency","2015/07/03",3370.00
"Currency","2015/07/02",3315.00
"Currency","2015/07/01",3300.00
"Currency","2015/06/30",3303.00
"Currency","2015/06/29",3290.00
"Currency","2015/06/26",3240.00
"Currency","2015/06/25",3273.00
"Currency","2015/06/24",3287.00
"Currency","2015/06/23",3310.00
"Currency","2015/06/22",3293.00
"Currency","2015/06/19",3283.00
"Currency","2015/06/18",3280.00
"Currency","2015/06/17",3230.00
"Currency","2015/06/16",3183.00
"Currency","2015/06/15",3183.00
"Currency","2015/06/12",3165.00
"Currency","2015/06/11",3160.00
"Currency","2015/06/10",3123.00
"Currency","2015/06/09",3105.00
"Currency","2015/06/08",3110.00
"Currency","2015/06/05",3083.00
"Currency","2015/06/04",3075.00
"Currency","2015/06/03",3085.00
"Currency","2015/06/02",3084.50
"Currency","2015/06/01",3070.00
"Currency","2015/05/29",3055.00
"Currency","2015/05/28",3050.00
"Currency","2015/05/27",3035.00
"Currency","2015/05/26",3030.00
"Currency","2015/05/25",3000.00
"Currency","2015/05/22",3000.00
"Currency","2015/05/21",3000.00
"Currency","2015/05/20",2985.00
"Currency","2015/05/19",3000.00
"Currency","2015/05/18",2995.00
"Currency","2015/05/15",2993.00
"Currency","2015/05/14",2995.00
"Currency","2015/05/13",2990.00
"Currency","2015/05/12",2993.00
"Currency","2015/05/11",3000.00
"Currency","2015/05/08",3005.00
"Currency","2015/05/07",3005.00
"Currency","2015/05/06",3000.00
"Currency","2015/05/05",2995.00
"Currency","2015/05/04",3002.00
"Currency","2015/05/01",2995.00
"Currency","2015/04/30",2995.00
"Currency","2015/04/29",2990.00
"Currency","2015/04/28",3000.00
"Currency","2015/04/27",3002.00
"Currency","2015/04/24",3000.00
"Currency","2015/04/23",2995.00
"Currency","2015/04/22",3007.00
"Currency","2015/04/21",3005.00
"Currency","2015/04/20",3003.00
"Currency","2015/04/17",2997.00
"Currency","2015/04/16",3000.00
"Currency","2015/04/15",3005.00
"Currency","2015/04/14",3007.00
"Currency","2015/04/13",2985.00
"Currency","2015/04/10",2975.00
"Currency","2015/04/09",2973.00
"Currency","2015/04/08",2973.00
"Currency","2015/04/07",2990.00
"Currency","2015/04/06",3000.00
"Currency","2015/04/03",3000.00
"Currency","2015/04/02",3000.00
"Currency","2015/04/01",2990.00
"Currency","2015/03/31",2985.00
"Currency","2015/03/30",2965.00
"Currency","2015/03/27",2970.00
"Currency","2015/03/26",2970.00
"Currency","2015/03/25",2975.00
"Currency","2015/03/24",2975.00
"Currency","2015/03/23",2960.00
"Currency","2015/03/20",2940.00
"Currency","2015/03/19",2905.00
"Currency","2015/03/18",2890.00
"Currency","2015/03/17",2900.00
"Currency","2015/03/16",2920.00
"Currency","2015/03/13",2915.00
"Currency","2015/03/12",2935.00
"Currency","2015/03/11",3050.00
"Currency","2015/03/10",3010.00
"Currency","2015/03/09",2975.00
"Currency","2015/03/06",2960.00
"Currency","2015/03/05",2945.00
"Currency","2015/03/04",2930.00
"Currency","2015/03/03",2910.00
"Currency","2015/03/02",2895.00
"Currency","2015/02/27",2890.00
"Currency","2015/02/26",2894.00
"Currency","2015/02/25",2880.00
"Currency","2015/02/24",2880.00
"Currency","2015/02/23",2875.00
"Currency","2015/02/20",2870.00
"Currency","2015/02/19",2860.00
"Currency","2015/02/18",2865.00
"Currency","2015/02/17",2860.00
"Currency","2015/02/16",2860.00
"Currency","2015/02/13",2870.00
"Currency","2015/02/12",2875.00
"Currency","2015/02/11",2870.00
"Currency","2015/02/10",2865.00
"Currency","2015/02/09",2863.00
"Currency","2015/02/06",2865.00
"Currency","2015/02/05",2870.00
"Currency","2015/02/04",2860.00
"Currency","2015/02/03",2860.00
"Currency","2015/02/02",2865.00
"Currency","2015/01/30",2855.00
"Currency","2015/01/29",2860.00
"Currency","2015/01/28",2855.00
"Currency","2015/01/27",2845.00
"Currency","2015/01/26",2860.00
"Currency","2015/01/23",2855.00
"Currency","2015/01/22",2882.00
"Currency","2015/01/21",2903.00
"Currency","2015/01/20",2900.00
"Currency","2015/01/19",2895.00
"Currency","2015/01/16",2885.00
"Currency","2015/01/15",2890.00
"Currency","2015/01/14",2890.00
"Currency","2015/01/13",2870.00
"Currency","2015/01/12",2865.00
"Currency","2015/01/09",2860.00
"Currency","2015/01/08",2853.00
"Currency","2015/01/07",2835.00
"Currency","2015/01/06",2810.00
"Currency","2015/01/05",2800.00
"Currency","2015/01/02",2784.00
"Currency","2015/01/01",2765.00
"Currency","2014/12/31",2765.00
"Currency","2014/12/30",2765.00
"Currency","2014/12/29",2770.00
"Currency","2014/12/26",2755.00
"Currency","2014/12/25",2755.00
"Currency","2014/12/24",2755.00
"Currency","2014/12/23",2755.00
"Currency","2014/12/22",2760.00
"Currency","2014/12/19",2775.00
"Currency","2014/12/18",2780.00
"Currency","2014/12/17",2775.00
"Currency","2014/12/16",2785.00
"Currency","2014/12/15",2775.00
"Currency","2014/12/12",2770.00
"Currency","2014/12/11",2765.00
"Currency","2014/12/10",2750.00
"Currency","2014/12/09",2763.00
"Currency","2014/12/08",2760.00
"Currency","2014/12/05",2760.00
"Currency","2014/12/04",2750.00
"Currency","2014/12/03",2755.00
"Currency","2014/12/02",2760.00
"Currency","2014/12/01",2765.00
"Currency","2014/11/28",2775.00
"Currency","2014/11/27",2775.00
"Currency","2014/11/26",2775.00
"Currency","2014/11/25",2745.00
"Currency","2014/11/24",2750.00
"Currency","2014/11/23",2750.00
"Currency","2014/11/22",2750.00
"Currency","2014/11/21",2750.00
"Currency","2014/11/20",2745.00
"Currency","2014/11/19",2745.00
"Currency","2014/11/18",2735.00
"Currency","2014/11/17",2730.00
"Currency","2014/11/16",2740.00
"Currency","2014/11/15",2740.00
"Currency","2014/11/14",2735.00
"Currency","2014/11/13",2750.00
"Currency","2014/11/12",2735.00
"Currency","2014/11/11",2717.00
"Currency","2014/11/10",2715.00
"Currency","2014/11/09",2710.00
"Currency","2014/11/08",2710.00
"Currency","2014/11/07",2710.00
"Currency","2014/11/06",2695.00
"Currency","2014/11/05",2700.00
"Currency","2014/11/04",2695.00
"Currency","2014/11/03",2705.00
"Currency","2014/11/02",2705.00
"Currency","2014/11/01",2705.00
"Currency","2014/10/31",2705.00
"Currency","2014/10/30",2700.00
"Currency","2014/10/29",2710.00
"Currency","2014/10/28",2710.00
"Currency","2014/10/27",2710.50
"Currency","2014/10/26",2665.00
"Currency","2014/10/25",2700.00
"Currency","2014/10/24",2700.00
"Currency","2014/10/23",2705.00
"Currency","2014/10/22",2710.00
"Currency","2014/10/21",2675.00
"Currency","2014/10/20",2675.00
"Currency","2014/10/19",2675.00
"Currency","2014/10/18",2675.00
"Currency","2014/10/17",2678.00
"Currency","2014/10/16",2675.00
"Currency","2014/10/15",2680.00
"Currency","2014/10/14",2685.00
"Currency","2014/10/13",2675.00
"Currency","2014/10/12",2665.00
"Currency","2014/10/11",2665.00
"Currency","2014/10/10",2665.00
"Currency","2014/10/09",2655.00
"Currency","2014/10/08",2660.00
"Currency","2014/10/07",2645.00
"Currency","2014/10/06",2645.00
"Currency","2014/10/05",2649.00
"Currency","2014/10/04",2649.00
"Currency","2014/10/03",2647.00
"Currency","2014/10/02",2640.00
"Currency","2014/10/01",2645.00
"Currency","2014/09/30",2650.00
"Currency","2014/09/29",2640.00
"Currency","2014/09/28",2645.00
"Currency","2014/09/27",2645.00
"Currency","2014/09/26",2648.00
"Currency","2014/09/25",2633.00
"Currency","2014/09/24",2630.00
"Currency","2014/09/23",2620.00
"Currency","2014/09/22",2620.00
"Currency","2014/09/21",2627.00
"Currency","2014/09/20",2627.00
"Currency","2014/09/19",2627.00
"Currency","2014/09/18",2613.00
"Currency","2014/09/17",2613.00
"Currency","2014/09/16",2615.00
"Currency","2014/09/15",2605.00
"Currency","2014/09/14",2605.00
"Currency","2014/09/13",2605.00
"Currency","2014/09/12",2610.00
"Currency","2014/09/11",2605.00
"Currency","2014/09/10",2610.00
"Currency","2014/09/09",2600.00
"Currency","2014/09/08",2608.00
"Currency","2014/09/05",2605.00
"Currency","2014/09/04",2605.00
"Currency","2014/09/03",2605.00
"Currency","2014/09/02",2603.00
"Currency","2014/09/01",2607.00
"Currency","2014/08/29",2605.00
"Currency","2014/08/28",2620.00
"Currency","2014/08/27",2610.00
"Currency","2014/08/26",2605.00
"Currency","2014/08/25",2600.00
"Currency","2014/08/24",2593.00
"Currency","2014/08/23",2593.00
"Currency","2014/08/22",2593.00
"Currency","2014/08/21",2600.00
"Currency","2014/08/20",2600.00
"Currency","2014/08/19",2615.00
"Currency","2014/08/18",2600.00
"Currency","2014/08/17",2605.00
"Currency","2014/08/16",2605.00
"Currency","2014/08/15",2605.00
"Currency","2014/08/14",2615.00
"Currency","2014/08/13",2610.00
"Currency","2014/08/12",2615.00
"Currency","2014/08/11",2617.00
"Currency","2014/08/10",2615.00
"Currency","2014/08/09",2615.00
"Currency","2014/08/08",2615.00
"Currency","2014/08/07",2625.00
"Currency","2014/08/06",2615.00
"Currency","2014/08/05",2617.00
"Currency","2014/08/04",2612.00
"Currency","2014/08/03",2613.00
"Currency","2014/08/02",2613.00
"Currency","2014/08/01",2613.00
"Currency","2014/07/31",2620.00
"Currency","2014/07/30",2617.00
"Currency","2014/07/29",2625.00
"Currency","2014/07/28",2627.00
"Currency","2014/07/27",2630.00
"Currency","2014/07/26",2630.00
"Currency","2014/07/25",2630.00
"Currency","2014/07/24",2625.00
"Currency","2014/07/23",2630.00
"Currency","2014/07/22",2630.00
"Currency","2014/07/21",2635.00
"Currency","2014/07/19",2615.00
"Currency","2014/07/18",2615.00
"Currency","2014/07/17",2610.00
"Currency","2014/07/16",2627.00
"Currency","2014/07/15",2635.00
"Currency","2014/07/14",2650.00
"Currency","2014/07/13",2665.00
"Currency","2014/07/12",2665.00
"Currency","2014/07/11",2668.00
"Currency","2014/07/10",2670.00
"Currency","2014/07/09",2657.00
"Currency","2014/07/08",2645.00
"Currency","2014/07/07",2637.00
"Currency","2014/07/06",2627.00
"Currency","2014/07/05",2627.00
"Currency","2014/07/04",2638.00
"Currency","2014/07/03",2627.00
"Currency","2014/07/02",2617.00
"Currency","2014/07/01",2610.00
"Currency","2014/06/30",2600.00
"Currency","2014/06/29",2598.00
"Currency","2014/06/28",2598.00
"Currency","2014/06/27",2598.00
"Currency","2014/06/26",2598.00
"Currency","2014/06/25",2603.00
"Currency","2014/06/24",2608.00
"Currency","2014/06/23",2610.00
"Currency","2014/06/22",2593.00
"Currency","2014/06/21",2593.00
"Currency","2014/06/20",2592.00
"Currency","2014/06/19",2575.00
"Currency","2014/06/18",2578.00
"Currency","2014/06/17",2588.00
"Currency","2014/06/16",2573.00
"Currency","2014/06/15",2570.00
"Currency","2014/06/14",2570.00
"Currency","2014/06/13",2570.00
"Currency","2014/06/12",2560.00
"Currency","2014/06/11",2555.00
"Currency","2014/06/10",2563.00
"Currency","2014/06/09",2560.00
"Currency","2014/06/08",2555.00
"Currency","2014/06/07",2555.00
"Currency","2014/06/06",2560.00
"Currency","2014/06/05",2570.00
"Currency","2014/06/04",2565.00
"Currency","2014/06/03",2550.00
"Currency","2014/06/02",2557.00
"Currency","2014/06/01",2558.00
"Currency","2014/05/31",2558.00
"Currency","2014/05/30",2558.00
"Currency","2014/05/29",2555.00
"Currency","2014/05/28",2543.00
"Currency","2014/05/27",2535.00
"Currency","2014/05/26",2530.00
"Currency","2014/05/24",2537.00
"Currency","2014/05/23",2537.00
"Currency","2014/05/22",2528.00
"Currency","2014/05/21",2527.00
"Currency","2014/05/20",2538.00
"Currency","2014/05/19",2540.00
"Currency","2014/05/18",2535.00
"Currency","2014/05/17",2535.00
"Currency","2014/05/16",2535.00
"Currency","2014/05/15",2530.00
"Currency","2014/05/14",2545.00
"Currency","2014/05/13",2517.00
"Currency","2014/05/12",2521.00
"Currency","2014/05/11",2525.00
"Currency","2014/05/10",2525.00
"Currency","2014/05/09",2525.00
"Currency","2014/05/08",2518.00
"Currency","2014/05/07",2517.00
"Currency","2014/05/06",2517.00
"Currency","2014/05/05",2523.00
"Currency","2014/05/04",2525.00
"Currency","2014/05/03",2525.00
"Currency","2014/05/02",2527.00
"Currency","2014/05/01",2513.00
"Currency","2014/04/30",2523.50
"Currency","2014/04/29",2520.00
"Currency","2014/04/28",2517.00
"Currency","2014/04/27",2510.00
"Currency","2014/04/26",2510.00
"Currency","2014/04/25",2510.00
"Currency","2014/04/24",2510.00
"Currency","2014/04/23",2515.00
"Currency","2014/04/22",2510.00
"Currency","2014/04/21",2505.00
"Currency","2014/04/20",2510.00
"Currency","2014/04/19",2510.00
"Currency","2014/04/18",2510.00
"Currency","2014/04/17",2510.00
"Currency","2014/04/16",2510.00
"Currency","2014/04/15",2515.00
"Currency","2014/04/14",2527.00
"Currency","2014/04/13",2515.00
"Currency","2014/04/12",2515.00
"Currency","2014/04/11",2515.00
"Currency","2014/04/10",2520.00
"Currency","2014/04/09",2527.00
"Currency","2014/04/08",2547.00
"Currency","2014/04/07",2560.00
"Currency","2014/04/06",2563.00
"Currency","2014/04/05",2563.00
"Currency","2014/04/04",2563.00
"Currency","2014/04/03",2558.00
"Currency","2014/04/02",2545.00
"Currency","2014/04/01",2545.00
"Currency","2014/03/31",2548.00
"Currency","2014/03/30",2547.00
"Currency","2014/03/29",2550.00
"Currency","2014/03/28",2550.00
"Currency","2014/03/27",2547.00
"Currency","2014/03/26",2563.00
"Currency","2014/03/25",2563.00
"Currency","2014/03/24",2573.00
"Currency","2014/03/23",2555.00
"Currency","2014/03/22",2555.00
"Currency","2014/03/21",2555.00
"Currency","2014/03/20",2545.00
"Currency","2014/03/19",2533.00
"Currency","2014/03/18",2527.00
"Currency","2014/03/17",2523.00
"Currency","2014/03/16",2525.00
"Currency","2014/03/15",2525.00
"Currency","2014/03/14",2520.00
"Currency","2014/03/13",2513.00
"Currency","2014/03/12",2517.00
"Currency","2014/03/11",2517.00
"Currency","2014/03/10",2517.00
"Currency","2014/03/09",2515.00
"Currency","2014/03/08",2515.00
"Currency","2014/03/07",2515.00
"Currency","2014/03/06",2513.00
"Currency","2014/03/05",2513.00
"Currency","2014/03/04",2515.00
"Currency","2014/03/03",2530.00
"Currency","2014/03/02",2535.00
"Currency","2014/03/01",2535.00
"Currency","2014/02/28",2535.00
"Currency","2014/02/27",2515.00
"Currency","2014/02/26",2513.00
"Currency","2014/02/25",2460.00
"Currency","2014/02/24",2455.00
"Currency","2014/02/23",2462.00
"Currency","2014/02/22",2462.00
"Currency","2014/02/21",2460.00
"Currency","2014/02/20",2453.00
"Currency","2014/02/19",2453.00
"Currency","2014/02/18",2453.00
"Currency","2014/02/17",2458.50
"Currency","2014/02/16",2465.00
"Currency","2014/02/15",2465.00
"Currency","2014/02/14",2465.00
"Currency","2014/02/13",2460.00
"Currency","2014/02/12",2467.00
"Currency","2014/02/11",2465.00
"Currency","2014/02/10",2470.00
"Currency","2014/02/09",2465.00
"Currency","2014/02/08",2465.00
"Currency","2014/02/07",2467.00
"Currency","2014/02/06",2465.00
"Currency","2014/02/05",2470.00
"Currency","2014/02/04",2477.00
"Currency","2014/02/03",2470.00
"Currency","2014/02/02",2475.00
"Currency","2014/02/01",2475.00
"Currency","2014/01/31",2475.00
"Currency","2014/01/30",2473.00
"Currency","2014/01/29",2477.00
"Currency","2014/01/28",2482.00
"Currency","2014/01/25",2475.00
"Currency","2014/01/24",2475.00
"Currency","2014/01/23",2472.00
"Currency","2014/01/22",2473.00
"Currency","2014/01/21",2482.00
"Currency","2014/01/20",2495.00
"Currency","2014/01/19",2495.00
"Currency","2014/01/18",2495.00
"Currency","2014/01/17",2495.00
"Currency","2014/01/16",2497.00
"Currency","2014/01/15",2510.00
"Currency","2014/01/14",2510.00
"Currency","2014/01/13",2513.00
"Currency","2014/01/12",2513.00
"Currency","2014/01/11",2513.00
"Currency","2014/01/10",2513.00
"Currency","2014/01/09",2515.00
"Currency","2014/01/08",2515.00
"Currency","2014/01/07",2520.00
"Currency","2014/01/06",2521.50
"Currency","2014/01/05",2522.00
"Currency","2014/01/04",2522.00
"Currency","2014/01/03",2522.00
"Currency","2014/01/02",2525.00
"Currency","2014/01/01",2525.00
"Currency","2013/12/31",2525.00
"Currency","2013/12/30",2525.00
"Currency","2013/12/29",2500.00
"Currency","2013/12/28",2500.00
"Currency","2013/12/27",2500.00
"Currency","2013/12/26",2503.00
"Currency","2013/12/25",2505.00
"Currency","2013/12/24",2505.00
"Currency","2013/12/23",2505.00
"Currency","2013/12/22",2505.00
"Currency","2013/12/21",2505.00
"Currency","2013/12/20",2505.00
"Currency","2013/12/19",2505.00
"Currency","2013/12/18",2495.00
"Currency","2013/12/17",2495.00
"Currency","2013/12/16",2505.00
"Currency","2013/12/15",2507.00
"Currency","2013/12/14",2507.00
"Currency","2013/12/13",2507.00
"Currency","2013/12/12",2504.30
"Currency","2013/12/11",2510.00
"Currency","2013/12/10",2519.00
"Currency","2013/12/09",2522.30
"Currency","2013/12/08",2525.00
"Currency","2013/12/07",2525.00
"Currency","2013/12/06",2525.00
"Currency","2013/12/05",2525.00
"Currency","2013/12/04",2523.00
"Currency","2013/12/03",2528.00
"Currency","2013/12/02",2525.00
"Currency","2013/12/01",2525.00
"Currency","2013/11/30",2525.50
"Currency","2013/11/29",2525.00
"Currency","2013/11/28",2523.30
"Currency","2013/11/27",2520.00
"Currency","2013/11/26",2526.70
"Currency","2013/11/25",2537.00
"Currency","2013/11/24",2537.00
"Currency","2013/11/23",2539.00
"Currency","2013/11/22",2539.00
"Currency","2013/11/21",2530.00
"Currency","2013/11/20",2529.00
"Currency","2013/11/19",2525.00
"Currency","2013/11/18",2510.00
"Currency","2013/11/17",2513.00
"Currency","2013/11/16",2516.50
"Currency","2013/11/15",2513.00
"Currency","2013/11/14",2515.00
"Currency","2013/11/13",2520.00
"Currency","2013/11/12",2520.00
"Currency","2013/11/11",2517.00
"Currency","2013/11/10",2515.00
"Currency","2013/11/09",2519.00
"Currency","2013/11/08",2515.00
"Currency","2013/11/07",2519.70
"Currency","2013/11/06",2517.00
"Currency","2013/11/05",2513.00
"Currency","2013/11/04",2520.00
"Currency","2013/11/03",2520.00
"Currency","2013/11/02",2522.00
"Currency","2013/11/01",2522.00
"Currency","2013/10/31",2523.70
"Currency","2013/10/30",2527.00
"Currency","2013/10/29",2525.00
"Currency","2013/10/28",2529.00
"Currency","2013/10/27",2530.00
"Currency","2013/10/26",2529.00
"Currency","2013/10/25",2530.00
"Currency","2013/10/24",2530.30
"Currency","2013/10/23",2525.70
"Currency","2013/10/22",2527.00
"Currency","2013/10/21",2517.00
"Currency","2013/10/20",2513.00
"Currency","2013/10/19",2515.50
"Currency","2013/10/18",2513.00
"Currency","2013/10/17",2511.00
"Currency","2013/10/16",2530.00
"Currency","2013/10/15",2541.00
"Currency","2013/10/14",2544.00
"Currency","2013/10/13",2538.00
"Currency","2013/10/11",2538.00
"Currency","2013/10/10",2542.70
"Currency","2013/10/09",2541.00
"Currency","2013/10/08",2540.00
"Currency","2013/10/07",2550.00
"Currency","2013/10/04",2553.00
"Currency","2013/10/03",2555.00
"Currency","2013/10/02",2557.70
"Currency","2013/10/01",2551.00
"Currency","2013/09/30",2560.00
"Currency","2013/09/27",2560.00
"Currency","2013/09/26",2574.70
"Currency","2013/09/25",2559.30
"Currency","2013/09/24",2550.00
"Currency","2013/09/23",2540.00
"Currency","2013/09/20",2551.00
"Currency","2013/09/19",2561.50
"Currency","2013/09/18",2573.00
"Currency","2013/09/17",2572.50
"Currency","2013/09/16",2566.00
"Currency","2013/09/13",2573.00
"Currency","2013/09/12",2575.00
"Currency","2013/09/11",2577.50
"Currency","2013/09/10",2578.00
"Currency","2013/09/09",2580.00
"Currency","2013/09/06",2582.50
"Currency","2013/09/05",2580.00
"Currency","2013/09/04",2579.50
"Currency","2013/09/03",2573.00
"Currency","2013/09/02",2594.00
"Currency","2013/08/30",2593.00
"Currency","2013/08/29",2590.00
"Currency","2013/08/28",2582.50
"Currency","2013/08/27",2580.00
"Currency","2013/08/26",2576.00
"Currency","2013/08/23",2575.00
"Currency","2013/08/22",2580.00
"Currency","2013/08/21",2588.50
"Currency","2013/08/20",2592.50
"Currency","2013/08/19",2579.00
"Currency","2013/08/16",2579.00
"Currency","2013/08/15",2566.50
"Currency","2013/08/14",2560.00
"Currency","2013/08/13",2570.00
"Currency","2013/08/12",2572.50
"Currency","2013/08/09",2575.00
"Currency","2013/08/08",2572.50
"Currency","2013/08/07",2572.00
"Currency","2013/08/06",2575.00
"Currency","2013/08/05",2580.00
"Currency","2013/08/02",2583.50
"Currency","2013/08/01",2582.00
"Currency","2013/07/31",2580.00
"Currency","2013/07/30",2582.50
"Currency","2013/07/29",2595.00
"Currency","2013/07/26",2590.00
"Currency","2013/07/25",2570.00
"Currency","2013/07/24",2573.00
"Currency","2013/07/23",2580.00
"Currency","2013/07/22",2583.50
"Currency","2013/07/19",2582.00
"Currency","2013/07/18",2580.00
"Currency","2013/07/17",2580.00
"Currency","2013/07/16",2591.50
"Currency","2013/07/15",2594.00
"Currency","2013/07/12",2592.50
"Currency","2013/07/11",2593.00
"Currency","2013/07/10",2600.00
"Currency","2013/07/09",2595.00
"Currency","2013/07/08",2594.00
"Currency","2013/07/05",2594.00
"Currency","2013/07/04",2575.00
"Currency","2013/07/03",2577.50
"Currency","2013/07/02",2578.50
"Currency","2013/07/01",2592.50
"Currency","2013/06/28",2595.00
"Currency","2013/06/27",2592.00
"Currency","2013/06/26",2593.00
"Currency","2013/06/25",2592.50
"Currency","2013/06/24",2603.00
"Currency","2013/06/21",2597.00
"Currency","2013/06/20",2602.00
"Currency","2013/06/19",2585.00
"Currency","2013/06/18",2600.00
"Currency","2013/06/17",2595.00
"Currency","2013/06/14",2600.00
"Currency","2013/06/13",2596.50
"Currency","2013/06/12",2583.00
"Currency","2013/06/11",2583.00
"Currency","2013/06/10",2586.00
"Currency","2013/06/07",2593.50
"Currency","2013/06/06",2580.00
"Currency","2013/06/05",2580.00
"Currency","2013/06/04",2584.00
"Currency","2013/06/03",2590.00
"Currency","2013/05/31",2592.50
"Currency","2013/05/30",2593.00
"Currency","2013/05/29",2596.50
"Currency","2013/05/28",2598.50
"Currency","2013/05/27",2605.00
"Currency","2013/05/24",2597.50
"Currency","2013/05/23",2602.00
"Currency","2013/05/22",2613.50
"Currency","2013/05/21",2600.00
"Currency","2013/05/20",2595.00
"Currency","2013/05/17",2565.00
"Currency","2013/05/16",2565.00
"Currency","2013/05/15",2582.00
"Currency","2013/05/14",2586.50
"Currency","2013/05/13",2590.00
"Currency","2013/05/10",2592.00
"Currency","2013/05/09",2586.50
"Currency","2013/05/08",2556.00
"Currency","2013/05/07",2555.00
"Currency","2013/05/06",2560.00
"Currency","2013/05/03",2563.50
"Currency","2013/05/02",2563.50
"Currency","2013/05/01",2590.00
"Currency","2013/04/30",2590.00
"Currency","2013/04/29",2612.00
"Currency","2013/04/26",2607.50
"Currency","2013/04/25",2600.00
"Currency","2013/04/24",2580.00
"Currency","2013/04/23",2577.00
"Currency","2013/04/22",2567.50
"Currency","2013/04/19",2557.50
"Currency","2013/04/18",2575.00
"Currency","2013/04/17",2557.50
"Currency","2013/04/16",2562.50
"Currency","2013/04/15",2520.00
"Currency","2013/04/12",2537.50
"Currency","2013/04/11",2556.00
"Currency","2013/04/10",2577.50
"Currency","2013/04/09",2580.00
"Currency","2013/04/08",2600.00
"Currency","2013/04/05",2598.50
"Currency","2013/04/04",2593.00
"Currency","2013/04/03",2590.00
"Currency","2013/04/02",2593.00
"Currency","2013/04/01",2595.00
"Currency","2013/03/29",2591.50
"Currency","2013/03/28",2590.00
"Currency","2013/03/27",2597.00
"Currency","2013/03/26",2611.50
"Currency","2013/03/25",2623.00
"Currency","2013/03/22",2638.50
"Currency","2013/03/21",2635.00
"Currency","2013/03/20",2640.00
"Currency","2013/03/19",2625.00
"Currency","2013/03/18",2633.00
"Currency","2013/03/15",2638.50
"Currency","2013/03/14",2642.50
"Currency","2013/03/13",2640.00
"Currency","2013/03/12",2640.00
"Currency","2013/03/11",2648.50
"Currency","2013/03/08",2652.50
"Currency","2013/03/07",2651.50
"Currency","2013/03/06",2650.00
"Currency","2013/03/05",2647.50
"Currency","2013/03/04",2650.00
"Currency","2013/03/01",2652.50
"Currency","2013/02/28",2650.00
"Currency","2013/02/27",2650.00
"Currency","2013/02/26",2658.00
"Currency","2013/02/25",2652.50
"Currency","2013/02/22",2672.50
"Currency","2013/02/21",2689.00
"Currency","2013/02/20",2678.00
"Currency","2013/02/19",2672.00
"Currency","2013/02/18",2660.00
"Currency","2013/02/15",2640.00
"Currency","2013/02/14",2645.00
"Currency","2013/02/13",2646.00
"Currency","2013/02/12",2645.00
"Currency","2013/02/11",2658.00
"Currency","2013/02/08",2654.50
"Currency","2013/02/07",2655.00
"Currency","2013/02/06",2660.00
"Currency","2013/02/05",2660.00
"Currency","2013/02/04",2668.00
"Currency","2013/02/01",2669.00
"Currency","2013/01/31",2665.00
"Currency","2013/01/30",2665.00
"Currency","2013/01/29",2670.00
"Currency","2013/01/28",2675.00
"Currency","2013/01/25",2677.50
"Currency","2013/01/24",2680.00
"Currency","2013/01/23",2678.50
"Currency","2013/01/22",2682.50
"Currency","2013/01/21",2680.00
"Currency","2013/01/18",2672.50
"Currency","2013/01/17",2668.00
"Currency","2013/01/16",2665.00
"Currency","2013/01/15",2677.50
"Currency","2013/01/14",2680.00
"Currency","2013/01/11",2682.50
"Currency","2013/01/10",2705.00
"Currency","2013/01/09",2705.00
"Currency","2013/01/08",2717.50
"Currency","2013/01/07",2720.00
"Currency","2013/01/04",2712.50
"Currency","2013/01/03",2707.50
"Currency","2013/01/02",2705.00
"Currency","2013/01/01",2692.50
"Currency","2012/12/31",2692.50
"Currency","2012/12/28",2686.50
"Currency","2012/12/27",2665.00
"Currency","2012/12/26",2662.50
"Currency","2012/12/25",2660.00
"Currency","2012/12/24",2665.00
"Currency","2012/12/21",2652.50
"Currency","2012/12/20",2655.00
"Currency","2012/12/19",2652.50
"Currency","2012/12/18",2660.00
"Currency","2012/12/17",2667.80
"Currency","2012/12/14",2667.50
"Currency","2012/12/13",2680.00
"Currency","2012/12/12",2687.00
"Currency","2012/12/11",2691.50
"Currency","2012/12/10",2697.50
"Currency","2012/12/07",2698.00
"Currency","2012/12/06",2691.00
"Currency","2012/12/04",2682.30
"Currency","2012/12/03",2681.00
"Currency","2012/11/29",2693.00
"Currency","2012/11/28",2697.00
"Currency","2012/11/27",2696.00
"Currency","2012/11/26",2658.00
"Currency","2012/11/23",2657.50
"Currency","2012/11/22",2644.00
"Currency","2012/11/21",2633.00
"Currency","2012/11/20",2622.80
"Currency","2012/11/19",2620.00
"Currency","2012/11/16",2615.00
"Currency","2012/11/15",2617.50
"Currency","2012/11/14",2610.00
"Currency","2012/11/13",2607.50
"Currency","2012/11/12",2603.00
"Currency","2012/11/09",2599.00
"Currency","2012/11/08",2597.50
"Currency","2012/11/07",2585.00
"Currency","2012/11/06",2585.00
"Currency","2012/11/05",2580.00
"Currency","2012/11/02",2582.50
"Currency","2012/10/30",2592.50
"Currency","2012/10/29",2592.50
"Currency","2012/10/26",2595.00
"Currency","2012/10/25",2595.00
"Currency","2012/10/24",2586.00
"Currency","2012/09/30",2561.55
"Currency","2012/08/31",2513.85
"Currency","2012/07/31",2476.75
"Currency","2012/06/30",2472.95
"Currency","2012/05/31",2492.25
"Currency","2012/04/30",2505.05
"Currency","2012/03/31",2519.45
"Currency","2012/02/29",2377.05
"Currency","2012/01/31",2323.85
"Currency","2011/12/31",2480.15
"Currency","2011/11/30",2562.20
"Currency","2011/10/31",2586.00
"Currency","2011/09/30",2846.65
"Currency","2011/08/31",2821.55
"Currency","2011/07/31",2577.05
"Currency","2011/06/30",2575.20
"Currency","2011/05/31",2390.35
"Currency","2011/04/30",2381.40
"Currency","2011/03/31",2399.30
"Currency","2011/02/28",2362.45
"Currency","2011/01/31",2320.05
"Currency","2010/12/31",2308.80
"Currency","2010/05/31",1914.10
"Currency","2010/04/30",1914.10
"Currency","2010/03/31",1914.10
"Currency","2010/02/28",1914.10
"Currency","2010/01/31",1914.10
"Currency","2009/12/31",1894.45
"Currency","2009/11/30",1872.75
"Currency","2009/10/31",1940.50
"Currency","2009/09/30",1940.50
"Currency","2009/08/31",2030.00
"Currency","2009/07/31",2070.00
"Currency","2009/06/30",2055.00
"Currency","2009/05/31",2225.00
"","",""
"Data Source: http://www.tradingeconomics.com","",""
"Downloaded from http://vam.wfp.org on 11 Jun 2018","",""
