"Indicator","Time","Value (USD/MMK)"
"Currency","2018/06/08",1344.00
"Currency","2018/06/07",1345.00
"Currency","2018/06/06",1345.00
"Currency","2018/06/05",1346.00
"Currency","2018/06/04",1345.00
"Currency","2018/06/01",1346.00
"Currency","2018/05/31",1345.00
"Currency","2018/05/30",1345.00
"Currency","2018/05/29",1346.00
"Currency","2018/05/28",1356.00
"Currency","2018/05/25",1346.00
"Currency","2018/05/24",1343.00
"Currency","2018/05/23",1343.00
"Currency","2018/05/22",1341.00
"Currency","2018/05/21",1348.00
"Currency","2018/05/18",1350.00
"Currency","2018/05/17",1348.00
"Currency","2018/05/16",1350.00
"Currency","2018/05/15",1332.00
"Currency","2018/05/14",1332.00
"Currency","2018/05/11",1332.00
"Currency","2018/05/10",1332.00
"Currency","2018/05/09",1330.00
"Currency","2018/05/08",1335.00
"Currency","2018/05/07",1340.00
"Currency","2018/05/04",1333.00
"Currency","2018/05/03",1333.00
"Currency","2018/05/02",1330.00
"Currency","2018/05/01",1330.00
"Currency","2018/04/30",1330.00
"Currency","2018/04/27",1325.00
"Currency","2018/04/26",1331.00
"Currency","2018/04/25",1325.00
"Currency","2018/04/24",1320.00
"Currency","2018/04/23",1320.00
"Currency","2018/04/20",1320.00
"Currency","2018/04/19",1320.00
"Currency","2018/04/18",1320.00
"Currency","2018/04/17",1322.00
"Currency","2018/04/16",1322.00
"Currency","2018/04/13",1320.00
"Currency","2018/04/12",1321.00
"Currency","2018/04/11",1318.00
"Currency","2018/04/10",1326.00
"Currency","2018/04/09",1329.00
"Currency","2018/04/06",1325.00
"Currency","2018/04/05",1326.00
"Currency","2018/04/04",1327.00
"Currency","2018/04/03",1328.00
"Currency","2018/04/02",1331.00
"Currency","2018/03/30",1331.00
"Currency","2018/03/29",1330.00
"Currency","2018/03/28",1332.00
"Currency","2018/03/27",1335.00
"Currency","2018/03/26",1335.00
"Currency","2018/03/23",1337.00
"Currency","2018/03/22",1339.00
"Currency","2018/03/21",1340.00
"Currency","2018/03/20",1340.00
"Currency","2018/03/19",1338.50
"Currency","2018/03/16",1339.00
"Currency","2018/03/15",1337.00
"Currency","2018/03/14",1340.00
"Currency","2018/03/13",1338.00
"Currency","2018/03/12",1337.00
"Currency","2018/03/09",1340.00
"Currency","2018/03/08",1336.00
"Currency","2018/03/07",1335.00
"Currency","2018/03/06",1336.00
"Currency","2018/03/05",1336.00
"Currency","2018/03/02",1338.00
"Currency","2018/03/01",1338.00
"Currency","2018/02/28",1338.00
"Currency","2018/02/27",1339.50
"Currency","2018/02/26",1338.00
"Currency","2018/02/23",1337.00
"Currency","2018/02/22",1339.00
"Currency","2018/02/21",1329.00
"Currency","2018/02/20",1318.00
"Currency","2018/02/19",1324.00
"Currency","2018/02/16",1328.00
"Currency","2018/02/15",1328.00
"Currency","2018/02/14",1325.00
"Currency","2018/02/13",1325.00
"Currency","2018/02/12",1328.00
"Currency","2018/02/09",1328.00
"Currency","2018/02/08",1330.00
"Currency","2018/02/07",1329.00
"Currency","2018/02/06",1325.00
"Currency","2018/02/05",1328.00
"Currency","2018/02/02",1328.50
"Currency","2018/02/01",1327.00
"Currency","2018/01/31",1329.00
"Currency","2018/01/30",1329.00
"Currency","2018/01/29",1329.00
"Currency","2018/01/26",1331.00
"Currency","2018/01/25",1338.00
"Currency","2018/01/24",1338.00
"Currency","2018/01/23",1343.50
"Currency","2018/01/22",1346.00
"Currency","2018/01/19",1346.00
"Currency","2018/01/18",1346.00
"Currency","2018/01/17",1340.00
"Currency","2018/01/16",1339.00
"Currency","2018/01/15",1350.00
"Currency","2018/01/12",1350.00
"Currency","2018/01/11",1352.00
"Currency","2018/01/10",1345.00
"Currency","2018/01/09",1340.00
"Currency","2018/01/08",1357.00
"Currency","2018/01/05",1357.00
"Currency","2018/01/04",1357.00
"Currency","2018/01/03",1357.00
"Currency","2018/01/02",1359.00
"Currency","2017/12/29",1360.00
"Currency","2017/12/28",1361.00
"Currency","2017/12/27",1362.00
"Currency","2017/12/26",1362.00
"Currency","2017/12/22",1362.00
"Currency","2017/12/21",1363.00
"Currency","2017/12/20",1363.00
"Currency","2017/12/19",1363.00
"Currency","2017/12/18",1363.00
"Currency","2017/12/15",1363.00
"Currency","2017/12/14",1363.00
"Currency","2017/12/13",1363.00
"Currency","2017/12/12",1362.00
"Currency","2017/12/11",1362.00
"Currency","2017/12/08",1362.00
"Currency","2017/12/07",1362.00
"Currency","2017/12/06",1362.00
"Currency","2017/12/05",1362.00
"Currency","2017/12/04",1362.00
"Currency","2017/12/01",1362.00
"Currency","2017/11/30",1362.00
"Currency","2017/11/29",1363.00
"Currency","2017/11/28",1363.00
"Currency","2017/11/27",1364.00
"Currency","2017/11/24",1364.00
"Currency","2017/11/23",1364.00
"Currency","2017/11/22",1364.00
"Currency","2017/11/21",1364.00
"Currency","2017/11/20",1364.00
"Currency","2017/11/17",1364.00
"Currency","2017/11/16",1364.00
"Currency","2017/11/15",1364.00
"Currency","2017/11/14",1364.00
"Currency","2017/11/13",1364.00
"Currency","2017/11/10",1364.00
"Currency","2017/11/09",1364.00
"Currency","2017/11/08",1364.00
"Currency","2017/11/07",1364.00
"Currency","2017/11/06",1364.00
"Currency","2017/11/03",1364.00
"Currency","2017/11/02",1364.00
"Currency","2017/11/01",1363.00
"Currency","2017/10/31",1363.00
"Currency","2017/10/30",1363.00
"Currency","2017/10/27",1364.00
"Currency","2017/10/26",1362.00
"Currency","2017/10/25",1363.00
"Currency","2017/10/24",1362.00
"Currency","2017/10/23",1360.00
"Currency","2017/10/21",1359.00
"Currency","2017/10/20",1359.00
"Currency","2017/10/19",1359.00
"Currency","2017/10/18",1359.00
"Currency","2017/10/17",1362.50
"Currency","2017/10/16",1362.00
"Currency","2017/10/13",1351.00
"Currency","2017/10/12",1362.00
"Currency","2017/10/11",1361.00
"Currency","2017/10/10",1359.00
"Currency","2017/10/09",1346.00
"Currency","2017/10/06",1361.00
"Currency","2017/10/05",1361.00
"Currency","2017/10/04",1361.00
"Currency","2017/10/03",1361.00
"Currency","2017/10/02",1363.00
"Currency","2017/09/29",1362.50
"Currency","2017/09/28",1360.00
"Currency","2017/09/27",1361.50
"Currency","2017/09/26",1359.00
"Currency","2017/09/25",1361.00
"Currency","2017/09/22",1359.00
"Currency","2017/09/21",1361.00
"Currency","2017/09/20",1359.00
"Currency","2017/09/19",1358.00
"Currency","2017/09/18",1342.00
"Currency","2017/09/16",1355.00
"Currency","2017/09/15",1355.00
"Currency","2017/09/14",1353.00
"Currency","2017/09/13",1349.00
"Currency","2017/09/12",1349.00
"Currency","2017/09/11",1349.00
"Currency","2017/09/08",1348.00
"Currency","2017/09/07",1356.00
"Currency","2017/09/06",1354.00
"Currency","2017/09/05",1355.00
"Currency","2017/09/04",1347.00
"Currency","2017/09/01",1360.00
"Currency","2017/08/31",1349.00
"Currency","2017/08/30",1362.00
"Currency","2017/08/29",1347.00
"Currency","2017/08/28",1360.00
"Currency","2017/08/25",1359.00
"Currency","2017/08/24",1350.00
"Currency","2017/08/23",1361.00
"Currency","2017/08/22",1354.00
"Currency","2017/08/21",1354.00
"Currency","2017/08/19",1363.00
"Currency","2017/08/18",1363.00
"Currency","2017/08/17",1362.00
"Currency","2017/08/16",1360.00
"Currency","2017/08/15",1361.00
"Currency","2017/08/14",1359.00
"Currency","2017/08/11",1359.00
"Currency","2017/08/10",1361.00
"Currency","2017/08/09",1364.00
"Currency","2017/08/08",1363.00
"Currency","2017/08/07",1359.00
"Currency","2017/08/05",1361.00
"Currency","2017/08/04",1361.00
"Currency","2017/08/03",1357.00
"Currency","2017/08/02",1357.00
"Currency","2017/08/01",1360.00
"Currency","2017/07/31",1358.00
"Currency","2017/07/28",1360.00
"Currency","2017/07/27",1365.50
"Currency","2017/07/26",1360.00
"Currency","2017/07/25",1368.00
"Currency","2017/07/24",1365.00
"Currency","2017/07/21",1364.00
"Currency","2017/07/20",1368.00
"Currency","2017/07/19",1356.00
"Currency","2017/07/18",1356.00
"Currency","2017/07/17",1362.00
"Currency","2017/07/14",1358.00
"Currency","2017/07/13",1369.00
"Currency","2017/07/12",1355.00
"Currency","2017/07/11",1353.00
"Currency","2017/07/10",1353.00
"Currency","2017/07/07",1353.00
"Currency","2017/07/06",1366.00
"Currency","2017/07/05",1365.00
"Currency","2017/07/04",1367.00
"Currency","2017/07/03",1365.00
"Currency","2017/06/30",1364.00
"Currency","2017/06/29",1362.00
"Currency","2017/06/28",1365.00
"Currency","2017/06/27",1366.00
"Currency","2017/06/26",1353.00
"Currency","2017/06/24",1355.00
"Currency","2017/06/23",1355.00
"Currency","2017/06/22",1369.00
"Currency","2017/06/21",1357.00
"Currency","2017/06/20",1353.00
"Currency","2017/06/19",1364.00
"Currency","2017/06/17",1364.00
"Currency","2017/06/16",1364.00
"Currency","2017/06/15",1359.00
"Currency","2017/06/14",1362.00
"Currency","2017/06/13",1358.00
"Currency","2017/06/12",1351.00
"Currency","2017/06/10",1344.00
"Currency","2017/06/09",1344.00
"Currency","2017/06/08",1357.00
"Currency","2017/06/07",1354.00
"Currency","2017/06/06",1349.00
"Currency","2017/06/05",1358.00
"Currency","2017/06/02",1360.00
"Currency","2017/06/01",1366.00
"Currency","2017/05/31",1366.00
"Currency","2017/05/30",1363.00
"Currency","2017/05/29",1355.00
"Currency","2017/05/27",1369.00
"Currency","2017/05/26",1369.00
"Currency","2017/05/25",1368.00
"Currency","2017/05/24",1366.00
"Currency","2017/05/23",1368.00
"Currency","2017/05/22",1367.00
"Currency","2017/05/20",1367.00
"Currency","2017/05/19",1367.00
"Currency","2017/05/18",1369.00
"Currency","2017/05/17",1357.00
"Currency","2017/05/16",1371.50
"Currency","2017/05/15",1355.50
"Currency","2017/05/12",1353.00
"Currency","2017/05/11",1353.00
"Currency","2017/05/10",1367.00
"Currency","2017/05/09",1367.00
"Currency","2017/05/08",1352.00
"Currency","2017/05/05",1360.00
"Currency","2017/05/04",1346.00
"Currency","2017/05/03",1356.00
"Currency","2017/05/02",1346.00
"Currency","2017/05/01",1359.00
"Currency","2017/04/28",1359.00
"Currency","2017/04/27",1360.00
"Currency","2017/04/26",1364.00
"Currency","2017/04/25",1356.00
"Currency","2017/04/24",1351.50
"Currency","2017/04/21",1353.50
"Currency","2017/04/20",1350.00
"Currency","2017/04/19",1347.00
"Currency","2017/04/18",1355.00
"Currency","2017/04/17",1356.00
"Currency","2017/04/14",1355.00
"Currency","2017/04/13",1355.00
"Currency","2017/04/12",1356.00
"Currency","2017/04/11",1354.00
"Currency","2017/04/10",1355.00
"Currency","2017/04/07",1356.00
"Currency","2017/04/06",1357.00
"Currency","2017/04/05",1355.00
"Currency","2017/04/04",1350.00
"Currency","2017/04/03",1352.00
"Currency","2017/03/31",1359.00
"Currency","2017/03/30",1354.00
"Currency","2017/03/29",1364.00
"Currency","2017/03/28",1364.00
"Currency","2017/03/27",1367.00
"Currency","2017/03/24",1366.00
"Currency","2017/03/23",1367.00
"Currency","2017/03/22",1367.00
"Currency","2017/03/21",1369.00
"Currency","2017/03/20",1370.00
"Currency","2017/03/17",1367.00
"Currency","2017/03/16",1359.00
"Currency","2017/03/15",1373.00
"Currency","2017/03/14",1370.00
"Currency","2017/03/13",1366.00
"Currency","2017/03/10",1372.00
"Currency","2017/03/09",1367.00
"Currency","2017/03/08",1358.00
"Currency","2017/03/07",1352.00
"Currency","2017/03/06",1354.00
"Currency","2017/03/03",1359.00
"Currency","2017/03/02",1355.00
"Currency","2017/03/01",1355.00
"Currency","2017/02/28",1364.00
"Currency","2017/02/27",1368.00
"Currency","2017/02/24",1367.00
"Currency","2017/02/23",1369.00
"Currency","2017/02/22",1371.00
"Currency","2017/02/21",1369.00
"Currency","2017/02/20",1362.00
"Currency","2017/02/17",1367.00
"Currency","2017/02/16",1359.00
"Currency","2017/02/15",1354.00
"Currency","2017/02/14",1366.00
"Currency","2017/02/13",1372.00
"Currency","2017/02/10",1371.00
"Currency","2017/02/09",1371.00
"Currency","2017/02/08",1368.00
"Currency","2017/02/07",1363.00
"Currency","2017/02/06",1363.00
"Currency","2017/02/03",1364.00
"Currency","2017/02/02",1354.00
"Currency","2017/02/01",1358.00
"Currency","2017/01/31",1349.00
"Currency","2017/01/30",1344.00
"Currency","2017/01/27",1359.00
"Currency","2017/01/26",1358.00
"Currency","2017/01/25",1351.00
"Currency","2017/01/24",1355.00
"Currency","2017/01/23",1355.00
"Currency","2017/01/20",1349.00
"Currency","2017/01/19",1357.00
"Currency","2017/01/18",1357.00
"Currency","2017/01/17",1349.00
"Currency","2017/01/16",1347.00
"Currency","2017/01/13",1357.00
"Currency","2017/01/12",1360.00
"Currency","2017/01/11",1354.00
"Currency","2017/01/10",1352.00
"Currency","2017/01/09",1354.00
"Currency","2017/01/06",1343.00
"Currency","2017/01/05",1346.00
"Currency","2017/01/04",1349.00
"Currency","2017/01/03",1349.00
"Currency","2017/01/02",1355.00
"Currency","2016/12/30",1362.00
"Currency","2016/12/29",1363.00
"Currency","2016/12/28",1363.00
"Currency","2016/12/27",1370.00
"Currency","2016/12/26",1364.00
"Currency","2016/12/24",1367.00
"Currency","2016/12/23",1367.00
"Currency","2016/12/22",1381.00
"Currency","2016/12/21",1374.00
"Currency","2016/12/20",1373.00
"Currency","2016/12/19",1378.00
"Currency","2016/12/16",1364.00
"Currency","2016/12/15",1359.00
"Currency","2016/12/14",1348.00
"Currency","2016/12/13",1329.00
"Currency","2016/12/10",1327.00
"Currency","2016/12/09",1329.00
"Currency","2016/12/08",1330.00
"Currency","2016/12/07",1325.00
"Currency","2016/12/06",1319.00
"Currency","2016/12/05",1313.00
"Currency","2016/12/02",1318.00
"Currency","2016/12/01",1188.00
"Currency","2016/11/30",1317.00
"Currency","2016/11/29",1313.00
"Currency","2016/11/28",1314.00
"Currency","2016/11/25",1314.00
"Currency","2016/11/24",1313.00
"Currency","2016/11/23",1313.00
"Currency","2016/11/22",1309.00
"Currency","2016/11/21",1304.00
"Currency","2016/11/19",1300.00
"Currency","2016/11/18",1301.00
"Currency","2016/11/17",1299.00
"Currency","2016/11/16",1295.00
"Currency","2016/11/15",1294.00
"Currency","2016/11/11",1290.00
"Currency","2016/11/10",1288.00
"Currency","2016/11/09",1283.00
"Currency","2016/11/08",1289.00
"Currency","2016/11/07",1275.00
"Currency","2016/11/04",1276.00
"Currency","2016/11/03",1284.00
"Currency","2016/11/02",1285.00
"Currency","2016/11/01",1288.00
"Currency","2016/10/31",1286.00
"Currency","2016/10/28",1289.50
"Currency","2016/10/27",1285.00
"Currency","2016/10/26",1290.00
"Currency","2016/10/25",1288.00
"Currency","2016/10/24",1280.00
"Currency","2016/10/21",1284.00
"Currency","2016/10/20",1280.00
"Currency","2016/10/19",1285.00
"Currency","2016/10/18",1268.00
"Currency","2016/10/17",1267.00
"Currency","2016/10/14",1277.00
"Currency","2016/10/13",1248.00
"Currency","2016/10/12",1248.00
"Currency","2016/10/11",1248.00
"Currency","2016/10/10",1245.00
"Currency","2016/10/07",1266.00
"Currency","2016/10/06",1268.00
"Currency","2016/10/05",1269.00
"Currency","2016/10/04",1269.00
"Currency","2016/10/03",1265.00
"Currency","2016/10/01",1262.00
"Currency","2016/09/30",1262.00
"Currency","2016/09/29",1254.00
"Currency","2016/09/28",1249.00
"Currency","2016/09/27",1249.00
"Currency","2016/09/26",1243.00
"Currency","2016/09/24",1240.00
"Currency","2016/09/23",1240.00
"Currency","2016/09/22",1232.00
"Currency","2016/09/21",1255.00
"Currency","2016/09/20",1252.00
"Currency","2016/09/19",1240.00
"Currency","2016/09/17",1228.00
"Currency","2016/09/16",1228.00
"Currency","2016/09/15",1219.00
"Currency","2016/09/14",1216.00
"Currency","2016/09/13",1215.00
"Currency","2016/09/12",1215.00
"Currency","2016/09/10",1220.00
"Currency","2016/09/09",1220.00
"Currency","2016/09/08",1220.00
"Currency","2016/09/07",1217.00
"Currency","2016/09/06",1215.00
"Currency","2016/09/05",1184.00
"Currency","2016/09/03",1210.00
"Currency","2016/09/02",1210.00
"Currency","2016/09/01",1208.00
"Currency","2016/08/31",1208.00
"Currency","2016/08/30",1204.00
"Currency","2016/08/29",1204.00
"Currency","2016/08/26",1206.00
"Currency","2016/08/25",1195.00
"Currency","2016/08/24",1210.00
"Currency","2016/08/23",1199.00
"Currency","2016/08/22",1190.00
"Currency","2016/08/19",1193.00
"Currency","2016/08/18",1189.00
"Currency","2016/08/17",1187.00
"Currency","2016/08/16",1189.00
"Currency","2016/08/15",1190.00
"Currency","2016/08/12",1185.00
"Currency","2016/08/11",1179.00
"Currency","2016/08/10",1185.00
"Currency","2016/08/09",1183.00
"Currency","2016/08/08",1183.00
"Currency","2016/08/05",1182.00
"Currency","2016/08/04",1184.00
"Currency","2016/08/03",1181.00
"Currency","2016/08/02",1184.00
"Currency","2016/08/01",1183.00
"Currency","2016/07/29",1182.00
"Currency","2016/07/28",1185.00
"Currency","2016/07/27",1184.00
"Currency","2016/07/26",1189.00
"Currency","2016/07/25",1180.00
"Currency","2016/07/22",1180.00
"Currency","2016/07/21",1188.00
"Currency","2016/07/20",1179.00
"Currency","2016/07/19",1182.00
"Currency","2016/07/18",1182.00
"Currency","2016/07/15",1174.00
"Currency","2016/07/14",1174.00
"Currency","2016/07/13",1176.00
"Currency","2016/07/12",1175.00
"Currency","2016/07/11",1175.00
"Currency","2016/07/08",1169.00
"Currency","2016/07/07",1166.00
"Currency","2016/07/06",1164.00
"Currency","2016/07/05",1165.00
"Currency","2016/07/04",1170.00
"Currency","2016/07/01",1170.00
"Currency","2016/06/30",1172.00
"Currency","2016/06/29",1184.60
"Currency","2016/06/28",1182.65
"Currency","2016/06/27",1174.85
"Currency","2016/06/24",1185.60
"Currency","2016/06/23",1185.60
"Currency","2016/06/22",1196.25
"Currency","2016/06/21",1188.85
"Currency","2016/06/20",1186.25
"Currency","2016/06/17",1184.95
"Currency","2016/06/16",1185.55
"Currency","2016/06/15",1185.85
"Currency","2016/06/14",1192.00
"Currency","2016/06/13",1192.30
"Currency","2016/06/10",1196.45
"Currency","2016/06/09",1184.70
"Currency","2016/06/08",1193.15
"Currency","2016/06/07",1193.00
"Currency","2016/06/06",1198.05
"Currency","2016/06/04",1188.75
"Currency","2016/06/03",1198.05
"Currency","2016/06/02",1198.15
"Currency","2016/06/01",1189.85
"Currency","2016/05/31",1185.40
"Currency","2016/05/30",1184.50
"Currency","2016/05/27",1184.35
"Currency","2016/05/26",1178.95
"Currency","2016/05/25",1180.55
"Currency","2016/05/24",1176.75
"Currency","2016/05/23",1174.60
"Currency","2016/05/20",1174.70
"Currency","2016/05/19",1179.90
"Currency","2016/05/18",1173.50
"Currency","2016/05/17",1171.40
"Currency","2016/05/16",1171.40
"Currency","2016/05/13",1164.65
"Currency","2016/05/12",1169.10
"Currency","2016/05/11",1164.45
"Currency","2016/05/10",1165.00
"Currency","2016/05/09",1165.20
"Currency","2016/05/06",1171.70
"Currency","2016/05/05",1172.50
"Currency","2016/05/04",1175.35
"Currency","2016/05/03",1167.20
"Currency","2016/05/02",1165.40
"Currency","2016/04/30",1168.90
"Currency","2016/04/29",1168.90
"Currency","2016/04/28",1169.60
"Currency","2016/04/27",1164.55
"Currency","2016/04/26",1161.80
"Currency","2016/04/25",1162.75
"Currency","2016/04/23",1185.70
"Currency","2016/04/22",1185.70
"Currency","2016/04/21",1185.70
"Currency","2016/04/20",1176.35
"Currency","2016/04/19",1179.10
"Currency","2016/04/18",1178.65
"Currency","2016/04/16",1178.10
"Currency","2016/04/15",1178.10
"Currency","2016/04/14",1178.20
"Currency","2016/04/13",1181.80
"Currency","2016/04/12",1176.75
"Currency","2016/04/11",1174.90
"Currency","2016/04/09",1187.05
"Currency","2016/04/08",1187.05
"Currency","2016/04/07",1186.60
"Currency","2016/04/06",1191.00
"Currency","2016/04/05",1202.10
"Currency","2016/04/04",1216.30
"Currency","2016/04/01",1216.30
"Currency","2016/03/31",1202.95
"Currency","2016/03/30",1202.95
"Currency","2016/03/29",1209.50
"Currency","2016/03/28",1209.50
"Currency","2016/03/25",1209.40
"Currency","2016/03/24",1211.85
"Currency","2016/03/23",1211.75
"Currency","2016/03/22",1210.80
"Currency","2016/03/21",1212.70
"Currency","2016/03/18",1211.35
"Currency","2016/03/17",1199.50
"Currency","2016/03/16",1212.60
"Currency","2016/03/15",1213.40
"Currency","2016/03/14",1209.25
"Currency","2016/03/13",1213.65
"Currency","2016/03/11",1213.65
"Currency","2016/03/10",1214.05
"Currency","2016/03/09",1216.55
"Currency","2016/03/08",1230.90
"Currency","2016/03/07",1225.70
"Currency","2016/03/06",1227.35
"Currency","2016/03/04",1227.35
"Currency","2016/03/03",1226.90
"Currency","2016/03/02",1238.00
"Currency","2016/03/01",1240.10
"Currency","2016/02/29",1238.40
"Currency","2016/02/28",1235.80
"Currency","2016/02/26",1235.80
"Currency","2016/02/25",1233.55
"Currency","2016/02/24",1239.25
"Currency","2016/02/23",1237.55
"Currency","2016/02/22",1237.05
"Currency","2016/02/19",1231.40
"Currency","2016/02/18",1234.45
"Currency","2016/02/17",1235.70
"Currency","2016/02/16",1233.10
"Currency","2016/02/15",1230.55
"Currency","2016/02/12",1232.65
"Currency","2016/02/11",1220.55
"Currency","2016/02/10",1234.30
"Currency","2016/02/09",1249.20
"Currency","2016/02/08",1263.55
"Currency","2016/02/05",1263.55
"Currency","2016/02/04",1256.70
"Currency","2016/02/03",1279.75
"Currency","2016/02/02",1290.10
"Currency","2016/02/01",1293.35
"Currency","2016/01/29",1294.35
"Currency","2016/01/28",1296.95
"Currency","2016/01/27",1295.10
"Currency","2016/01/26",1291.25
"Currency","2016/01/25",1304.80
"Currency","2016/01/22",1301.05
"Currency","2016/01/21",1301.65
"Currency","2016/01/20",1292.10
"Currency","2016/01/19",1299.19
"Currency","2016/01/18",1298.30
"Currency","2016/01/15",1301.20
"Currency","2016/01/14",1287.70
"Currency","2016/01/13",1297.05
"Currency","2016/01/12",1300.65
"Currency","2016/01/11",1300.21
"Currency","2016/01/08",1292.55
"Currency","2016/01/07",1295.30
"Currency","2016/01/06",1298.05
"Currency","2016/01/05",1313.10
"Currency","2016/01/04",1307.75
"Currency","2016/01/03",1306.75
"Currency","2016/01/01",1306.75
"Currency","2015/12/31",1306.75
"Currency","2015/12/30",1316.50
"Currency","2015/12/29",1313.45
"Currency","2015/12/28",1312.80
"Currency","2015/12/25",1308.95
"Currency","2015/12/24",1314.26
"Currency","2015/12/23",1305.75
"Currency","2015/12/22",1303.35
"Currency","2015/12/21",1301.36
"Currency","2015/12/20",1303.75
"Currency","2015/12/18",1303.75
"Currency","2015/12/17",1304.45
"Currency","2015/12/16",1303.65
"Currency","2015/12/15",1297.20
"Currency","2015/12/14",1296.15
"Currency","2015/12/11",1296.15
"Currency","2015/12/10",1282.95
"Currency","2015/12/09",1288.15
"Currency","2015/12/08",1287.95
"Currency","2015/12/07",1291.30
"Currency","2015/12/06",1247.65
"Currency","2015/12/04",1247.65
"Currency","2015/12/03",1296.90
"Currency","2015/12/02",1297.55
"Currency","2015/12/01",1301.45
"Currency","2015/11/30",1301.50
"Currency","2015/11/28",1302.95
"Currency","2015/11/27",1301.50
"Currency","2015/11/26",1297.40
"Currency","2015/11/25",1300.25
"Currency","2015/11/24",1297.30
"Currency","2015/11/23",1298.20
"Currency","2015/11/20",1290.75
"Currency","2015/11/19",1291.05
"Currency","2015/11/18",1287.10
"Currency","2015/11/17",1292.00
"Currency","2015/11/16",1294.00
"Currency","2015/11/13",1271.80
"Currency","2015/11/12",1281.90
"Currency","2015/11/11",1287.40
"Currency","2015/11/10",1287.95
"Currency","2015/11/09",1299.70
"Currency","2015/11/08",1277.40
"Currency","2015/11/06",1277.40
"Currency","2015/11/05",1284.80
"Currency","2015/11/04",1276.80
"Currency","2015/11/03",1276.05
"Currency","2015/11/02",1276.00
"Currency","2015/11/01",1274.00
"Currency","2015/10/30",1274.00
"Currency","2015/10/29",1293.35
"Currency","2015/10/28",1279.45
"Currency","2015/10/27",1272.00
"Currency","2015/10/26",1284.05
"Currency","2015/10/25",1278.15
"Currency","2015/10/23",1278.15
"Currency","2015/10/22",1279.60
"Currency","2015/10/21",1278.80
"Currency","2015/10/20",1278.20
"Currency","2015/10/19",1279.00
"Currency","2015/10/18",1285.90
"Currency","2015/10/16",1285.90
"Currency","2015/10/15",1285.90
"Currency","2015/10/14",1284.90
"Currency","2015/10/13",1288.45
"Currency","2015/10/12",1288.75
"Currency","2015/10/09",1290.50
"Currency","2015/10/08",1289.50
"Currency","2015/10/07",1286.45
"Currency","2015/10/06",1288.35
"Currency","2015/10/05",1287.80
"Currency","2015/10/04",1286.80
"Currency","2015/10/02",1286.80
"Currency","2015/10/01",1294.05
"Currency","2015/09/30",1288.10
"Currency","2015/09/29",1288.75
"Currency","2015/09/28",1281.65
"Currency","2015/09/27",1286.55
"Currency","2015/09/26",1286.55
"Currency","2015/09/25",1286.55
"Currency","2015/09/24",1286.55
"Currency","2015/09/23",1290.05
"Currency","2015/09/22",1301.55
"Currency","2015/09/21",1308.20
"Currency","2015/09/20",1282.40
"Currency","2015/09/18",1282.40
"Currency","2015/09/17",1280.55
"Currency","2015/09/16",1289.50
"Currency","2015/09/15",1290.15
"Currency","2015/09/14",1276.65
"Currency","2015/09/13",1287.45
"Currency","2015/09/11",1287.45
"Currency","2015/09/10",1286.75
"Currency","2015/09/09",1279.40
"Currency","2015/09/08",1279.40
"Currency","2015/09/07",1277.65
"Currency","2015/09/06",1284.90
"Currency","2015/09/04",1284.90
"Currency","2015/09/03",1284.90
"Currency","2015/09/02",1275.75
"Currency","2015/09/01",1275.75
"Currency","2015/08/31",1275.75
"Currency","2015/08/30",1281.75
"Currency","2015/08/28",1281.75
"Currency","2015/08/27",1293.20
"Currency","2015/08/26",1282.25
"Currency","2015/08/25",1277.50
"Currency","2015/08/24",1274.65
"Currency","2015/08/21",1290.15
"Currency","2015/08/20",1281.05
"Currency","2015/08/19",1275.35
"Currency","2015/08/18",1271.60
"Currency","2015/08/17",1267.70
"Currency","2015/08/14",1267.70
"Currency","2015/08/13",1245.25
"Currency","2015/08/12",1239.55
"Currency","2015/08/11",1231.90
"Currency","2015/08/10",1231.90
"Currency","2015/08/07",1235.80
"Currency","2015/08/06",1241.00
"Currency","2015/08/05",1229.50
"Currency","2015/08/04",1232.50
"Currency","2015/08/03",1231.00
"Currency","2015/07/31",1232.50
"Currency","2015/07/30",1242.55
"Currency","2015/07/29",1242.55
"Currency","2015/07/28",1242.60
"Currency","2015/07/27",1242.65
"Currency","2015/07/24",1246.50
"Currency","2015/07/23",1245.90
"Currency","2015/07/22",1246.15
"Currency","2015/07/21",1236.50
"Currency","2015/07/20",1232.05
"Currency","2015/07/17",1225.80
"Currency","2015/07/16",1220.10
"Currency","2015/07/15",1217.40
"Currency","2015/07/14",1146.80
"Currency","2015/07/13",1137.15
"Currency","2015/07/12",1131.10
"Currency","2015/07/10",1131.10
"Currency","2015/07/09",1131.95
"Currency","2015/07/08",1132.05
"Currency","2015/07/07",1132.50
"Currency","2015/07/06",1132.50
"Currency","2015/07/04",1131.05
"Currency","2015/07/03",1133.00
"Currency","2015/07/02",1127.85
"Currency","2015/07/01",1117.20
"Currency","2015/06/30",1117.50
"Currency","2015/06/29",1118.50
"Currency","2015/06/26",1117.50
"Currency","2015/06/25",1117.50
"Currency","2015/06/24",1117.50
"Currency","2015/06/23",1110.00
"Currency","2015/06/22",1117.50
"Currency","2015/06/19",1110.00
"Currency","2015/06/18",1113.00
"Currency","2015/06/17",1113.50
"Currency","2015/06/16",1113.00
"Currency","2015/06/15",1113.00
"Currency","2015/06/12",1113.00
"Currency","2015/06/11",1113.50
"Currency","2015/06/10",1113.00
"Currency","2015/06/09",1113.50
"Currency","2015/06/08",1110.90
"Currency","2015/06/05",1112.90
"Currency","2015/06/04",1105.00
"Currency","2015/06/03",1097.00
"Currency","2015/06/02",1097.00
"Currency","2015/06/01",1098.00
"Currency","2015/05/29",1089.00
"Currency","2015/05/28",1097.00
"Currency","2015/05/27",1099.00
"Currency","2015/05/26",1098.00
"Currency","2015/05/25",1089.00
"Currency","2015/05/22",1089.00
"Currency","2015/05/21",1088.00
"Currency","2015/05/20",1090.00
"Currency","2015/05/19",1087.00
"Currency","2015/05/18",1088.00
"Currency","2015/05/15",1090.00
"Currency","2015/05/14",1092.00
"Currency","2015/05/13",1082.00
"Currency","2015/05/12",1082.00
"Currency","2015/05/11",1084.00
"Currency","2015/05/08",1085.00
"Currency","2015/05/07",1085.00
"Currency","2015/05/06",1086.00
"Currency","2015/05/05",1088.00
"Currency","2015/05/04",1089.00
"Currency","2015/05/01",1090.00
"Currency","2015/04/30",1090.00
"Currency","2015/04/29",1079.00
"Currency","2015/04/28",1076.00
"Currency","2015/04/27",1073.00
"Currency","2015/04/24",1072.00
"Currency","2015/04/23",1072.00
"Currency","2015/04/22",1069.00
"Currency","2015/04/21",1067.00
"Currency","2015/04/20",1068.00
"Currency","2015/04/17",1069.00
"Currency","2015/04/16",1070.00
"Currency","2015/04/15",1072.00
"Currency","2015/04/14",1072.00
"Currency","2015/04/13",1073.00
"Currency","2015/04/10",1074.00
"Currency","2015/04/09",1067.00
"Currency","2015/04/08",1025.00
"Currency","2015/04/07",1025.00
"Currency","2015/04/06",1027.00
"Currency","2015/04/03",1028.00
"Currency","2015/04/02",1029.00
"Currency","2015/04/01",1029.00
"Currency","2015/03/31",1031.00
"Currency","2015/03/30",1033.00
"Currency","2015/03/27",1032.00
"Currency","2015/03/26",1034.00
"Currency","2015/03/25",1035.00
"Currency","2015/03/24",1035.00
"Currency","2015/03/23",1035.00
"Currency","2015/03/20",1035.00
"Currency","2015/03/19",1035.00
"Currency","2015/03/18",1035.00
"Currency","2015/03/17",1035.00
"Currency","2015/03/16",1035.00
"Currency","2015/03/13",1035.00
"Currency","2015/03/12",1033.50
"Currency","2015/03/11",1033.50
"Currency","2015/03/10",1033.50
"Currency","2015/03/09",1033.50
"Currency","2015/03/06",1037.50
"Currency","2015/03/05",1037.50
"Currency","2015/03/04",1036.50
"Currency","2015/03/03",1036.50
"Currency","2015/03/02",1036.50
"Currency","2015/02/27",1036.50
"Currency","2015/02/26",1036.50
"Currency","2015/02/25",1034.00
"Currency","2015/02/24",1030.00
"Currency","2015/02/23",1031.50
"Currency","2015/02/20",1032.50
"Currency","2015/02/19",1032.00
"Currency","2015/02/18",1031.00
"Currency","2015/02/17",1030.00
"Currency","2015/02/16",1031.00
"Currency","2015/02/13",1031.00
"Currency","2015/02/12",1030.00
"Currency","2015/02/11",1030.00
"Currency","2015/02/10",1030.00
"Currency","2015/02/09",1029.00
"Currency","2015/02/06",1028.50
"Currency","2015/02/05",1028.50
"Currency","2015/02/04",1024.50
"Currency","2015/02/03",1025.50
"Currency","2015/02/02",1026.50
"Currency","2015/01/30",1028.00
"Currency","2015/01/29",1028.50
"Currency","2015/01/28",1027.00
"Currency","2015/01/27",1028.00
"Currency","2015/01/26",1026.00
"Currency","2015/01/23",1026.00
"Currency","2015/01/22",1026.00
"Currency","2015/01/21",1026.00
"Currency","2015/01/20",1027.50
"Currency","2015/01/19",1027.50
"Currency","2015/01/16",1030.50
"Currency","2015/01/15",1029.00
"Currency","2015/01/14",1030.50
"Currency","2015/01/13",1030.50
"Currency","2015/01/12",1029.00
"Currency","2015/01/09",1028.50
"Currency","2015/01/08",1028.50
"Currency","2015/01/07",1028.50
"Currency","2015/01/06",1032.00
"Currency","2015/01/05",1030.50
"Currency","2015/01/02",1032.00
"Currency","2015/01/01",1029.00
"Currency","2014/12/31",1032.50
"Currency","2014/12/30",1030.00
"Currency","2014/12/29",1031.00
"Currency","2014/12/26",1030.50
"Currency","2014/12/25",1031.00
"Currency","2014/12/24",1031.00
"Currency","2014/12/23",1031.00
"Currency","2014/12/22",1031.00
"Currency","2014/12/19",1026.00
"Currency","2014/12/18",1028.50
"Currency","2014/12/17",1028.50
"Currency","2014/12/16",1029.00
"Currency","2014/12/15",1029.00
"Currency","2014/12/12",1031.00
"Currency","2014/12/11",1029.50
"Currency","2014/12/10",1029.50
"Currency","2014/12/09",1029.50
"Currency","2014/12/08",1028.50
"Currency","2014/12/05",1028.50
"Currency","2014/12/04",1028.50
"Currency","2014/12/03",1033.50
"Currency","2014/12/02",1033.50
"Currency","2014/12/01",1030.00
"Currency","2014/11/28",1032.00
"Currency","2014/11/27",1032.50
"Currency","2014/11/26",1033.50
"Currency","2014/11/25",1038.00
"Currency","2014/11/24",1038.00
"Currency","2014/11/23",1055.00
"Currency","2014/11/22",1055.00
"Currency","2014/11/21",1051.00
"Currency","2014/11/20",1051.00
"Currency","2014/11/19",1045.00
"Currency","2014/11/18",1045.00
"Currency","2014/11/17",1032.50
"Currency","2014/11/16",1029.00
"Currency","2014/11/15",1029.00
"Currency","2014/11/14",1028.00
"Currency","2014/11/13",1028.00
"Currency","2014/11/12",1019.50
"Currency","2014/11/11",1019.50
"Currency","2014/11/10",1019.50
"Currency","2014/11/09",1020.00
"Currency","2014/11/08",1020.00
"Currency","2014/11/07",1019.00
"Currency","2014/11/06",1014.00
"Currency","2014/11/05",1014.00
"Currency","2014/11/04",1009.50
"Currency","2014/11/03",1005.00
"Currency","2014/11/02",1005.00
"Currency","2014/11/01",1005.00
"Currency","2014/10/31",1004.00
"Currency","2014/10/30",1007.00
"Currency","2014/10/29",1009.50
"Currency","2014/10/28",1005.50
"Currency","2014/10/27",999.00
"Currency","2014/10/26",992.00
"Currency","2014/10/25",999.00
"Currency","2014/10/24",998.00
"Currency","2014/10/23",997.00
"Currency","2014/10/22",997.00
"Currency","2014/10/21",993.50
"Currency","2014/10/20",993.50
"Currency","2014/10/19",996.00
"Currency","2014/10/18",996.00
"Currency","2014/10/17",994.50
"Currency","2014/10/16",995.50
"Currency","2014/10/15",993.00
"Currency","2014/10/14",991.50
"Currency","2014/10/13",990.00
"Currency","2014/10/12",992.00
"Currency","2014/10/11",992.00
"Currency","2014/10/10",990.00
"Currency","2014/10/09",990.00
"Currency","2014/10/08",991.50
"Currency","2014/10/07",991.50
"Currency","2014/10/06",988.50
"Currency","2014/10/05",990.00
"Currency","2014/10/04",990.00
"Currency","2014/10/03",988.50
"Currency","2014/10/02",990.00
"Currency","2014/10/01",990.00
"Currency","2014/09/30",992.50
"Currency","2014/09/29",992.00
"Currency","2014/09/28",991.00
"Currency","2014/09/27",991.00
"Currency","2014/09/26",990.50
"Currency","2014/09/25",992.00
"Currency","2014/09/24",992.00
"Currency","2014/09/23",992.50
"Currency","2014/09/22",987.00
"Currency","2014/09/21",986.00
"Currency","2014/09/20",986.00
"Currency","2014/09/19",985.50
"Currency","2014/09/18",982.50
"Currency","2014/09/17",980.00
"Currency","2014/09/16",979.00
"Currency","2014/09/15",980.00
"Currency","2014/09/14",977.00
"Currency","2014/09/13",977.00
"Currency","2014/09/12",976.00
"Currency","2014/09/11",972.50
"Currency","2014/09/10",972.50
"Currency","2014/09/09",973.00
"Currency","2014/09/08",970.50
"Currency","2014/09/05",971.00
"Currency","2014/09/04",972.50
"Currency","2014/09/03",971.00
"Currency","2014/09/02",970.50
"Currency","2014/09/01",971.00
"Currency","2014/08/29",971.00
"Currency","2014/08/28",971.00
"Currency","2014/08/27",971.50
"Currency","2014/08/26",970.50
"Currency","2014/08/25",970.50
"Currency","2014/08/24",974.00
"Currency","2014/08/23",974.00
"Currency","2014/08/22",971.00
"Currency","2014/08/21",972.50
"Currency","2014/08/20",971.00
"Currency","2014/08/19",971.00
"Currency","2014/08/18",971.50
"Currency","2014/08/17",973.00
"Currency","2014/08/16",973.00
"Currency","2014/08/15",970.50
"Currency","2014/08/14",971.00
"Currency","2014/08/13",971.00
"Currency","2014/08/12",972.00
"Currency","2014/08/11",971.00
"Currency","2014/08/10",973.00
"Currency","2014/08/09",973.00
"Currency","2014/08/08",971.00
"Currency","2014/08/07",971.00
"Currency","2014/08/06",971.00
"Currency","2014/08/05",973.00
"Currency","2014/08/04",972.00
"Currency","2014/08/03",976.00
"Currency","2014/08/02",976.00
"Currency","2014/08/01",973.00
"Currency","2014/07/31",972.00
"Currency","2014/07/30",972.50
"Currency","2014/07/29",972.50
"Currency","2014/07/28",972.00
"Currency","2014/07/27",974.00
"Currency","2014/07/26",974.00
"Currency","2014/07/25",972.00
"Currency","2014/07/24",972.00
"Currency","2014/07/23",972.00
"Currency","2014/07/22",972.00
"Currency","2014/07/21",971.00
"Currency","2014/07/19",974.00
"Currency","2014/07/18",972.00
"Currency","2014/07/17",972.00
"Currency","2014/07/16",971.50
"Currency","2014/07/15",971.50
"Currency","2014/07/14",970.50
"Currency","2014/07/13",974.00
"Currency","2014/07/12",974.00
"Currency","2014/07/11",972.00
"Currency","2014/07/10",972.00
"Currency","2014/07/09",973.00
"Currency","2014/07/08",973.00
"Currency","2014/07/07",973.00
"Currency","2014/07/06",978.00
"Currency","2014/07/05",978.00
"Currency","2014/07/04",973.50
"Currency","2014/07/03",975.00
"Currency","2014/07/02",975.00
"Currency","2014/07/01",975.50
"Currency","2014/06/30",975.00
"Currency","2014/06/29",979.00
"Currency","2014/06/28",979.00
"Currency","2014/06/27",975.50
"Currency","2014/06/26",976.00
"Currency","2014/06/25",975.50
"Currency","2014/06/24",974.50
"Currency","2014/06/23",976.00
"Currency","2014/06/22",980.00
"Currency","2014/06/21",980.00
"Currency","2014/06/20",977.50
"Currency","2014/06/19",977.50
"Currency","2014/06/18",978.50
"Currency","2014/06/17",972.50
"Currency","2014/06/16",971.50
"Currency","2014/06/15",970.00
"Currency","2014/06/14",970.00
"Currency","2014/06/13",969.00
"Currency","2014/06/12",969.00
"Currency","2014/06/11",968.50
"Currency","2014/06/10",967.50
"Currency","2014/06/09",968.50
"Currency","2014/06/08",971.00
"Currency","2014/06/07",971.00
"Currency","2014/06/06",969.00
"Currency","2014/06/05",968.00
"Currency","2014/06/04",967.50
"Currency","2014/06/03",968.50
"Currency","2014/06/02",966.50
"Currency","2014/06/01",969.00
"Currency","2014/05/31",969.00
"Currency","2014/05/30",967.00
"Currency","2014/05/29",966.00
"Currency","2014/05/28",966.50
"Currency","2014/05/27",964.50
"Currency","2014/05/26",964.50
"Currency","2014/05/24",968.00
"Currency","2014/05/23",967.50
"Currency","2014/05/22",966.00
"Currency","2014/05/21",963.50
"Currency","2014/05/20",964.50
"Currency","2014/05/19",963.00
"Currency","2014/05/18",965.00
"Currency","2014/05/17",965.00
"Currency","2014/05/16",962.00
"Currency","2014/05/15",961.50
"Currency","2014/05/14",961.50
"Currency","2014/05/13",962.00
"Currency","2014/05/12",962.00
"Currency","2014/05/11",963.00
"Currency","2014/05/10",963.00
"Currency","2014/05/09",961.50
"Currency","2014/05/08",961.50
"Currency","2014/05/07",961.50
"Currency","2014/05/06",960.00
"Currency","2014/05/05",960.50
"Currency","2014/05/04",965.00
"Currency","2014/05/03",965.00
"Currency","2014/05/02",961.50
"Currency","2014/05/01",963.00
"Currency","2014/04/30",963.00
"Currency","2014/04/29",963.00
"Currency","2014/04/28",962.50
"Currency","2014/04/27",965.00
"Currency","2014/04/26",965.00
"Currency","2014/04/25",962.50
"Currency","2014/04/24",961.50
"Currency","2014/04/23",961.50
"Currency","2014/04/22",961.50
"Currency","2014/04/21",961.00
"Currency","2014/04/20",960.00
"Currency","2014/04/19",960.00
"Currency","2014/04/18",961.00
"Currency","2014/04/17",961.00
"Currency","2014/04/16",961.00
"Currency","2014/04/15",961.00
"Currency","2014/04/14",961.00
"Currency","2014/04/13",960.00
"Currency","2014/04/12",960.00
"Currency","2014/04/11",961.00
"Currency","2014/04/10",961.50
"Currency","2014/04/09",962.50
"Currency","2014/04/08",960.50
"Currency","2014/04/07",961.50
"Currency","2014/04/06",964.00
"Currency","2014/04/05",964.00
"Currency","2014/04/04",962.00
"Currency","2014/04/03",961.50
"Currency","2014/04/02",962.00
"Currency","2014/04/01",963.00
"Currency","2014/03/31",963.50
"Currency","2014/03/30",966.00
"Currency","2014/03/29",966.00
"Currency","2014/03/28",963.50
"Currency","2014/03/27",963.00
"Currency","2014/03/26",963.00
"Currency","2014/03/25",963.50
"Currency","2014/03/24",963.00
"Currency","2014/03/23",966.00
"Currency","2014/03/22",966.00
"Currency","2014/03/21",963.00
"Currency","2014/03/20",962.00
"Currency","2014/03/19",960.50
"Currency","2014/03/18",958.50
"Currency","2014/03/17",963.00
"Currency","2014/03/16",965.00
"Currency","2014/03/15",965.00
"Currency","2014/03/14",966.50
"Currency","2014/03/13",967.00
"Currency","2014/03/12",970.50
"Currency","2014/03/11",972.50
"Currency","2014/03/10",974.50
"Currency","2014/03/09",976.00
"Currency","2014/03/08",976.00
"Currency","2014/03/07",976.50
"Currency","2014/03/06",977.00
"Currency","2014/03/05",977.50
"Currency","2014/03/04",977.50
"Currency","2014/03/03",981.00
"Currency","2014/03/02",982.00
"Currency","2014/03/01",982.00
"Currency","2014/02/28",981.50
"Currency","2014/02/27",981.50
"Currency","2014/02/26",982.00
"Currency","2014/02/25",983.00
"Currency","2014/02/24",983.50
"Currency","2014/02/23",986.00
"Currency","2014/02/22",986.00
"Currency","2014/02/21",984.50
"Currency","2014/02/20",984.00
"Currency","2014/02/19",984.50
"Currency","2014/02/18",984.50
"Currency","2014/02/17",984.50
"Currency","2014/02/16",986.00
"Currency","2014/02/15",986.00
"Currency","2014/02/14",984.50
"Currency","2014/02/13",984.50
"Currency","2014/02/12",985.00
"Currency","2014/02/11",985.00
"Currency","2014/02/10",985.50
"Currency","2014/02/09",986.00
"Currency","2014/02/08",986.00
"Currency","2014/02/07",984.50
"Currency","2014/02/06",982.50
"Currency","2014/02/05",984.00
"Currency","2014/02/04",984.00
"Currency","2014/02/03",982.00
"Currency","2014/02/02",985.00
"Currency","2014/02/01",985.00
"Currency","2014/01/31",985.00
"Currency","2014/01/30",985.00
"Currency","2014/01/29",985.00
"Currency","2014/01/28",986.00
"Currency","2014/01/25",988.00
"Currency","2014/01/24",988.00
"Currency","2014/01/23",987.00
"Currency","2014/01/22",984.00
"Currency","2014/01/21",986.00
"Currency","2014/01/20",987.00
"Currency","2014/01/19",987.00
"Currency","2014/01/18",987.00
"Currency","2014/01/17",987.00
"Currency","2014/01/16",985.00
"Currency","2014/01/15",985.00
"Currency","2014/01/14",985.00
"Currency","2014/01/13",987.00
"Currency","2014/01/12",987.00
"Currency","2014/01/11",987.00
"Currency","2014/01/10",987.00
"Currency","2014/01/09",986.00
"Currency","2014/01/08",984.00
"Currency","2014/01/07",981.00
"Currency","2014/01/06",986.00
"Currency","2014/01/05",985.00
"Currency","2014/01/04",985.00
"Currency","2014/01/03",985.00
"Currency","2014/01/02",987.00
"Currency","2014/01/01",989.00
"Currency","2013/12/31",989.00
"Currency","2013/12/30",988.00
"Currency","2013/12/29",989.00
"Currency","2013/12/28",989.00
"Currency","2013/12/27",989.00
"Currency","2013/12/26",988.00
"Currency","2013/12/25",988.00
"Currency","2013/12/24",988.00
"Currency","2013/12/23",986.00
"Currency","2013/12/22",985.00
"Currency","2013/12/21",985.00
"Currency","2013/12/20",985.00
"Currency","2013/12/19",984.00
"Currency","2013/12/18",984.00
"Currency","2013/12/17",984.00
"Currency","2013/12/16",982.00
"Currency","2013/12/15",983.00
"Currency","2013/12/14",983.00
"Currency","2013/12/13",983.00
"Currency","2013/12/12",984.00
"Currency","2013/12/11",983.00
"Currency","2013/12/10",981.00
"Currency","2013/12/09",984.00
"Currency","2013/12/08",984.00
"Currency","2013/12/07",984.00
"Currency","2013/12/06",984.00
"Currency","2013/12/05",983.00
"Currency","2013/12/04",983.00
"Currency","2013/12/03",982.00
"Currency","2013/12/02",981.00
"Currency","2013/12/01",988.00
"Currency","2013/11/30",988.00
"Currency","2013/11/29",988.00
"Currency","2013/11/28",981.00
"Currency","2013/11/27",981.00
"Currency","2013/11/26",981.00
"Currency","2013/11/25",981.00
"Currency","2013/11/24",980.00
"Currency","2013/11/23",980.00
"Currency","2013/11/22",980.00
"Currency","2013/11/21",974.00
"Currency","2013/11/20",974.00
"Currency","2013/11/19",973.00
"Currency","2013/11/18",973.00
"Currency","2013/11/17",974.00
"Currency","2013/11/16",974.00
"Currency","2013/11/15",969.04
"Currency","2013/11/14",974.00
"Currency","2013/11/13",973.00
"Currency","2013/11/12",974.00
"Currency","2013/11/11",972.00
"Currency","2013/11/10",972.00
"Currency","2013/11/09",972.00
"Currency","2013/11/08",972.00
"Currency","2013/11/07",973.00
"Currency","2013/11/06",972.00
"Currency","2013/11/05",972.00
"Currency","2013/11/04",972.00
"Currency","2013/11/03",972.00
"Currency","2013/11/02",972.00
"Currency","2013/11/01",972.00
"Currency","2013/10/31",971.00
"Currency","2013/10/30",973.00
"Currency","2013/10/29",974.00
"Currency","2013/10/28",973.00
"Currency","2013/10/27",973.00
"Currency","2013/10/26",973.00
"Currency","2013/10/25",973.61
"Currency","2013/10/24",972.00
"Currency","2013/10/23",974.00
"Currency","2013/10/22",973.00
"Currency","2013/10/21",974.00
"Currency","2013/10/20",973.00
"Currency","2013/10/19",973.00
"Currency","2013/10/18",974.78
"Currency","2013/10/17",974.00
"Currency","2013/10/16",974.00
"Currency","2013/10/15",974.00
"Currency","2013/10/14",973.00
"Currency","2013/10/13",971.00
"Currency","2013/10/11",971.00
"Currency","2013/10/10",970.00
"Currency","2013/10/09",969.00
"Currency","2013/10/08",969.00
"Currency","2013/10/07",969.00
"Currency","2013/10/04",973.00
"Currency","2013/10/03",975.00
"Currency","2013/10/02",974.00
"Currency","2013/10/01",974.00
"Currency","2013/09/30",974.00
"Currency","2013/09/27",974.00
"Currency","2013/09/26",975.00
"Currency","2013/09/25",974.00
"Currency","2013/09/24",975.00
"Currency","2013/09/23",973.00
"Currency","2013/09/20",974.00
"Currency","2013/09/19",977.00
"Currency","2013/09/18",977.00
"Currency","2013/09/17",976.00
"Currency","2013/09/16",974.00
"Currency","2013/09/13",974.00
"Currency","2013/09/12",972.00
"Currency","2013/09/11",972.00
"Currency","2013/09/10",971.00
"Currency","2013/09/09",970.00
"Currency","2013/09/06",970.00
"Currency","2013/09/05",970.00
"Currency","2013/09/04",972.00
"Currency","2013/09/03",969.00
"Currency","2013/09/02",970.00
"Currency","2013/08/30",970.00
"Currency","2013/08/29",969.00
"Currency","2013/08/28",970.00
"Currency","2013/08/27",971.00
"Currency","2013/08/26",971.00
"Currency","2013/08/23",974.00
"Currency","2013/08/22",972.00
"Currency","2013/08/21",972.00
"Currency","2013/08/20",970.00
"Currency","2013/08/19",972.00
"Currency","2013/08/16",975.00
"Currency","2013/08/15",976.00
"Currency","2013/08/14",975.00
"Currency","2013/08/13",975.00
"Currency","2013/08/12",974.00
"Currency","2013/08/09",974.00
"Currency","2013/08/08",975.00
"Currency","2013/08/07",975.00
"Currency","2013/08/06",974.00
"Currency","2013/08/05",977.00
"Currency","2013/08/02",972.00
"Currency","2013/08/01",972.00
"Currency","2013/07/31",975.00
"Currency","2013/07/30",977.00
"Currency","2013/07/29",977.00
"Currency","2013/07/26",977.00
"Currency","2013/07/25",981.00
"Currency","2013/07/24",981.00
"Currency","2013/07/23",980.00
"Currency","2013/07/22",988.00
"Currency","2013/07/19",988.00
"Currency","2013/07/18",988.00
"Currency","2013/07/17",988.00
"Currency","2013/07/16",984.00
"Currency","2013/07/15",983.00
"Currency","2013/07/12",983.00
"Currency","2013/07/11",987.00
"Currency","2013/07/10",978.00
"Currency","2013/07/09",978.00
"Currency","2013/07/08",978.00
"Currency","2013/07/05",978.00
"Currency","2013/07/04",978.00
"Currency","2013/07/03",978.00
"Currency","2013/07/02",980.00
"Currency","2013/07/01",975.00
"Currency","2013/06/28",974.00
"Currency","2013/06/27",968.00
"Currency","2013/06/26",964.00
"Currency","2013/06/25",962.00
"Currency","2013/06/24",965.00
"Currency","2013/06/21",965.00
"Currency","2013/06/20",955.00
"Currency","2013/06/19",954.00
"Currency","2013/06/18",943.50
"Currency","2013/06/17",943.50
"Currency","2013/06/14",943.50
"Currency","2013/06/13",943.50
"Currency","2013/06/12",943.50
"Currency","2013/06/11",943.50
"Currency","2013/06/10",942.50
"Currency","2013/06/07",941.50
"Currency","2013/06/06",944.50
"Currency","2013/06/05",940.50
"Currency","2013/06/04",940.50
"Currency","2013/06/03",940.50
"Currency","2013/05/31",939.50
"Currency","2013/05/30",939.50
"Currency","2013/05/29",940.50
"Currency","2013/05/28",948.50
"Currency","2013/05/27",951.50
"Currency","2013/05/24",947.50
"Currency","2013/05/23",947.50
"Currency","2013/05/22",943.50
"Currency","2013/05/21",929.50
"Currency","2013/05/20",932.50
"Currency","2013/05/17",931.50
"Currency","2013/05/16",921.50
"Currency","2013/05/15",921.50
"Currency","2013/05/14",909.50
"Currency","2013/05/13",903.50
"Currency","2013/05/10",898.50
"Currency","2013/05/09",899.50
"Currency","2013/05/08",895.50
"Currency","2013/05/07",893.50
"Currency","2013/05/06",890.50
"Currency","2013/05/03",888.50
"Currency","2013/05/02",888.50
"Currency","2013/05/01",888.50
"Currency","2013/04/30",889.50
"Currency","2013/04/29",890.50
"Currency","2013/04/26",888.50
"Currency","2013/04/25",889.50
"Currency","2013/04/24",889.50
"Currency","2013/04/23",884.50
"Currency","2013/04/22",885.50
"Currency","2013/04/19",880.50
"Currency","2013/04/18",880.50
"Currency","2013/04/17",880.50
"Currency","2013/04/16",880.50
"Currency","2013/04/15",880.50
"Currency","2013/04/12",880.50
"Currency","2013/04/11",880.50
"Currency","2013/04/10",883.50
"Currency","2013/04/09",879.50
"Currency","2013/04/08",879.50
"Currency","2013/04/05",879.50
"Currency","2013/04/04",878.50
"Currency","2013/04/03",877.50
"Currency","2013/04/02",878.50
"Currency","2013/04/01",879.50
"Currency","2013/03/29",878.50
"Currency","2013/03/28",883.50
"Currency","2013/03/27",882.50
"Currency","2013/03/26",883.50
"Currency","2013/03/25",880.50
"Currency","2013/03/22",882.50
"Currency","2013/03/21",881.50
"Currency","2013/03/20",880.50
"Currency","2013/03/19",881.50
"Currency","2013/03/18",877.50
"Currency","2013/03/15",872.50
"Currency","2013/03/14",872.50
"Currency","2013/03/13",868.50
"Currency","2013/03/12",865.50
"Currency","2013/03/11",863.50
"Currency","2013/03/08",863.50
"Currency","2013/03/07",862.50
"Currency","2013/03/06",862.50
"Currency","2013/03/05",862.50
"Currency","2013/03/04",860.50
"Currency","2013/03/01",861.50
"Currency","2013/02/28",860.50
"Currency","2013/02/27",860.50
"Currency","2013/02/26",860.50
"Currency","2013/02/25",860.50
"Currency","2013/02/22",860.50
"Currency","2013/02/21",857.50
"Currency","2013/02/20",858.50
"Currency","2013/02/19",857.50
"Currency","2013/02/18",856.50
"Currency","2013/02/15",856.50
"Currency","2013/02/14",856.50
"Currency","2013/02/13",856.50
"Currency","2013/02/12",855.50
"Currency","2013/02/11",855.50
"Currency","2013/02/08",856.50
"Currency","2013/02/07",856.50
"Currency","2013/02/06",856.50
"Currency","2013/02/05",855.50
"Currency","2013/02/04",857.50
"Currency","2013/02/01",856.50
"Currency","2013/01/31",856.50
"Currency","2013/01/30",856.50
"Currency","2013/01/29",857.50
"Currency","2013/01/28",855.50
"Currency","2013/01/25",858.50
"Currency","2013/01/24",858.50
"Currency","2013/01/23",858.50
"Currency","2013/01/22",858.50
"Currency","2013/01/21",858.50
"Currency","2013/01/18",858.50
"Currency","2013/01/17",858.50
"Currency","2013/01/16",858.50
"Currency","2013/01/15",858.50
"Currency","2013/01/14",858.50
"Currency","2013/01/11",858.50
"Currency","2013/01/10",857.50
"Currency","2013/01/09",857.50
"Currency","2013/01/08",857.50
"Currency","2013/01/07",857.50
"Currency","2013/01/04",857.50
"Currency","2013/01/03",857.50
"Currency","2013/01/02",857.50
"Currency","2013/01/01",857.50
"Currency","2012/12/31",857.50
"Currency","2012/12/28",857.50
"Currency","2012/12/27",857.50
"Currency","2012/12/26",857.50
"Currency","2012/12/25",857.50
"Currency","2012/12/24",857.50
"Currency","2012/12/21",856.50
"Currency","2012/12/20",855.50
"Currency","2012/12/19",855.50
"Currency","2012/12/18",854.50
"Currency","2012/12/17",854.50
"Currency","2012/12/14",854.50
"Currency","2012/12/13",854.50
"Currency","2012/12/12",853.50
"Currency","2012/12/11",853.50
"Currency","2012/12/10",853.50
"Currency","2012/12/07",853.50
"Currency","2012/12/06",853.50
"Currency","2012/12/04",852.50
"Currency","2012/12/03",852.50
"Currency","2012/11/29",852.50
"Currency","2012/11/28",852.50
"Currency","2012/11/27",852.50
"Currency","2012/11/26",852.50
"Currency","2012/11/23",852.50
"Currency","2012/11/22",851.50
"Currency","2012/11/21",851.50
"Currency","2012/11/20",851.50
"Currency","2012/11/19",851.50
"Currency","2012/11/16",851.50
"Currency","2012/11/15",851.50
"Currency","2012/11/14",850.50
"Currency","2012/11/13",850.50
"Currency","2012/11/12",850.50
"Currency","2012/11/09",850.50
"Currency","2012/11/06",850.07
"Currency","2012/11/05",849.48
"Currency","2012/11/04",852.95
"Currency","2012/11/02",850.00
"Currency","2012/11/01",852.46
"Currency","2012/10/31",854.35
"Currency","2012/10/30",849.75
"Currency","2012/10/29",850.54
"Currency","2012/10/28",848.31
"Currency","2012/10/26",850.91
"Currency","2012/10/25",854.75
"Currency","2012/10/24",848.97
"Currency","2012/10/23",852.42
"Currency","2012/10/22",851.41
"Currency","2012/10/21",852.70
"Currency","2012/10/19",852.93
"Currency","2012/10/18",853.83
"Currency","2012/10/17",852.20
"Currency","2012/10/16",847.95
"Currency","2012/10/15",854.06
"Currency","2012/10/14",855.06
"Currency","2012/10/12",854.41
"Currency","2012/10/11",854.01
"Currency","2012/10/10",853.67
"Currency","2012/10/09",858.26
"Currency","2012/10/08",854.95
"Currency","2012/10/07",854.96
"Currency","2012/10/05",856.94
"Currency","2012/10/04",853.36
"Currency","2012/10/03",858.96
"Currency","2012/10/02",860.04
"Currency","2012/10/01",861.70
"Currency","2012/09/30",865.25
"Currency","2012/09/28",861.33
"Currency","2012/09/27",858.73
"Currency","2012/09/26",861.37
"Currency","2012/09/25",862.40
"Currency","2012/09/24",861.34
"Currency","2012/09/23",865.10
"Currency","2012/09/21",862.98
"Currency","2012/09/20",863.01
"Currency","2012/09/19",862.25
"Currency","2012/09/18",867.35
"Currency","2012/09/17",866.36
"Currency","2012/09/16",864.95
"Currency","2012/09/14",865.88
"Currency","2012/09/13",862.76
"Currency","2012/09/12",869.35
"Currency","2012/09/11",865.19
"Currency","2012/09/10",871.91
"Currency","2012/09/09",862.31
"Currency","2012/09/07",869.35
"Currency","2012/09/06",869.68
"Currency","2012/09/05",866.21
"Currency","2012/09/04",871.25
"Currency","2012/09/03",869.72
"Currency","2012/09/02",872.56
"Currency","2012/08/31",871.66
"Currency","2012/08/30",874.39
"Currency","2012/08/29",874.87
"Currency","2012/08/28",871.47
"Currency","2012/08/27",874.93
"Currency","2012/08/26",873.80
"Currency","2012/08/24",873.32
"Currency","2012/08/23",873.13
"Currency","2012/08/22",870.01
"Currency","2012/08/21",871.24
"Currency","2012/08/20",873.30
"Currency","2012/08/19",875.88
"Currency","2012/08/17",874.36
"Currency","2012/08/16",868.56
"Currency","2012/08/15",874.11
"Currency","2012/08/14",875.24
"Currency","2012/08/13",873.44
"Currency","2012/08/12",871.69
"Currency","2012/08/10",873.29
"Currency","2012/08/09",873.64
"Currency","2012/08/08",872.40
"Currency","2012/08/07",874.27
"Currency","2012/08/06",871.08
"Currency","2012/08/05",867.94
"Currency","2012/08/03",874.98
"Currency","2012/08/02",881.29
"Currency","2012/08/01",880.81
"Currency","2012/07/31",873.82
"Currency","2012/07/30",874.25
"Currency","2012/07/29",872.22
"Currency","2012/07/27",873.70
"Currency","2012/07/26",868.99
"Currency","2012/07/25",870.65
"Currency","2012/07/24",873.03
"Currency","2012/07/23",873.18
"","",""
"Data Source: http://www.tradingeconomics.com","",""
"Downloaded from http://vam.wfp.org on 11 Jun 2018","",""
