"Indicator","Time","Value (USD/NPR)"
"Currency","2018/06/08",108.00
"Currency","2018/06/07",107.39
"Currency","2018/06/06",107.06
"Currency","2018/06/05",107.43
"Currency","2018/06/04",107.38
"Currency","2018/06/01",107.29
"Currency","2018/05/31",107.85
"Currency","2018/05/30",107.88
"Currency","2018/05/29",108.58
"Currency","2018/05/28",107.89
"Currency","2018/05/25",108.44
"Currency","2018/05/24",109.35
"Currency","2018/05/23",109.47
"Currency","2018/05/22",108.86
"Currency","2018/05/21",109.00
"Currency","2018/05/18",108.81
"Currency","2018/05/17",108.32
"Currency","2018/05/16",108.47
"Currency","2018/05/15",108.91
"Currency","2018/05/14",108.02
"Currency","2018/05/11",107.72
"Currency","2018/05/10",107.69
"Currency","2018/05/09",107.62
"Currency","2018/05/08",107.32
"Currency","2018/05/07",107.41
"Currency","2018/05/04",106.98
"Currency","2018/05/03",106.63
"Currency","2018/05/02",106.65
"Currency","2018/05/01",106.66
"Currency","2018/04/30",106.66
"Currency","2018/04/27",106.66
"Currency","2018/04/26",106.80
"Currency","2018/04/25",107.04
"Currency","2018/04/24",106.20
"Currency","2018/04/23",106.36
"Currency","2018/04/20",105.79
"Currency","2018/04/19",105.26
"Currency","2018/04/18",105.06
"Currency","2018/04/17",105.03
"Currency","2018/04/16",104.78
"Currency","2018/04/13",104.32
"Currency","2018/04/12",104.41
"Currency","2018/04/11",104.50
"Currency","2018/04/10",103.98
"Currency","2018/04/09",104.03
"Currency","2018/04/06",103.94
"Currency","2018/04/05",103.94
"Currency","2018/04/04",104.23
"Currency","2018/04/03",104.02
"Currency","2018/04/02",104.27
"Currency","2018/03/30",104.27
"Currency","2018/03/29",104.27
"Currency","2018/03/28",104.27
"Currency","2018/03/27",103.96
"Currency","2018/03/26",103.78
"Currency","2018/03/23",104.01
"Currency","2018/03/22",104.16
"Currency","2018/03/21",104.33
"Currency","2018/03/20",104.30
"Currency","2018/03/19",104.27
"Currency","2018/03/16",103.89
"Currency","2018/03/15",103.89
"Currency","2018/03/14",103.71
"Currency","2018/03/13",103.82
"Currency","2018/03/12",104.06
"Currency","2018/03/09",104.26
"Currency","2018/03/08",104.22
"Currency","2018/03/07",103.81
"Currency","2018/03/06",103.93
"Currency","2018/03/05",104.17
"Currency","2018/03/02",104.27
"Currency","2018/03/01",104.27
"Currency","2018/02/28",104.29
"Currency","2018/02/27",103.79
"Currency","2018/02/26",103.66
"Currency","2018/02/23",103.57
"Currency","2018/02/22",104.06
"Currency","2018/02/21",103.61
"Currency","2018/02/20",103.66
"Currency","2018/02/19",102.74
"Currency","2018/02/16",102.74
"Currency","2018/02/15",102.26
"Currency","2018/02/14",102.54
"Currency","2018/02/13",102.89
"Currency","2018/02/12",102.89
"Currency","2018/02/09",103.04
"Currency","2018/02/08",102.81
"Currency","2018/02/07",102.84
"Currency","2018/02/06",102.78
"Currency","2018/02/05",102.50
"Currency","2018/02/02",102.49
"Currency","2018/02/01",102.42
"Currency","2018/01/31",101.73
"Currency","2018/01/30",101.76
"Currency","2018/01/29",101.72
"Currency","2018/01/26",101.67
"Currency","2018/01/25",101.67
"Currency","2018/01/24",101.90
"Currency","2018/01/23",102.03
"Currency","2018/01/22",102.18
"Currency","2018/01/19",102.15
"Currency","2018/01/18",102.16
"Currency","2018/01/17",102.21
"Currency","2018/01/16",102.45
"Currency","2018/01/15",101.58
"Currency","2018/01/12",101.81
"Currency","2018/01/11",101.85
"Currency","2018/01/10",101.74
"Currency","2018/01/09",101.93
"Currency","2018/01/08",101.61
"Currency","2018/01/05",101.38
"Currency","2018/01/04",101.44
"Currency","2018/01/03",101.65
"Currency","2018/01/02",101.56
"Currency","2017/12/29",102.19
"Currency","2017/12/28",102.52
"Currency","2017/12/27",102.64
"Currency","2017/12/26",102.53
"Currency","2017/12/22",102.47
"Currency","2017/12/21",102.48
"Currency","2017/12/20",102.58
"Currency","2017/12/19",102.44
"Currency","2017/12/18",102.78
"Currency","2017/12/15",102.46
"Currency","2017/12/14",102.94
"Currency","2017/12/13",103.09
"Currency","2017/12/12",103.04
"Currency","2017/12/11",102.98
"Currency","2017/12/08",103.11
"Currency","2017/12/07",103.31
"Currency","2017/12/06",103.23
"Currency","2017/12/05",103.01
"Currency","2017/12/04",102.99
"Currency","2017/12/01",103.14
"Currency","2017/11/30",103.14
"Currency","2017/11/29",102.90
"Currency","2017/11/28",103.06
"Currency","2017/11/27",103.20
"Currency","2017/11/24",103.52
"Currency","2017/11/23",103.33
"Currency","2017/11/22",103.86
"Currency","2017/11/21",103.82
"Currency","2017/11/20",104.17
"Currency","2017/11/17",104.02
"Currency","2017/11/16",104.51
"Currency","2017/11/15",104.50
"Currency","2017/11/14",104.66
"Currency","2017/11/13",104.67
"Currency","2017/11/10",104.26
"Currency","2017/11/09",103.90
"Currency","2017/11/08",103.92
"Currency","2017/11/07",104.04
"Currency","2017/11/06",103.48
"Currency","2017/11/03",103.27
"Currency","2017/11/02",103.37
"Currency","2017/11/01",103.55
"Currency","2017/10/31",103.55
"Currency","2017/10/30",103.76
"Currency","2017/10/27",103.55
"Currency","2017/10/26",103.55
"Currency","2017/10/25",103.55
"Currency","2017/10/24",103.55
"Currency","2017/10/23",104.03
"Currency","2017/10/21",103.55
"Currency","2017/10/20",103.55
"Currency","2017/10/19",103.55
"Currency","2017/10/18",103.55
"Currency","2017/10/17",103.55
"Currency","2017/10/16",103.59
"Currency","2017/10/13",103.90
"Currency","2017/10/12",103.90
"Currency","2017/10/11",104.22
"Currency","2017/10/10",104.15
"Currency","2017/10/09",104.20
"Currency","2017/10/06",104.25
"Currency","2017/10/05",104.25
"Currency","2017/10/04",104.25
"Currency","2017/10/03",104.60
"Currency","2017/09/30",104.05
"Currency","2017/09/29",104.46
"Currency","2017/09/28",104.05
"Currency","2017/09/27",104.05
"Currency","2017/09/26",104.05
"Currency","2017/09/25",103.30
"Currency","2017/09/22",103.80
"Currency","2017/09/21",102.55
"Currency","2017/09/20",102.55
"Currency","2017/09/19",102.15
"Currency","2017/09/18",102.15
"Currency","2017/09/16",102.30
"Currency","2017/09/15",102.30
"Currency","2017/09/14",102.30
"Currency","2017/09/13",102.10
"Currency","2017/09/12",102.10
"Currency","2017/09/11",101.90
"Currency","2017/09/08",102.15
"Currency","2017/09/07",102.15
"Currency","2017/09/06",102.50
"Currency","2017/09/05",102.00
"Currency","2017/09/04",102.48
"Currency","2017/09/01",102.00
"Currency","2017/08/31",102.00
"Currency","2017/08/30",102.00
"Currency","2017/08/29",101.95
"Currency","2017/08/28",101.95
"Currency","2017/08/26",102.25
"Currency","2017/08/25",102.25
"Currency","2017/08/24",102.30
"Currency","2017/08/23",102.25
"Currency","2017/08/22",102.25
"Currency","2017/08/21",102.20
"Currency","2017/08/19",102.35
"Currency","2017/08/18",102.35
"Currency","2017/08/17",102.35
"Currency","2017/08/16",102.60
"Currency","2017/08/15",102.30
"Currency","2017/08/14",102.30
"Currency","2017/08/12",102.20
"Currency","2017/08/11",102.20
"Currency","2017/08/10",102.20
"Currency","2017/08/09",101.75
"Currency","2017/08/08",101.60
"Currency","2017/08/07",101.60
"Currency","2017/08/04",101.50
"Currency","2017/08/03",101.50
"Currency","2017/08/02",102.30
"Currency","2017/08/01",102.40
"Currency","2017/07/31",102.69
"Currency","2017/07/28",102.60
"Currency","2017/07/27",102.55
"Currency","2017/07/26",103.04
"Currency","2017/07/25",102.90
"Currency","2017/07/24",102.80
"Currency","2017/07/21",102.91
"Currency","2017/07/20",103.00
"Currency","2017/07/19",102.65
"Currency","2017/07/18",102.65
"Currency","2017/07/17",102.70
"Currency","2017/07/14",103.00
"Currency","2017/07/13",102.85
"Currency","2017/07/12",103.60
"Currency","2017/07/11",103.20
"Currency","2017/07/10",103.30
"Currency","2017/07/07",103.25
"Currency","2017/07/06",103.25
"Currency","2017/07/05",103.50
"Currency","2017/07/04",103.90
"Currency","2017/07/03",103.05
"Currency","2017/06/30",102.80
"Currency","2017/06/29",102.80
"Currency","2017/06/28",102.80
"Currency","2017/06/27",103.50
"Currency","2017/06/26",102.95
"Currency","2017/06/24",102.95
"Currency","2017/06/23",102.95
"Currency","2017/06/22",103.10
"Currency","2017/06/21",102.65
"Currency","2017/06/20",102.80
"Currency","2017/06/19",102.80
"Currency","2017/06/17",102.55
"Currency","2017/06/16",102.55
"Currency","2017/06/15",102.55
"Currency","2017/06/14",103.45
"Currency","2017/06/13",102.70
"Currency","2017/06/12",102.50
"Currency","2017/06/09",102.85
"Currency","2017/06/08",102.70
"Currency","2017/06/07",102.70
"Currency","2017/06/06",102.80
"Currency","2017/06/05",102.70
"Currency","2017/06/02",102.95
"Currency","2017/06/01",102.95
"Currency","2017/05/31",102.80
"Currency","2017/05/30",102.80
"Currency","2017/05/29",103.10
"Currency","2017/05/27",103.45
"Currency","2017/05/26",103.45
"Currency","2017/05/25",103.45
"Currency","2017/05/24",103.35
"Currency","2017/05/23",103.10
"Currency","2017/05/22",103.10
"Currency","2017/05/20",102.20
"Currency","2017/05/19",102.20
"Currency","2017/05/18",102.20
"Currency","2017/05/17",102.20
"Currency","2017/05/16",102.61
"Currency","2017/05/15",102.49
"Currency","2017/05/12",103.52
"Currency","2017/05/11",103.06
"Currency","2017/05/10",103.79
"Currency","2017/05/09",103.40
"Currency","2017/05/08",102.80
"Currency","2017/05/05",102.90
"Currency","2017/05/04",102.68
"Currency","2017/05/03",102.50
"Currency","2017/05/02",102.60
"Currency","2017/05/01",102.77
"Currency","2017/04/28",102.76
"Currency","2017/04/27",102.50
"Currency","2017/04/26",102.58
"Currency","2017/04/25",103.60
"Currency","2017/04/24",103.65
"Currency","2017/04/21",103.83
"Currency","2017/04/20",103.70
"Currency","2017/04/19",103.00
"Currency","2017/04/18",103.00
"Currency","2017/04/17",102.75
"Currency","2017/04/14",102.70
"Currency","2017/04/13",102.70
"Currency","2017/04/12",103.20
"Currency","2017/04/11",103.20
"Currency","2017/04/10",102.80
"Currency","2017/04/07",103.75
"Currency","2017/04/06",103.75
"Currency","2017/04/05",103.35
"Currency","2017/04/04",104.00
"Currency","2017/04/03",103.35
"Currency","2017/03/31",104.35
"Currency","2017/03/30",104.35
"Currency","2017/03/29",104.35
"Currency","2017/03/28",104.35
"Currency","2017/03/27",104.84
"Currency","2017/03/24",104.35
"Currency","2017/03/23",104.35
"Currency","2017/03/22",104.40
"Currency","2017/03/21",104.40
"Currency","2017/03/20",104.45
"Currency","2017/03/17",108.60
"Currency","2017/03/16",108.60
"Currency","2017/03/15",108.60
"Currency","2017/03/14",105.90
"Currency","2017/03/13",108.60
"Currency","2017/03/10",106.40
"Currency","2017/03/09",108.60
"Currency","2017/03/08",107.10
"Currency","2017/03/07",108.60
"Currency","2017/03/06",107.19
"Currency","2017/03/03",108.60
"Currency","2017/03/02",107.29
"Currency","2017/03/01",108.60
"Currency","2017/02/28",107.17
"Currency","2017/02/27",108.60
"Currency","2017/02/24",107.15
"Currency","2017/02/23",108.60
"Currency","2017/02/22",107.49
"Currency","2017/02/21",108.60
"Currency","2017/02/20",107.42
"Currency","2017/02/17",108.60
"Currency","2017/02/16",107.49
"Currency","2017/02/15",108.60
"Currency","2017/02/14",107.10
"Currency","2017/02/13",108.60
"Currency","2017/02/10",106.80
"Currency","2017/02/09",108.60
"Currency","2017/02/08",108.60
"Currency","2017/02/07",108.60
"Currency","2017/02/06",107.50
"Currency","2017/02/03",107.70
"Currency","2017/02/02",108.60
"Currency","2017/02/01",108.60
"Currency","2017/01/31",108.60
"Currency","2017/01/30",108.88
"Currency","2017/01/28",108.60
"Currency","2017/01/27",109.10
"Currency","2017/01/26",109.31
"Currency","2017/01/25",108.60
"Currency","2017/01/24",108.60
"Currency","2017/01/23",108.92
"Currency","2017/01/21",108.60
"Currency","2017/01/20",109.33
"Currency","2017/01/19",108.85
"Currency","2017/01/18",108.35
"Currency","2017/01/17",108.90
"Currency","2017/01/16",108.90
"Currency","2017/01/13",108.80
"Currency","2017/01/12",109.05
"Currency","2017/01/11",108.80
"Currency","2017/01/10",108.85
"Currency","2017/01/09",108.45
"Currency","2017/01/06",108.20
"Currency","2017/01/05",108.85
"Currency","2017/01/04",108.85
"Currency","2017/01/03",108.65
"Currency","2017/01/02",108.45
"Currency","2016/12/30",108.85
"Currency","2016/12/29",108.85
"Currency","2016/12/28",108.85
"Currency","2016/12/26",108.40
"Currency","2016/12/24",108.40
"Currency","2016/12/23",108.40
"Currency","2016/12/22",108.20
"Currency","2016/12/21",108.20
"Currency","2016/12/20",108.20
"Currency","2016/12/19",108.15
"Currency","2016/12/16",108.25
"Currency","2016/12/15",108.05
"Currency","2016/12/14",107.70
"Currency","2016/12/13",107.60
"Currency","2016/12/12",107.60
"Currency","2016/12/10",107.70
"Currency","2016/12/09",109.45
"Currency","2016/12/08",107.74
"Currency","2016/12/07",108.30
"Currency","2016/12/06",108.65
"Currency","2016/12/05",108.75
"Currency","2016/12/02",109.05
"Currency","2016/12/01",109.20
"Currency","2016/11/30",109.56
"Currency","2016/11/29",109.66
"Currency","2016/11/28",109.24
"Currency","2016/11/25",109.30
"Currency","2016/11/24",109.30
"Currency","2016/11/23",108.78
"Currency","2016/11/22",108.72
"Currency","2016/11/21",108.99
"Currency","2016/11/19",108.23
"Currency","2016/11/18",108.23
"Currency","2016/11/17",108.23
"Currency","2016/11/16",106.09
"Currency","2016/11/15",106.09
"Currency","2016/11/14",107.61
"Currency","2016/11/12",106.09
"Currency","2016/11/11",106.09
"Currency","2016/11/10",106.00
"Currency","2016/11/09",106.40
"Currency","2016/11/08",106.50
"Currency","2016/11/07",106.43
"Currency","2016/11/04",106.44
"Currency","2016/11/03",106.52
"Currency","2016/11/02",106.75
"Currency","2016/11/01",106.75
"Currency","2016/10/31",106.75
"Currency","2016/10/28",107.10
"Currency","2016/10/27",106.75
"Currency","2016/10/26",106.60
"Currency","2016/10/25",106.75
"Currency","2016/10/24",106.75
"Currency","2016/10/21",106.45
"Currency","2016/10/20",106.70
"Currency","2016/10/19",106.71
"Currency","2016/10/18",106.71
"Currency","2016/10/17",106.96
"Currency","2016/10/14",106.75
"Currency","2016/10/13",106.65
"Currency","2016/10/12",106.50
"Currency","2016/10/11",106.50
"Currency","2016/10/10",106.50
"Currency","2016/10/07",106.65
"Currency","2016/10/06",106.70
"Currency","2016/10/05",106.47
"Currency","2016/10/04",106.44
"Currency","2016/10/03",106.46
"Currency","2016/10/01",106.00
"Currency","2016/09/30",106.53
"Currency","2016/09/29",107.01
"Currency","2016/09/28",106.34
"Currency","2016/09/27",106.35
"Currency","2016/09/26",106.64
"Currency","2016/09/24",106.40
"Currency","2016/09/23",106.64
"Currency","2016/09/22",106.74
"Currency","2016/09/21",107.22
"Currency","2016/09/20",107.24
"Currency","2016/09/19",107.16
"Currency","2016/09/17",106.85
"Currency","2016/09/16",107.22
"Currency","2016/09/15",107.16
"Currency","2016/09/14",107.01
"Currency","2016/09/13",107.05
"Currency","2016/09/12",107.05
"Currency","2016/09/10",106.05
"Currency","2016/09/09",106.79
"Currency","2016/09/08",106.26
"Currency","2016/09/07",106.20
"Currency","2016/09/06",106.46
"Currency","2016/09/05",106.60
"Currency","2016/09/03",106.90
"Currency","2016/09/02",106.90
"Currency","2016/09/01",106.90
"Currency","2016/08/31",107.00
"Currency","2016/08/30",107.15
"Currency","2016/08/29",107.00
"Currency","2016/08/26",106.90
"Currency","2016/08/25",107.10
"Currency","2016/08/24",107.38
"Currency","2016/08/23",107.29
"Currency","2016/08/22",107.50
"Currency","2016/08/19",107.26
"Currency","2016/08/18",106.90
"Currency","2016/08/17",106.88
"Currency","2016/08/16",106.83
"Currency","2016/08/15",106.97
"Currency","2016/08/12",106.97
"Currency","2016/08/11",106.92
"Currency","2016/08/10",106.71
"Currency","2016/08/09",107.00
"Currency","2016/08/08",106.93
"Currency","2016/08/05",106.84
"Currency","2016/08/04",107.11
"Currency","2016/08/03",107.16
"Currency","2016/08/02",106.79
"Currency","2016/08/01",106.82
"Currency","2016/07/29",107.18
"Currency","2016/07/28",107.32
"Currency","2016/07/27",107.45
"Currency","2016/07/26",107.62
"Currency","2016/07/25",107.71
"Currency","2016/07/22",107.37
"Currency","2016/07/21",107.52
"Currency","2016/07/20",107.52
"Currency","2016/07/19",107.44
"Currency","2016/07/18",107.50
"Currency","2016/07/15",107.30
"Currency","2016/07/14",107.07
"Currency","2016/07/13",107.27
"Currency","2016/07/12",107.45
"Currency","2016/07/11",107.47
"Currency","2016/07/08",107.78
"Currency","2016/07/07",107.82
"Currency","2016/07/06",107.90
"Currency","2016/07/05",107.96
"Currency","2016/07/04",107.64
"Currency","2016/07/01",107.75
"Currency","2016/06/30",107.99
"Currency","2016/06/29",108.31
"Currency","2016/06/28",108.70
"Currency","2016/06/27",108.76
"Currency","2016/06/24",108.62
"Currency","2016/06/23",107.64
"Currency","2016/06/22",107.92
"Currency","2016/06/21",108.03
"Currency","2016/06/20",107.81
"Currency","2016/06/17",107.34
"Currency","2016/06/16",107.64
"Currency","2016/06/15",107.40
"Currency","2016/06/14",107.61
"Currency","2016/06/13",107.37
"Currency","2016/06/10",106.87
"Currency","2016/06/09",106.81
"Currency","2016/06/08",106.66
"Currency","2016/06/07",106.81
"Currency","2016/06/06",107.61
"Currency","2016/06/04",107.70
"Currency","2016/06/03",107.70
"Currency","2016/06/02",107.67
"Currency","2016/06/01",107.88
"Currency","2016/05/31",107.66
"Currency","2016/05/30",107.63
"Currency","2016/05/27",107.26
"Currency","2016/05/26",107.43
"Currency","2016/05/25",107.81
"Currency","2016/05/24",108.27
"Currency","2016/05/23",107.94
"Currency","2016/05/20",107.96
"Currency","2016/05/19",107.80
"Currency","2016/05/18",107.17
"Currency","2016/05/17",106.92
"Currency","2016/05/16",106.90
"Currency","2016/05/13",106.83
"Currency","2016/05/12",106.63
"Currency","2016/05/11",106.57
"Currency","2016/05/10",106.62
"Currency","2016/05/09",106.45
"Currency","2016/05/06",106.54
"Currency","2016/05/05",106.47
"Currency","2016/05/04",106.58
"Currency","2016/05/03",106.33
"Currency","2016/05/02",106.26
"Currency","2016/04/30",106.13
"Currency","2016/04/29",106.13
"Currency","2016/04/28",106.44
"Currency","2016/04/27",106.33
"Currency","2016/04/26",106.44
"Currency","2016/04/25",106.68
"Currency","2016/04/23",106.46
"Currency","2016/04/22",106.46
"Currency","2016/04/21",106.18
"Currency","2016/04/20",105.94
"Currency","2016/04/19",106.49
"Currency","2016/04/18",106.49
"Currency","2016/04/16",106.57
"Currency","2016/04/15",106.57
"Currency","2016/04/14",106.57
"Currency","2016/04/13",106.57
"Currency","2016/04/12",106.32
"Currency","2016/04/11",106.32
"Currency","2016/04/09",106.45
"Currency","2016/04/08",106.45
"Currency","2016/04/07",106.45
"Currency","2016/04/06",106.70
"Currency","2016/04/05",106.38
"Currency","2016/04/04",105.98
"Currency","2016/04/01",105.96
"Currency","2016/03/31",105.96
"Currency","2016/03/30",106.20
"Currency","2016/03/29",106.39
"Currency","2016/03/28",106.53
"Currency","2016/03/25",106.71
"Currency","2016/03/24",106.71
"Currency","2016/03/23",106.71
"Currency","2016/03/22",106.78
"Currency","2016/03/21",106.37
"Currency","2016/03/18",106.48
"Currency","2016/03/17",106.70
"Currency","2016/03/16",107.58
"Currency","2016/03/15",107.82
"Currency","2016/03/14",107.37
"Currency","2016/03/13",107.38
"Currency","2016/03/11",107.38
"Currency","2016/03/10",107.26
"Currency","2016/03/09",107.54
"Currency","2016/03/08",107.46
"Currency","2016/03/07",107.46
"Currency","2016/03/06",107.46
"Currency","2016/03/04",107.46
"Currency","2016/03/03",107.76
"Currency","2016/03/02",108.15
"Currency","2016/03/01",108.68
"Currency","2016/02/29",109.48
"Currency","2016/02/28",109.96
"Currency","2016/02/26",109.96
"Currency","2016/02/25",109.96
"Currency","2016/02/24",109.70
"Currency","2016/02/23",109.67
"Currency","2016/02/22",109.71
"Currency","2016/02/19",109.60
"Currency","2016/02/18",109.60
"Currency","2016/02/17",109.46
"Currency","2016/02/16",109.44
"Currency","2016/02/15",108.86
"Currency","2016/02/12",109.13
"Currency","2016/02/11",109.31
"Currency","2016/02/10",108.54
"Currency","2016/02/09",108.74
"Currency","2016/02/08",108.69
"Currency","2016/02/05",108.30
"Currency","2016/02/04",108.25
"Currency","2016/02/03",108.99
"Currency","2016/02/02",108.76
"Currency","2016/02/01",108.55
"Currency","2016/01/29",108.60
"Currency","2016/01/28",109.14
"Currency","2016/01/27",108.87
"Currency","2016/01/26",108.46
"Currency","2016/01/25",108.46
"Currency","2016/01/22",108.24
"Currency","2016/01/21",108.74
"Currency","2016/01/20",108.78
"Currency","2016/01/19",108.22
"Currency","2016/01/18",108.30
"Currency","2016/01/15",108.24
"Currency","2016/01/14",107.58
"Currency","2016/01/13",106.91
"Currency","2016/01/12",107.00
"Currency","2016/01/11",106.85
"Currency","2016/01/10",106.68
"Currency","2016/01/08",106.68
"Currency","2016/01/07",107.04
"Currency","2016/01/06",106.88
"Currency","2016/01/05",106.62
"Currency","2016/01/04",106.54
"Currency","2016/01/01",105.85
"Currency","2015/12/31",105.85
"Currency","2015/12/30",106.22
"Currency","2015/12/29",106.25
"Currency","2015/12/28",105.91
"Currency","2015/12/25",105.94
"Currency","2015/12/24",105.94
"Currency","2015/12/23",105.94
"Currency","2015/12/22",106.14
"Currency","2015/12/21",106.13
"Currency","2015/12/20",106.27
"Currency","2015/12/18",106.27
"Currency","2015/12/17",106.33
"Currency","2015/12/16",106.85
"Currency","2015/12/15",107.13
"Currency","2015/12/14",107.37
"Currency","2015/12/11",106.99
"Currency","2015/12/10",106.86
"Currency","2015/12/09",107.06
"Currency","2015/12/08",106.88
"Currency","2015/12/07",106.77
"Currency","2015/12/06",106.84
"Currency","2015/12/04",103.26
"Currency","2015/12/03",106.98
"Currency","2015/12/02",106.42
"Currency","2015/12/01",106.43
"Currency","2015/11/30",106.89
"Currency","2015/11/28",106.78
"Currency","2015/11/27",106.83
"Currency","2015/11/26",105.86
"Currency","2015/11/25",106.63
"Currency","2015/11/24",106.12
"Currency","2015/11/23",106.44
"Currency","2015/11/20",106.19
"Currency","2015/11/19",105.86
"Currency","2015/11/18",105.54
"Currency","2015/11/17",106.35
"Currency","2015/11/16",106.29
"Currency","2015/11/13",104.93
"Currency","2015/11/12",105.62
"Currency","2015/11/11",105.91
"Currency","2015/11/10",106.04
"Currency","2015/11/09",106.19
"Currency","2015/11/08",105.26
"Currency","2015/11/06",105.21
"Currency","2015/11/05",105.39
"Currency","2015/11/04",105.45
"Currency","2015/11/03",105.39
"Currency","2015/11/02",105.03
"Currency","2015/11/01",104.55
"Currency","2015/10/30",104.55
"Currency","2015/10/29",104.40
"Currency","2015/10/28",103.95
"Currency","2015/10/27",103.49
"Currency","2015/10/26",104.51
"Currency","2015/10/25",103.87
"Currency","2015/10/23",106.26
"Currency","2015/10/22",104.60
"Currency","2015/10/21",104.30
"Currency","2015/10/20",103.10
"Currency","2015/10/19",103.60
"Currency","2015/10/18",103.76
"Currency","2015/10/16",104.84
"Currency","2015/10/15",103.72
"Currency","2015/10/14",103.99
"Currency","2015/10/13",104.29
"Currency","2015/10/12",103.49
"Currency","2015/10/09",103.55
"Currency","2015/10/08",103.69
"Currency","2015/10/07",104.16
"Currency","2015/10/06",104.71
"Currency","2015/10/05",104.24
"Currency","2015/10/04",104.90
"Currency","2015/10/02",104.90
"Currency","2015/10/01",104.90
"Currency","2015/09/30",105.02
"Currency","2015/09/29",105.51
"Currency","2015/09/28",105.67
"Currency","2015/09/27",106.00
"Currency","2015/09/26",106.00
"Currency","2015/09/25",106.00
"Currency","2015/09/24",106.00
"Currency","2015/09/23",105.70
"Currency","2015/09/22",105.45
"Currency","2015/09/21",105.17
"Currency","2015/09/20",105.22
"Currency","2015/09/18",105.22
"Currency","2015/09/17",106.29
"Currency","2015/09/16",106.29
"Currency","2015/09/15",106.24
"Currency","2015/09/14",106.13
"Currency","2015/09/13",106.51
"Currency","2015/09/11",106.51
"Currency","2015/09/10",106.32
"Currency","2015/09/09",106.22
"Currency","2015/09/08",106.47
"Currency","2015/09/07",106.94
"Currency","2015/09/06",106.38
"Currency","2015/09/04",106.38
"Currency","2015/09/03",105.98
"Currency","2015/09/02",105.92
"Currency","2015/09/01",105.99
"Currency","2015/08/31",106.36
"Currency","2015/08/30",105.78
"Currency","2015/08/28",105.78
"Currency","2015/08/27",105.60
"Currency","2015/08/26",105.82
"Currency","2015/08/25",105.48
"Currency","2015/08/24",106.69
"Currency","2015/08/21",105.39
"Currency","2015/08/20",104.85
"Currency","2015/08/19",104.25
"Currency","2015/08/18",104.50
"Currency","2015/08/17",104.50
"Currency","2015/08/14",104.01
"Currency","2015/08/13",104.24
"Currency","2015/08/12",103.68
"Currency","2015/08/11",102.80
"Currency","2015/08/10",102.18
"Currency","2015/08/07",102.40
"Currency","2015/08/06",102.03
"Currency","2015/08/05",102.01
"Currency","2015/08/04",102.85
"Currency","2015/08/03",102.85
"Currency","2015/07/31",102.62
"Currency","2015/07/30",102.47
"Currency","2015/07/29",102.26
"Currency","2015/07/28",102.35
"Currency","2015/07/27",102.85
"Currency","2015/07/24",102.03
"Currency","2015/07/23",101.86
"Currency","2015/07/22",101.75
"Currency","2015/07/21",102.30
"Currency","2015/07/20",101.75
"Currency","2015/07/17",102.50
"Currency","2015/07/16",102.50
"Currency","2015/07/15",101.95
"Currency","2015/07/14",101.82
"Currency","2015/07/13",101.74
"Currency","2015/07/10",102.50
"Currency","2015/07/09",102.50
"Currency","2015/07/08",102.50
"Currency","2015/07/07",102.00
"Currency","2015/07/06",101.87
"Currency","2015/07/03",101.86
"Currency","2015/07/02",101.85
"Currency","2015/07/01",101.98
"Currency","2015/06/30",102.05
"Currency","2015/06/29",102.55
"Currency","2015/06/26",101.96
"Currency","2015/06/25",101.89
"Currency","2015/06/24",102.45
"Currency","2015/06/23",102.50
"Currency","2015/06/22",101.88
"Currency","2015/06/19",102.08
"Currency","2015/06/18",101.95
"Currency","2015/06/17",102.64
"Currency","2015/06/16",102.95
"Currency","2015/06/15",102.35
"Currency","2015/06/12",102.35
"Currency","2015/06/11",102.19
"Currency","2015/06/10",102.30
"Currency","2015/06/09",102.35
"Currency","2015/06/08",102.45
"Currency","2015/06/05",102.00
"Currency","2015/06/04",102.41
"Currency","2015/06/03",102.24
"Currency","2015/06/02",102.12
"Currency","2015/06/01",101.93
"Currency","2015/05/29",102.11
"Currency","2015/05/28",102.09
"Currency","2015/05/27",102.42
"Currency","2015/05/26",102.37
"Currency","2015/05/25",101.71
"Currency","2015/05/22",101.64
"Currency","2015/05/21",101.83
"Currency","2015/05/20",102.12
"Currency","2015/05/19",101.88
"Currency","2015/05/18",101.95
"Currency","2015/05/15",101.62
"Currency","2015/05/14",101.85
"Currency","2015/05/13",102.41
"Currency","2015/05/12",102.67
"Currency","2015/05/11",102.17
"Currency","2015/05/08",102.31
"Currency","2015/05/07",102.78
"Currency","2015/05/06",101.67
"Currency","2015/05/05",101.51
"Currency","2015/05/04",101.48
"Currency","2015/05/01",101.48
"Currency","2015/04/30",101.48
"Currency","2015/04/29",101.28
"Currency","2015/04/28",101.04
"Currency","2015/04/27",101.58
"Currency","2015/04/24",101.70
"Currency","2015/04/23",101.32
"Currency","2015/04/22",100.52
"Currency","2015/04/21",100.57
"Currency","2015/04/20",100.67
"Currency","2015/04/17",99.78
"Currency","2015/04/16",99.68
"Currency","2015/04/15",99.78
"Currency","2015/04/14",100.02
"Currency","2015/04/13",100.02
"Currency","2015/04/10",99.70
"Currency","2015/04/09",99.59
"Currency","2015/04/08",99.59
"Currency","2015/04/07",99.60
"Currency","2015/04/06",99.50
"Currency","2015/04/03",100.00
"Currency","2015/04/02",100.00
"Currency","2015/04/01",100.00
"Currency","2015/03/31",100.00
"Currency","2015/03/30",100.28
"Currency","2015/03/27",99.85
"Currency","2015/03/26",100.28
"Currency","2015/03/25",99.73
"Currency","2015/03/24",99.62
"Currency","2015/03/23",99.64
"Currency","2015/03/20",99.93
"Currency","2015/03/19",100.03
"Currency","2015/03/18",100.31
"Currency","2015/03/17",100.33
"Currency","2015/03/16",100.50
"Currency","2015/03/13",100.75
"Currency","2015/03/12",100.01
"Currency","2015/03/11",100.45
"Currency","2015/03/10",100.43
"Currency","2015/03/09",100.09
"Currency","2015/03/06",99.45
"Currency","2015/03/05",99.45
"Currency","2015/03/04",99.60
"Currency","2015/03/03",99.06
"Currency","2015/03/02",98.98
"Currency","2015/02/27",98.93
"Currency","2015/02/26",98.81
"Currency","2015/02/25",99.14
"Currency","2015/02/24",99.51
"Currency","2015/02/23",99.71
"Currency","2015/02/20",99.56
"Currency","2015/02/19",99.75
"Currency","2015/02/18",99.75
"Currency","2015/02/17",99.45
"Currency","2015/02/16",99.45
"Currency","2015/02/13",99.51
"Currency","2015/02/12",99.68
"Currency","2015/02/11",99.60
"Currency","2015/02/10",99.48
"Currency","2015/02/09",99.46
"Currency","2015/02/06",98.71
"Currency","2015/02/05",98.77
"Currency","2015/02/04",98.81
"Currency","2015/02/03",98.67
"Currency","2015/02/02",98.87
"Currency","2015/01/30",98.98
"Currency","2015/01/29",98.98
"Currency","2015/01/28",98.25
"Currency","2015/01/27",98.23
"Currency","2015/01/26",98.28
"Currency","2015/01/23",98.28
"Currency","2015/01/22",98.71
"Currency","2015/01/21",98.62
"Currency","2015/01/20",98.70
"Currency","2015/01/19",98.73
"Currency","2015/01/16",98.98
"Currency","2015/01/15",99.28
"Currency","2015/01/14",99.48
"Currency","2015/01/13",99.42
"Currency","2015/01/12",99.46
"Currency","2015/01/09",99.73
"Currency","2015/01/08",100.28
"Currency","2015/01/07",101.08
"Currency","2015/01/06",101.72
"Currency","2015/01/05",101.46
"Currency","2015/01/02",101.27
"Currency","2015/01/01",101.37
"Currency","2014/12/31",100.86
"Currency","2014/12/30",101.42
"Currency","2014/12/29",101.87
"Currency","2014/12/26",101.70
"Currency","2014/12/25",101.63
"Currency","2014/12/24",101.63
"Currency","2014/12/23",101.25
"Currency","2014/12/22",101.19
"Currency","2014/12/19",101.25
"Currency","2014/12/18",100.99
"Currency","2014/12/17",101.79
"Currency","2014/12/16",101.65
"Currency","2014/12/15",100.71
"Currency","2014/12/12",99.67
"Currency","2014/12/11",99.73
"Currency","2014/12/10",99.23
"Currency","2014/12/09",99.01
"Currency","2014/12/08",98.93
"Currency","2014/12/05",98.84
"Currency","2014/12/04",99.09
"Currency","2014/12/03",99.04
"Currency","2014/12/02",99.01
"Currency","2014/12/01",99.23
"Currency","2014/11/28",99.25
"Currency","2014/11/27",99.00
"Currency","2014/11/26",98.95
"Currency","2014/11/25",98.98
"Currency","2014/11/24",99.10
"Currency","2014/11/21",98.82
"Currency","2014/11/20",99.10
"Currency","2014/11/19",99.14
"Currency","2014/11/18",98.78
"Currency","2014/11/17",98.76
"Currency","2014/11/14",98.75
"Currency","2014/11/13",98.48
"Currency","2014/11/12",98.42
"Currency","2014/11/11",98.48
"Currency","2014/11/10",98.42
"Currency","2014/11/07",98.59
"Currency","2014/11/06",98.25
"Currency","2014/11/05",98.25
"Currency","2014/11/04",98.25
"Currency","2014/11/03",98.25
"Currency","2014/10/31",98.18
"Currency","2014/10/30",98.32
"Currency","2014/10/29",98.17
"Currency","2014/10/28",98.12
"Currency","2014/10/27",98.09
"Currency","2014/10/24",98.04
"Currency","2014/10/23",98.04
"Currency","2014/10/22",98.04
"Currency","2014/10/21",98.10
"Currency","2014/10/20",98.18
"Currency","2014/10/17",98.31
"Currency","2014/10/16",98.95
"Currency","2014/10/15",98.26
"Currency","2014/10/14",98.26
"Currency","2014/10/13",97.75
"Currency","2014/10/10",98.17
"Currency","2014/10/09",97.68
"Currency","2014/10/08",98.23
"Currency","2014/10/07",98.28
"Currency","2014/10/06",98.59
"Currency","2014/10/03",98.57
"Currency","2014/10/02",98.57
"Currency","2014/10/01",98.57
"Currency","2014/09/30",98.79
"Currency","2014/09/29",98.45
"Currency","2014/09/26",97.82
"Currency","2014/09/25",98.14
"Currency","2014/09/24",97.54
"Currency","2014/09/23",97.50
"Currency","2014/09/22",97.31
"Currency","2014/09/19",97.30
"Currency","2014/09/18",97.75
"Currency","2014/09/17",97.48
"Currency","2014/09/16",97.68
"Currency","2014/09/15",97.81
"Currency","2014/09/12",97.04
"Currency","2014/09/11",97.48
"Currency","2014/09/10",97.50
"Currency","2014/09/09",96.96
"Currency","2014/09/08",96.51
"Currency","2014/09/05",96.62
"Currency","2014/09/04",96.56
"Currency","2014/09/03",96.78
"Currency","2014/09/02",96.70
"Currency","2014/09/01",96.84
"Currency","2014/08/29",96.79
"Currency","2014/08/28",96.79
"Currency","2014/08/27",96.73
"Currency","2014/08/26",96.70
"Currency","2014/08/25",96.90
"Currency","2014/08/22",96.75
"Currency","2014/08/21",97.32
"Currency","2014/08/20",96.98
"Currency","2014/08/19",97.09
"Currency","2014/08/18",97.23
"Currency","2014/08/15",97.23
"Currency","2014/08/14",97.23
"Currency","2014/08/13",97.95
"Currency","2014/08/12",97.73
"Currency","2014/08/11",97.87
"Currency","2014/08/08",98.12
"Currency","2014/08/07",97.95
"Currency","2014/08/06",98.39
"Currency","2014/08/05",97.35
"Currency","2014/08/04",97.50
"Currency","2014/08/01",97.89
"Currency","2014/07/31",96.89
"Currency","2014/07/30",96.09
"Currency","2014/07/29",96.20
"Currency","2014/07/28",96.20
"Currency","2014/07/25",96.17
"Currency","2014/07/24",96.20
"Currency","2014/07/23",96.14
"Currency","2014/07/22",96.39
"Currency","2014/07/21",96.48
"Currency","2014/07/18",96.45
"Currency","2014/07/17",96.28
"Currency","2014/07/16",96.20
"Currency","2014/07/15",96.20
"Currency","2014/07/14",96.20
"Currency","2014/07/11",95.89
"Currency","2014/07/10",96.31
"Currency","2014/07/09",95.60
"Currency","2014/07/08",95.64
"Currency","2014/07/07",96.03
"Currency","2014/07/04",95.56
"Currency","2014/07/03",95.57
"Currency","2014/07/02",95.51
"Currency","2014/07/01",96.12
"Currency","2014/06/30",96.28
"Currency","2014/06/27",96.14
"Currency","2014/06/26",96.23
"Currency","2014/06/25",96.21
"Currency","2014/06/24",96.26
"Currency","2014/06/23",96.33
"Currency","2014/06/20",96.30
"Currency","2014/06/19",96.14
"Currency","2014/06/18",96.63
"Currency","2014/06/17",96.05
"Currency","2014/06/16",96.26
"Currency","2014/06/13",95.63
"Currency","2014/06/12",94.81
"Currency","2014/06/11",94.84
"Currency","2014/06/10",94.87
"Currency","2014/06/09",94.73
"Currency","2014/06/06",94.68
"Currency","2014/06/05",94.94
"Currency","2014/06/04",94.93
"Currency","2014/06/03",95.03
"Currency","2014/06/02",94.65
"Currency","2014/05/30",94.57
"Currency","2014/05/29",94.46
"Currency","2014/05/28",94.29
"Currency","2014/05/27",94.47
"Currency","2014/05/26",93.95
"Currency","2014/05/23",93.64
"Currency","2014/05/22",93.55
"Currency","2014/05/21",94.05
"Currency","2014/05/20",93.82
"Currency","2014/05/19",93.75
"Currency","2014/05/16",94.07
"Currency","2014/05/15",94.87
"Currency","2014/05/14",95.50
"Currency","2014/05/13",95.50
"Currency","2014/05/12",96.09
"Currency","2014/05/09",96.07
"Currency","2014/05/08",96.11
"Currency","2014/05/07",96.23
"Currency","2014/05/06",96.57
"Currency","2014/05/05",96.35
"Currency","2014/05/02",96.27
"Currency","2014/05/01",96.51
"Currency","2014/04/30",96.51
"Currency","2014/04/29",96.68
"Currency","2014/04/28",97.04
"Currency","2014/04/25",96.97
"Currency","2014/04/24",97.72
"Currency","2014/04/23",97.72
"Currency","2014/04/22",97.23
"Currency","2014/04/21",96.95
"Currency","2014/04/18",96.47
"Currency","2014/04/17",96.47
"Currency","2014/04/16",96.60
"Currency","2014/04/15",96.37
"Currency","2014/04/14",96.29
"Currency","2014/04/11",96.29
"Currency","2014/04/10",96.12
"Currency","2014/04/09",96.23
"Currency","2014/04/08",96.19
"Currency","2014/04/07",96.19
"Currency","2014/04/04",96.13
"Currency","2014/04/03",96.27
"Currency","2014/04/02",95.85
"Currency","2014/04/01",95.86
"Currency","2014/03/31",95.86
"Currency","2014/03/28",95.86
"Currency","2014/03/27",96.51
"Currency","2014/03/26",96.23
"Currency","2014/03/25",96.77
"Currency","2014/03/24",97.25
"Currency","2014/03/21",97.44
"Currency","2014/03/20",98.15
"Currency","2014/03/19",97.53
"Currency","2014/03/18",97.91
"Currency","2014/03/17",97.91
"Currency","2014/03/14",97.91
"Currency","2014/03/13",97.88
"Currency","2014/03/12",97.95
"Currency","2014/03/11",97.51
"Currency","2014/03/10",97.37
"Currency","2014/03/07",97.74
"Currency","2014/03/06",97.78
"Currency","2014/03/05",98.81
"Currency","2014/03/04",98.96
"Currency","2014/03/03",99.27
"Currency","2014/02/28",98.81
"Currency","2014/02/27",99.18
"Currency","2014/02/26",99.18
"Currency","2014/02/25",99.10
"Currency","2014/02/24",99.32
"Currency","2014/02/21",99.40
"Currency","2014/02/20",99.57
"Currency","2014/02/19",99.53
"Currency","2014/02/18",99.53
"Currency","2014/02/17",98.95
"Currency","2014/02/14",99.09
"Currency","2014/02/13",99.88
"Currency","2014/02/12",99.35
"Currency","2014/02/11",99.56
"Currency","2014/02/10",99.90
"Currency","2014/02/07",99.66
"Currency","2014/02/06",99.79
"Currency","2014/02/05",100.12
"Currency","2014/02/04",100.05
"Currency","2014/02/03",100.11
"Currency","2014/01/31",100.30
"Currency","2014/01/30",100.10
"Currency","2014/01/29",99.87
"Currency","2014/01/28",100.02
"Currency","2014/01/27",100.97
"Currency","2014/01/24",100.27
"Currency","2014/01/23",99.09
"Currency","2014/01/22",98.91
"Currency","2014/01/21",99.02
"Currency","2014/01/20",98.60
"Currency","2014/01/17",98.47
"Currency","2014/01/16",98.46
"Currency","2014/01/15",98.47
"Currency","2014/01/14",98.44
"Currency","2014/01/13",98.44
"Currency","2014/01/10",99.05
"Currency","2014/01/09",99.32
"Currency","2014/01/08",99.32
"Currency","2014/01/07",99.69
"Currency","2014/01/06",99.70
"Currency","2014/01/03",99.46
"Currency","2014/01/02",99.63
"Currency","2014/01/01",99.05
"Currency","2013/12/31",98.89
"Currency","2013/12/30",99.06
"Currency","2013/12/27",98.97
"Currency","2013/12/26",99.46
"Currency","2013/12/25",98.87
"Currency","2013/12/24",98.87
"Currency","2013/12/23",99.13
"Currency","2013/12/20",99.27
"Currency","2013/12/19",99.43
"Currency","2013/12/18",99.35
"Currency","2013/12/17",99.23
"Currency","2013/12/16",98.78
"Currency","2013/12/13",99.41
"Currency","2013/12/12",98.91
"Currency","2013/12/11",98.00
"Currency","2013/12/10",97.67
"Currency","2013/12/09",97.82
"Currency","2013/12/06",98.26
"Currency","2013/12/05",98.81
"Currency","2013/12/04",99.29
"Currency","2013/12/03",99.78
"Currency","2013/12/02",99.71
"Currency","2013/11/29",99.91
"Currency","2013/11/28",99.87
"Currency","2013/11/27",99.43
"Currency","2013/11/26",100.01
"Currency","2013/11/25",100.01
"Currency","2013/11/22",100.60
"Currency","2013/11/21",100.70
"Currency","2013/11/20",100.12
"Currency","2013/11/19",99.79
"Currency","2013/11/18",99.86
"Currency","2013/11/15",100.99
"Currency","2013/11/14",100.99
"Currency","2013/11/13",101.29
"Currency","2013/11/12",101.95
"Currency","2013/11/11",101.19
"Currency","2013/11/08",99.97
"Currency","2013/11/07",99.87
"Currency","2013/11/06",99.83
"Currency","2013/11/05",98.61
"Currency","2013/11/04",98.79
"Currency","2013/11/01",98.79
"Currency","2013/10/31",98.41
"Currency","2013/10/30",97.98
"Currency","2013/10/29",98.11
"Currency","2013/10/28",98.44
"Currency","2013/10/25",98.35
"Currency","2013/10/24",98.34
"Currency","2013/10/23",98.55
"Currency","2013/10/22",98.65
"Currency","2013/10/21",98.44
"Currency","2013/10/18",98.04
"Currency","2013/10/17",97.97
"Currency","2013/10/16",98.95
"Currency","2013/10/15",98.95
"Currency","2013/10/14",98.49
"Currency","2013/10/11",97.72
"Currency","2013/10/10",98.23
"Currency","2013/10/09",99.09
"Currency","2013/10/08",98.88
"Currency","2013/10/07",98.87
"Currency","2013/10/04",98.29
"Currency","2013/10/03",98.78
"Currency","2013/10/02",99.94
"Currency","2013/10/01",99.94
"Currency","2013/09/30",100.17
"Currency","2013/09/27",100.03
"Currency","2013/09/26",99.32
"Currency","2013/09/25",99.91
"Currency","2013/09/24",100.41
"Currency","2013/09/23",100.17
"Currency","2013/09/20",99.58
"Currency","2013/09/19",98.84
"Currency","2013/09/18",101.41
"Currency","2013/09/17",101.40
"Currency","2013/09/16",100.54
"Currency","2013/09/13",101.59
"Currency","2013/09/12",101.61
"Currency","2013/09/11",101.41
"Currency","2013/09/10",102.15
"Currency","2013/09/09",103.92
"Currency","2013/09/06",103.92
"Currency","2013/09/05",105.63
"Currency","2013/09/04",107.31
"Currency","2013/09/03",109.20
"Currency","2013/09/02",105.61
"Currency","2013/08/30",105.13
"Currency","2013/08/29",105.61
"Currency","2013/08/28",105.12
"Currency","2013/08/27",105.13
"Currency","2013/08/26",102.57
"Currency","2013/08/23",101.02
"Currency","2013/08/22",102.87
"Currency","2013/08/21",102.59
"Currency","2013/08/20",101.21
"Currency","2013/08/19",101.02
"Currency","2013/08/16",98.65
"Currency","2013/08/15",98.30
"Currency","2013/08/14",98.30
"Currency","2013/08/13",97.91
"Currency","2013/08/12",98.05
"Currency","2013/08/09",97.41
"Currency","2013/08/08",97.41
"Currency","2013/08/07",97.51
"Currency","2013/08/06",97.24
"Currency","2013/08/05",97.41
"Currency","2013/08/02",97.77
"Currency","2013/08/01",96.69
"Currency","2013/07/31",96.65
"Currency","2013/07/30",96.78
"Currency","2013/07/29",95.07
"Currency","2013/07/26",94.47
"Currency","2013/07/25",94.04
"Currency","2013/07/24",94.61
"Currency","2013/07/23",95.63
"Currency","2013/07/22",95.56
"Currency","2013/07/19",94.97
"Currency","2013/07/18",95.48
"Currency","2013/07/17",94.95
"Currency","2013/07/16",94.91
"Currency","2013/07/15",95.83
"Currency","2013/07/12",95.31
"Currency","2013/07/11",95.49
"Currency","2013/07/10",95.46
"Currency","2013/07/09",96.23
"Currency","2013/07/08",96.98
"Currency","2013/07/05",96.37
"Currency","2013/07/04",96.22
"Currency","2013/07/03",96.35
"Currency","2013/07/02",95.47
"Currency","2013/07/01",95.23
"Currency","2013/06/28",95.02
"Currency","2013/06/27",96.31
"Currency","2013/06/26",97.15
"Currency","2013/06/25",95.46
"Currency","2013/06/24",95.50
"Currency","2013/06/21",94.84
"Currency","2013/06/20",95.32
"Currency","2013/06/19",93.95
"Currency","2013/06/18",94.04
"Currency","2013/06/17",92.60
"Currency","2013/06/14",92.03
"Currency","2013/06/13",92.77
"Currency","2013/06/12",92.47
"Currency","2013/06/11",93.43
"Currency","2013/06/10",93.05
"Currency","2013/06/07",91.31
"Currency","2013/06/06",90.95
"Currency","2013/06/05",90.77
"Currency","2013/06/04",90.31
"Currency","2013/06/03",90.83
"Currency","2013/05/31",90.40
"Currency","2013/05/30",90.21
"Currency","2013/05/29",89.88
"Currency","2013/05/28",89.54
"Currency","2013/05/27",88.91
"Currency","2013/05/24",89.01
"Currency","2013/05/23",88.95
"Currency","2013/05/22",88.75
"Currency","2013/05/21",88.66
"Currency","2013/05/20",88.17
"Currency","2013/05/17",87.81
"Currency","2013/05/16",87.65
"Currency","2013/05/15",87.65
"Currency","2013/05/14",87.71
"Currency","2013/05/13",87.57
"Currency","2013/05/10",87.69
"Currency","2013/05/09",86.81
"Currency","2013/05/08",86.67
"Currency","2013/05/07",86.62
"Currency","2013/05/06",86.69
"Currency","2013/05/03",86.30
"Currency","2013/05/02",86.11
"Currency","2013/05/01",86.09
"Currency","2013/04/30",86.09
"Currency","2013/04/29",86.77
"Currency","2013/04/26",87.01
"Currency","2013/04/25",86.76
"Currency","2013/04/24",87.02
"Currency","2013/04/23",87.02
"Currency","2013/04/22",86.63
"Currency","2013/04/19",86.34
"Currency","2013/04/18",86.34
"Currency","2013/04/17",86.74
"Currency","2013/04/16",86.65
"Currency","2013/04/15",87.41
"Currency","2013/04/12",87.24
"Currency","2013/04/11",87.23
"Currency","2013/04/10",87.23
"Currency","2013/04/09",87.34
"Currency","2013/04/08",87.30
"Currency","2013/04/05",87.70
"Currency","2013/04/04",87.80
"Currency","2013/04/03",87.10
"Currency","2013/04/02",86.82
"Currency","2013/04/01",86.86
"Currency","2013/03/29",86.86
"Currency","2013/03/28",86.89
"Currency","2013/03/27",86.99
"Currency","2013/03/26",86.99
"Currency","2013/03/25",86.68
"Currency","2013/03/22",86.94
"Currency","2013/03/21",86.86
"Currency","2013/03/20",86.99
"Currency","2013/03/19",87.00
"Currency","2013/03/18",86.67
"Currency","2013/03/15",86.44
"Currency","2013/03/14",86.97
"Currency","2013/03/13",86.89
"Currency","2013/03/12",86.69
"Currency","2013/03/11",87.06
"Currency","2013/03/08",86.86
"Currency","2013/03/07",87.30
"Currency","2013/03/06",87.55
"Currency","2013/03/05",87.88
"Currency","2013/03/04",87.78
"Currency","2013/03/01",87.85
"Currency","2013/02/28",86.99
"Currency","2013/02/27",86.18
"Currency","2013/02/26",86.55
"Currency","2013/02/25",86.19
"Currency","2013/02/22",86.69
"Currency","2013/02/21",87.16
"Currency","2013/02/20",86.52
"Currency","2013/02/19",86.69
"Currency","2013/02/18",86.69
"Currency","2013/02/15",86.76
"Currency","2013/02/14",86.28
"Currency","2013/02/13",86.12
"Currency","2013/02/12",86.17
"Currency","2013/02/11",86.16
"Currency","2013/02/08",85.61
"Currency","2013/02/07",85.16
"Currency","2013/02/06",85.06
"Currency","2013/02/05",85.02
"Currency","2013/02/04",85.27
"Currency","2013/02/01",85.11
"Currency","2013/01/31",85.16
"Currency","2013/01/30",85.29
"Currency","2013/01/29",86.02
"Currency","2013/01/28",86.27
"Currency","2013/01/25",85.89
"Currency","2013/01/24",85.89
"Currency","2013/01/23",85.88
"Currency","2013/01/22",86.11
"Currency","2013/01/21",86.04
"Currency","2013/01/18",85.94
"Currency","2013/01/17",87.02
"Currency","2013/01/16",87.51
"Currency","2013/01/15",87.39
"Currency","2013/01/14",87.20
"Currency","2013/01/11",87.62
"Currency","2013/01/10",87.31
"Currency","2013/01/09",87.61
"Currency","2013/01/08",87.99
"Currency","2013/01/07",88.36
"Currency","2013/01/04",88.12
"Currency","2013/01/03",87.21
"Currency","2013/01/02",86.97
"Currency","2013/01/01",87.49
"Currency","2012/12/31",87.99
"Currency","2012/12/28",87.61
"Currency","2012/12/27",87.90
"Currency","2012/12/26",87.75
"Currency","2012/12/25",87.93
"Currency","2012/12/24",87.93
"Currency","2012/12/21",88.11
"Currency","2012/12/20",87.77
"Currency","2012/12/19",87.29
"Currency","2012/12/18",87.77
"Currency","2012/12/17",87.77
"Currency","2012/12/14",87.18
"Currency","2012/12/13",87.15
"Currency","2012/12/12",86.92
"Currency","2012/12/11",86.83
"Currency","2012/12/10",87.19
"Currency","2012/12/07",87.16
"Currency","2012/12/06",86.62
"Currency","2012/12/05",87.27
"Currency","2012/12/04",87.49
"Currency","2012/12/03",87.64
"Currency","2012/11/30",86.82
"Currency","2012/11/29",87.75
"Currency","2012/11/28",88.73
"Currency","2012/11/27",88.73
"Currency","2012/11/26",89.18
"Currency","2012/11/23",88.87
"Currency","2012/11/22",88.35
"Currency","2012/11/21",88.18
"Currency","2012/11/20",88.17
"Currency","2012/11/19",88.11
"Currency","2012/11/16",88.27
"Currency","2012/11/15",87.53
"Currency","2012/11/14",87.82
"Currency","2012/11/13",87.82
"Currency","2012/11/12",87.82
"Currency","2012/11/09",87.61
"Currency","2012/11/08",86.98
"Currency","2012/11/07",86.73
"Currency","2012/11/06",87.08
"Currency","2012/11/05",87.37
"Currency","2012/11/04",86.42
"Currency","2012/11/02",86.11
"Currency","2012/11/01",85.13
"Currency","2012/10/31",86.09
"Currency","2012/10/30",86.35
"Currency","2012/10/29",86.53
"Currency","2012/10/28",85.42
"Currency","2012/10/26",85.69
"Currency","2012/10/25",85.69
"Currency","2012/10/24",85.98
"Currency","2012/10/23",85.96
"Currency","2012/10/22",85.56
"Currency","2012/10/21",86.55
"Currency","2012/10/19",86.15
"Currency","2012/10/18",85.47
"Currency","2012/10/17",84.60
"Currency","2012/10/16",84.60
"Currency","2012/10/15",84.83
"Currency","2012/10/14",84.75
"Currency","2012/10/12",84.50
"Currency","2012/10/11",84.28
"Currency","2012/10/10",84.88
"Currency","2012/10/09",84.36
"Currency","2012/10/08",84.23
"Currency","2012/10/07",82.93
"Currency","2012/10/05",82.97
"Currency","2012/10/04",82.79
"Currency","2012/10/03",83.45
"Currency","2012/10/02",83.85
"Currency","2012/10/01",83.85
"Currency","2012/09/30",84.41
"Currency","2012/09/28",84.57
"Currency","2012/09/27",84.82
"Currency","2012/09/26",85.62
"Currency","2012/09/25",85.38
"Currency","2012/09/24",85.56
"Currency","2012/09/23",85.52
"Currency","2012/09/21",85.53
"Currency","2012/09/20",87.01
"Currency","2012/09/19",86.44
"Currency","2012/09/18",86.44
"Currency","2012/09/17",86.43
"Currency","2012/09/16",86.69
"Currency","2012/09/14",86.89
"Currency","2012/09/13",88.68
"Currency","2012/09/12",88.34
"Currency","2012/09/11",88.55
"Currency","2012/09/10",88.71
"Currency","2012/09/09",87.76
"Currency","2012/09/07",88.58
"Currency","2012/09/06",89.06
"Currency","2012/09/05",89.46
"Currency","2012/09/04",89.05
"Currency","2012/09/03",88.86
"Currency","2012/09/02",89.03
"Currency","2012/08/31",88.84
"Currency","2012/08/30",89.01
"Currency","2012/08/29",89.01
"Currency","2012/08/28",89.07
"Currency","2012/08/27",89.11
"Currency","2012/08/26",88.94
"Currency","2012/08/24",88.81
"Currency","2012/08/23",88.43
"Currency","2012/08/22",88.80
"Currency","2012/08/21",88.22
"Currency","2012/08/20",89.18
"Currency","2012/08/19",89.17
"Currency","2012/08/17",89.17
"Currency","2012/08/16",89.21
"Currency","2012/08/15",89.05
"Currency","2012/08/14",89.05
"Currency","2012/08/13",88.55
"Currency","2012/08/12",88.27
"Currency","2012/08/10",88.45
"Currency","2012/08/09",88.44
"Currency","2012/08/08",88.68
"Currency","2012/08/07",88.11
"Currency","2012/08/06",88.84
"Currency","2012/08/05",88.44
"Currency","2012/08/03",89.21
"Currency","2012/08/02",89.35
"Currency","2012/08/01",88.76
"Currency","2012/07/31",88.62
"Currency","2012/07/30",88.62
"Currency","2012/07/29",88.49
"Currency","2012/07/27",88.53
"Currency","2012/07/26",88.84
"Currency","2012/07/25",88.62
"Currency","2012/07/24",88.62
"Currency","2012/07/23",88.99
"Currency","2012/07/22",89.06
"Currency","2012/07/20",88.52
"Currency","2012/07/19",88.63
"Currency","2012/07/18",88.62
"Currency","2012/07/17",88.63
"Currency","2012/07/16",88.63
"Currency","2012/07/15",87.89
"Currency","2012/07/13",88.23
"Currency","2012/07/12",88.62
"Currency","2012/07/11",88.62
"Currency","2012/07/10",88.63
"Currency","2012/07/09",86.12
"Currency","2012/07/08",86.74
"Currency","2012/07/06",86.12
"Currency","2012/07/05",86.12
"Currency","2012/07/04",86.12
"Currency","2012/07/03",86.12
"Currency","2012/07/02",86.13
"Currency","2012/07/01",85.56
"Currency","2012/06/29",86.13
"Currency","2012/06/28",86.13
"Currency","2012/06/27",86.13
"Currency","2012/06/26",86.13
"Currency","2012/06/25",86.13
"Currency","2012/06/24",85.98
"Currency","2012/06/22",86.12
"Currency","2012/06/21",86.12
"Currency","2012/06/20",86.12
"Currency","2012/06/19",86.12
"Currency","2012/06/18",86.12
"Currency","2012/06/17",85.98
"Currency","2012/06/15",86.13
"Currency","2012/06/14",86.13
"Currency","2012/06/13",86.12
"Currency","2012/06/12",86.12
"Currency","2012/06/11",86.23
"Currency","2012/06/10",85.82
"Currency","2012/06/08",86.23
"Currency","2012/06/07",86.22
"Currency","2012/06/06",86.23
"Currency","2012/06/05",86.22
"Currency","2012/06/04",86.23
"Currency","2012/06/03",85.38
"Currency","2012/06/01",86.22
"Currency","2012/05/31",86.13
"Currency","2012/05/30",86.13
"Currency","2012/05/29",86.13
"Currency","2012/05/28",86.38
"Currency","2012/05/27",87.51
"Currency","2012/05/25",86.37
"Currency","2012/05/24",87.12
"Currency","2012/05/23",87.12
"Currency","2012/05/22",87.13
"Currency","2012/05/21",85.92
"Currency","2012/05/20",86.46
"Currency","2012/05/18",86.52
"Currency","2012/05/17",87.16
"Currency","2012/05/16",86.62
"Currency","2012/05/15",85.74
"Currency","2012/05/14",86.35
"Currency","2012/05/13",86.01
"Currency","2012/05/11",85.81
"Currency","2012/05/10",85.51
"Currency","2012/05/09",86.12
"Currency","2012/05/08",85.00
"Currency","2012/05/07",84.12
"Currency","2012/05/06",85.98
"Currency","2012/05/04",85.22
"Currency","2012/05/03",85.47
"Currency","2012/05/02",84.75
"Currency","2012/05/01",83.87
"Currency","2012/04/30",83.87
"Currency","2012/04/29",84.18
"Currency","2012/04/27",84.07
"Currency","2012/04/26",83.12
"Currency","2012/04/25",84.07
"Currency","2012/04/24",83.72
"Currency","2012/04/23",84.01
"Currency","2012/04/22",82.95
"Currency","2012/04/20",83.32
"Currency","2012/04/19",83.43
"Currency","2012/04/18",81.92
"Currency","2012/04/17",81.92
"Currency","2012/04/16",82.68
"Currency","2012/04/15",82.97
"Currency","2012/04/13",82.07
"Currency","2012/04/12",82.55
"Currency","2012/04/11",82.28
"Currency","2012/04/10",82.37
"Currency","2012/04/09",81.32
"Currency","2012/04/08",81.14
"Currency","2012/04/06",81.13
"Currency","2012/04/05",81.13
"Currency","2012/04/04",81.12
"Currency","2012/04/03",80.13
"Currency","2012/04/02",81.40
"Currency","2012/04/01",81.23
"Currency","2012/03/30",81.40
"Currency","2012/03/29",81.12
"Currency","2012/03/28",81.25
"Currency","2012/03/27",81.09
"Currency","2012/03/26",81.12
"Currency","2012/03/25",81.63
"Currency","2012/03/23",81.88
"Currency","2012/03/22",81.88
"Currency","2012/03/21",81.06
"Currency","2012/03/20",80.13
"Currency","2012/03/19",80.38
"Currency","2012/03/18",79.66
"Currency","2012/03/16",80.29
"Currency","2012/03/15",80.62
"Currency","2012/03/14",79.87
"Currency","2012/03/13",79.88
"Currency","2012/03/12",79.96
"Currency","2012/03/11",79.76
"Currency","2012/03/09",79.32
"Currency","2012/03/08",79.62
"Currency","2012/03/07",80.45
"Currency","2012/03/06",80.59
"Currency","2012/03/05",79.75
"Currency","2012/03/04",79.41
"Currency","2012/03/02",79.21
"Currency","2012/03/01",78.12
"Currency","2012/02/29",78.42
"Currency","2012/02/28",78.52
"Currency","2012/02/27",78.76
"Currency","2012/02/26",78.07
"Currency","2012/02/24",78.29
"Currency","2012/02/23",78.12
"Currency","2012/02/22",78.12
"Currency","2012/02/21",78.12
"Currency","2012/02/20",78.74
"Currency","2012/02/19",78.78
"Currency","2012/02/17",78.84
"Currency","2012/02/16",78.37
"Currency","2012/02/15",78.86
"Currency","2012/02/14",78.98
"Currency","2012/02/13",78.71
"Currency","2012/02/12",79.28
"Currency","2012/02/10",78.63
"Currency","2012/02/09",78.62
"Currency","2012/02/08",79.63
"Currency","2012/02/07",78.73
"Currency","2012/02/06",78.50
"Currency","2012/02/05",78.24
"Currency","2012/02/03",77.38
"Currency","2012/02/02",77.92
"Currency","2012/02/01",78.07
"Currency","2012/01/31",79.11
"Currency","2012/01/30",78.37
"Currency","2012/01/29",78.57
"Currency","2012/01/27",78.89
"Currency","2012/01/26",79.22
"Currency","2012/01/25",79.62
"Currency","2012/01/24",79.62
"Currency","2012/01/23",79.62
"Currency","2012/01/22",80.25
"Currency","2012/01/20",80.52
"Currency","2012/01/19",79.63
"Currency","2012/01/18",80.63
"Currency","2012/01/17",80.62
"Currency","2012/01/16",82.19
"Currency","2012/01/15",83.21
"Currency","2012/01/13",81.62
"Currency","2012/01/12",81.62
"Currency","2012/01/11",81.62
"Currency","2012/01/10",81.63
"Currency","2012/01/09",83.37
"Currency","2012/01/08",84.80
"Currency","2012/01/06",83.37
"Currency","2012/01/05",84.32
"Currency","2012/01/04",84.42
"Currency","2012/01/03",84.42
"Currency","2012/01/02",85.29
"Currency","2012/01/01",84.73
"Currency","2011/12/30",84.97
"Currency","2011/12/29",84.55
"Currency","2011/12/28",84.77
"Currency","2011/12/27",84.82
"Currency","2011/12/26",84.89
"Currency","2011/12/25",84.89
"Currency","2011/12/23",84.73
"Currency","2011/12/22",84.31
"Currency","2011/12/21",84.01
"Currency","2011/12/20",84.65
"Currency","2011/12/19",84.50
"Currency","2011/12/18",84.35
"Currency","2011/12/16",84.30
"Currency","2011/12/15",85.59
"Currency","2011/12/14",86.21
"Currency","2011/12/13",86.04
"Currency","2011/12/12",85.06
"Currency","2011/12/11",83.49
"Currency","2011/12/09",83.25
"Currency","2011/12/08",82.69
"Currency","2011/12/07",82.75
"Currency","2011/12/06",81.89
"Currency","2011/12/05",82.27
"Currency","2011/12/04",82.63
"Currency","2011/12/02",81.77
"Currency","2011/12/01",82.35
"Currency","2011/11/30",83.87
"Currency","2011/11/29",83.48
"Currency","2011/11/28",83.51
"Currency","2011/11/27",83.96
"Currency","2011/11/25",83.91
"Currency","2011/11/24",83.35
"Currency","2011/11/23",83.79
"Currency","2011/11/22",83.74
"Currency","2011/11/21",83.49
"Currency","2011/11/20",82.57
"Currency","2011/11/18",82.25
"Currency","2011/11/17",81.54
"Currency","2011/11/16",81.16
"Currency","2011/11/15",81.15
"Currency","2011/11/14",80.49
"Currency","2011/11/13",79.53
"Currency","2011/11/11",80.15
"Currency","2011/11/10",79.43
"Currency","2011/11/09",80.34
"Currency","2011/11/08",79.15
"Currency","2011/11/07",78.55
"Currency","2011/11/06",79.04
"Currency","2011/11/04",78.65
"Currency","2011/11/03",78.54
"Currency","2011/11/02",78.71
"Currency","2011/11/01",78.91
"Currency","2011/10/31",77.94
"Currency","2011/10/30",78.00
"Currency","2011/10/28",78.04
"Currency","2011/10/27",79.15
"Currency","2011/10/26",79.12
"Currency","2011/10/25",79.23
"Currency","2011/10/24",79.95
"Currency","2011/10/23",79.70
"Currency","2011/10/21",80.47
"Currency","2011/10/20",79.78
"Currency","2011/10/19",78.80
"Currency","2011/10/18",78.98
"Currency","2011/10/17",77.94
"Currency","2011/10/16",78.01
"Currency","2011/10/14",78.39
"Currency","2011/10/13",78.84
"Currency","2011/10/12",78.31
"Currency","2011/10/11",78.75
"Currency","2011/10/10",78.24
"Currency","2011/10/09",78.34
"Currency","2011/10/07",78.70
"Currency","2011/10/06",79.02
"Currency","2011/10/05",79.64
"Currency","2011/10/04",77.76
"Currency","2011/10/03",78.68
"Currency","2011/10/02",76.17
"Currency","2011/09/30",76.17
"Currency","2011/09/29",78.18
"Currency","2011/09/28",77.90
"Currency","2011/09/27",78.29
"Currency","2011/09/26",79.55
"Currency","2011/09/25",78.13
"Currency","2011/09/23",78.43
"Currency","2011/09/22",78.95
"Currency","2011/09/21",77.15
"Currency","2011/09/20",76.64
"Currency","2011/09/19",76.53
"Currency","2011/09/18",75.56
"Currency","2011/09/16",75.56
"Currency","2011/09/15",76.08
"Currency","2011/09/14",76.15
"Currency","2011/09/13",76.20
"Currency","2011/09/12",75.56
"Currency","2011/09/11",75.25
"Currency","2011/09/09",74.52
"Currency","2011/09/08",74.06
"Currency","2011/09/07",73.80
"Currency","2011/09/06",73.52
"Currency","2011/09/05",73.66
"Currency","2011/09/04",73.66
"Currency","2011/09/02",73.38
"Currency","2011/09/01",72.90
"Currency","2011/08/31",72.86
"Currency","2011/08/30",73.82
"Currency","2011/08/29",73.73
"Currency","2011/08/28",73.73
"Currency","2011/08/26",73.87
"Currency","2011/08/25",73.52
"Currency","2011/08/24",73.62
"Currency","2011/08/23",72.89
"Currency","2011/08/22",73.15
"Currency","2011/08/21",72.76
"Currency","2011/08/19",73.18
"Currency","2011/08/18",73.14
"Currency","2011/08/17",72.78
"Currency","2011/08/16",72.16
"Currency","2011/08/15",71.78
"Currency","2011/08/14",72.71
"Currency","2011/08/12",72.77
"Currency","2011/08/11",72.39
"Currency","2011/08/10",72.48
"Currency","2011/08/09",72.14
"Currency","2011/08/08",72.15
"Currency","2011/08/07",71.62
"Currency","2011/08/05",71.58
"Currency","2011/08/04",71.87
"Currency","2011/08/03",70.91
"Currency","2011/08/02",70.68
"Currency","2011/08/01",70.56
"Currency","2011/07/31",70.08
"Currency","2011/07/29",70.80
"Currency","2011/07/28",70.47
"Currency","2011/07/27",70.17
"Currency","2011/07/26",70.70
"Currency","2011/07/25",71.09
"Currency","2011/07/24",71.25
"Currency","2011/07/22",71.20
"Currency","2011/07/21",71.25
"Currency","2011/07/20",71.32
"Currency","2011/07/19",71.17
"Currency","2011/07/18",71.30
"Currency","2011/07/17",71.30
"Currency","2011/07/15",71.33
"Currency","2011/07/14",71.29
"Currency","2011/07/13",71.31
"Currency","2011/07/12",71.64
"Currency","2011/07/11",71.23
"Currency","2011/07/10",71.05
"Currency","2011/07/08",71.02
"Currency","2011/07/07",71.15
"Currency","2011/07/06",71.20
"Currency","2011/07/05",71.03
"Currency","2011/07/04",70.95
"Currency","2011/07/03",71.04
"Currency","2011/07/01",71.23
"Currency","2011/06/30",71.27
"Currency","2011/06/29",71.78
"Currency","2011/06/28",72.11
"Currency","2011/06/27",71.75
"Currency","2011/06/26",72.12
"Currency","2011/06/24",72.18
"Currency","2011/06/23",71.91
"Currency","2011/06/22",71.83
"Currency","2011/06/21",71.80
"Currency","2011/06/20",72.13
"Currency","2011/06/19",71.83
"Currency","2011/06/17",71.96
"Currency","2011/06/16",71.86
"Currency","2011/06/15",71.62
"Currency","2011/06/14",71.54
"Currency","2011/06/13",71.87
"Currency","2011/06/12",72.09
"Currency","2011/06/10",71.59
"Currency","2011/06/09",71.62
"Currency","2011/06/08",71.35
"Currency","2011/06/07",71.46
"Currency","2011/06/06",71.49
"Currency","2011/06/05",71.16
"Currency","2011/06/03",71.88
"Currency","2011/06/02",71.76
"Currency","2011/06/01",71.66
"Currency","2011/05/31",72.15
"Currency","2011/05/30",72.06
"Currency","2011/05/29",71.84
"Currency","2011/05/27",72.26
"Currency","2011/05/26",72.55
"Currency","2011/05/25",72.70
"Currency","2011/05/24",72.44
"Currency","2011/05/23",72.52
"Currency","2011/05/22",72.40
"Currency","2011/05/20",71.94
"Currency","2011/05/19",72.05
"Currency","2011/05/18",72.04
"Currency","2011/05/17",72.20
"Currency","2011/05/16",72.28
"Currency","2011/05/15",72.58
"Currency","2011/05/13",71.74
"Currency","2011/05/12",71.95
"Currency","2011/05/11",71.42
"Currency","2011/05/10",71.65
"Currency","2011/05/09",71.54
"Currency","2011/05/08",72.52
"Currency","2011/05/06",71.55
"Currency","2011/05/05",71.62
"Currency","2011/05/04",71.15
"Currency","2011/05/03",71.21
"Currency","2011/05/02",70.86
"Currency","2011/05/01",71.02
"Currency","2011/04/29",70.76
"Currency","2011/04/28",71.12
"Currency","2011/04/27",71.19
"Currency","2011/04/26",71.19
"Currency","2011/04/25",71.08
"Currency","2011/04/24",71.08
"Currency","2011/04/22",70.84
"Currency","2011/04/21",70.84
"Currency","2011/04/20",70.90
"Currency","2011/04/19",71.15
"Currency","2011/04/18",71.12
"Currency","2011/04/17",71.08
"Currency","2011/04/15",70.98
"Currency","2011/04/14",71.29
"Currency","2011/04/13",71.08
"Currency","2011/04/12",70.92
"Currency","2011/04/11",71.04
"Currency","2011/04/10",70.59
"Currency","2011/04/08",70.59
"Currency","2011/04/07",70.52
"Currency","2011/04/06",70.64
"Currency","2011/04/05",71.01
"Currency","2011/04/04",71.24
"Currency","2011/04/03",70.94
"Currency","2011/04/01",71.36
"Currency","2011/03/31",71.20
"Currency","2011/03/30",71.46
"Currency","2011/03/29",71.46
"Currency","2011/03/28",71.86
"Currency","2011/03/25",71.48
"Currency","2011/03/24",71.49
"Currency","2011/03/23",71.84
"Currency","2011/03/22",72.16
"Currency","2011/03/21",71.93
"Currency","2011/03/20",72.03
"Currency","2011/03/18",72.23
"Currency","2011/03/17",72.22
"Currency","2011/03/16",72.22
"Currency","2011/03/15",72.40
"Currency","2011/03/14",72.15
"Currency","2011/03/13",71.94
"Currency","2011/03/11",72.40
"Currency","2011/03/10",72.30
"Currency","2011/03/09",71.99
"Currency","2011/03/08",72.15
"Currency","2011/03/07",72.07
"Currency","2011/03/06",71.89
"Currency","2011/03/04",71.95
"Currency","2011/03/03",72.07
"Currency","2011/03/02",71.90
"Currency","2011/03/01",71.94
"Currency","2011/02/28",72.42
"Currency","2011/02/27",72.40
"Currency","2011/02/25",72.40
"Currency","2011/02/24",72.82
"Currency","2011/02/23",72.06
"Currency","2011/02/22",72.39
"Currency","2011/02/21",71.99
"Currency","2011/02/20",71.67
"Currency","2011/02/18",72.29
"Currency","2011/02/17",72.54
"Currency","2011/02/16",72.17
"Currency","2011/02/15",72.86
"Currency","2011/02/14",72.68
"Currency","2011/02/13",72.95
"Currency","2011/02/11",73.11
"Currency","2011/02/10",73.23
"Currency","2011/02/09",72.77
"Currency","2011/02/08",72.52
"Currency","2011/02/07",72.65
"Currency","2011/02/06",73.33
"Currency","2011/02/04",73.08
"Currency","2011/02/03",72.93
"Currency","2011/02/02",73.11
"Currency","2011/02/01",73.18
"Currency","2011/01/31",73.40
"Currency","2011/01/30",73.79
"Currency","2011/01/28",73.17
"Currency","2011/01/27",72.92
"Currency","2011/01/26",73.25
"Currency","2011/01/25",73.25
"Currency","2011/01/24",73.07
"Currency","2011/01/23",72.59
"Currency","2011/01/21",72.39
"Currency","2011/01/20",73.03
"Currency","2011/01/19",72.75
"Currency","2011/01/18",72.63
"Currency","2011/01/17",73.01
"Currency","2011/01/16",72.76
"Currency","2011/01/14",72.69
"Currency","2011/01/13",72.41
"Currency","2011/01/12",71.31
"Currency","2011/01/11",72.18
"Currency","2011/01/10",72.72
"Currency","2011/01/09",73.05
"Currency","2011/01/07",72.73
"Currency","2011/01/06",72.24
"Currency","2011/01/05",72.54
"Currency","2011/01/04",71.96
"Currency","2011/01/03",71.44
"Currency","2011/01/02",71.43
"Currency","2010/12/31",71.44
"Currency","2010/12/30",71.88
"Currency","2010/12/29",72.07
"Currency","2010/12/28",72.12
"Currency","2010/12/27",72.38
"Currency","2010/12/26",72.19
"Currency","2010/12/24",72.19
"Currency","2010/12/23",72.25
"Currency","2010/12/22",72.11
"Currency","2010/12/21",72.27
"Currency","2010/12/20",72.49
"Currency","2010/12/19",73.04
"Currency","2010/12/17",72.57
"Currency","2010/12/16",72.53
"Currency","2010/12/15",72.63
"Currency","2010/12/14",71.90
"Currency","2010/12/13",72.20
"Currency","2010/12/12",71.97
"Currency","2010/12/10",71.97
"Currency","2010/12/09",72.52
"Currency","2010/12/08",72.27
"Currency","2010/12/07",71.40
"Currency","2010/12/06",71.96
"Currency","2010/12/05",71.49
"Currency","2010/12/03",72.08
"Currency","2010/12/02",72.63
"Currency","2010/12/01",72.56
"Currency","2010/11/30",73.48
"Currency","2010/11/29",73.50
"Currency","2010/11/28",73.48
"Currency","2010/11/26",73.48
"Currency","2010/11/25",72.86
"Currency","2010/11/24",73.27
"Currency","2010/11/23",73.06
"Currency","2010/11/22",72.82
"Currency","2010/11/21",72.14
"Currency","2010/11/19",72.25
"Currency","2010/11/18",72.34
"Currency","2010/11/17",73.16
"Currency","2010/11/16",72.56
"Currency","2010/11/15",72.39
"Currency","2010/11/14",71.80
"Currency","2010/11/12",71.79
"Currency","2010/11/11",70.90
"Currency","2010/11/10",70.80
"Currency","2010/11/09",70.82
"Currency","2010/11/08",70.98
"Currency","2010/11/07",70.00
"Currency","2010/11/05",70.00
"Currency","2010/11/04",70.59
"Currency","2010/11/03",71.08
"Currency","2010/11/02",70.93
"Currency","2010/11/01",70.99
"Currency","2010/10/31",70.66
"Currency","2010/10/29",71.15
"Currency","2010/10/28",71.31
"Currency","2010/10/27",71.09
"Currency","2010/10/26",71.06
"Currency","2010/10/25",69.16
"Currency","2010/10/24",71.11
"Currency","2010/10/22",71.37
"Currency","2010/10/21",70.84
"Currency","2010/10/20",70.81
"Currency","2010/10/19",70.74
"Currency","2010/10/18",70.71
"Currency","2010/10/17",70.88
"Currency","2010/10/15",70.36
"Currency","2010/10/14",70.55
"Currency","2010/10/13",71.28
"Currency","2010/10/12",71.63
"Currency","2010/10/11",71.33
"Currency","2010/10/10",70.99
"Currency","2010/10/08",71.13
"Currency","2010/10/07",70.60
"Currency","2010/10/06",71.30
"Currency","2010/10/05",71.66
"Currency","2010/10/04",71.41
"Currency","2010/10/03",70.77
"Currency","2010/10/01",71.10
"Currency","2010/09/30",71.15
"Currency","2010/09/29",72.12
"Currency","2010/09/28",72.42
"Currency","2010/09/27",71.98
"Currency","2010/09/26",72.03
"Currency","2010/09/24",72.45
"Currency","2010/09/23",72.89
"Currency","2010/09/22",72.87
"Currency","2010/09/21",73.33
"Currency","2010/09/20",72.94
"Currency","2010/09/19",73.61
"Currency","2010/09/17",73.28
"Currency","2010/09/16",73.80
"Currency","2010/09/15",74.10
"Currency","2010/09/14",74.34
"Currency","2010/09/13",74.25
"Currency","2010/09/12",73.66
"Currency","2010/09/10",73.37
"Currency","2010/09/09",74.39
"Currency","2010/09/08",74.60
"Currency","2010/09/07",75.02
"Currency","2010/09/06",74.37
"Currency","2010/09/05",74.35
"Currency","2010/09/03",74.59
"Currency","2010/09/02",74.86
"Currency","2010/09/01",74.86
"Currency","2010/08/31",75.35
"Currency","2010/08/30",75.08
"Currency","2010/08/29",74.82
"Currency","2010/08/27",75.11
"Currency","2010/08/26",75.02
"Currency","2010/08/25",75.17
"Currency","2010/08/24",75.15
"Currency","2010/08/23",74.74
"Currency","2010/08/22",74.62
"Currency","2010/08/20",74.71
"Currency","2010/08/19",74.42
"Currency","2010/08/18",74.49
"Currency","2010/08/17",74.54
"Currency","2010/08/16",74.75
"Currency","2010/08/15",75.12
"Currency","2010/08/13",74.90
"Currency","2010/08/12",74.80
"Currency","2010/08/11",74.72
"Currency","2010/08/10",74.26
"Currency","2010/08/09",73.78
"Currency","2010/08/08",73.17
"Currency","2010/08/06",73.87
"Currency","2010/08/05",73.83
"Currency","2010/08/04",73.85
"Currency","2010/08/03",73.95
"Currency","2010/08/02",74.04
"Currency","2010/08/01",74.05
"Currency","2010/07/30",74.27
"Currency","2010/07/27",74.64
"Currency","2010/07/26",75.29
"Currency","2010/07/25",75.47
"Currency","2010/07/23",75.05
"Currency","2010/07/22",75.36
"Currency","2010/07/21",75.71
"Currency","2010/07/20",75.79
"Currency","2010/07/19",75.37
"Currency","2010/07/18",75.15
"Currency","2010/07/16",74.83
"Currency","2010/07/15",74.57
"Currency","2010/07/14",74.48
"Currency","2010/07/13",74.86
"Currency","2010/07/12",74.83
"Currency","2010/07/11",74.86
"Currency","2010/07/09",74.70
"Currency","2010/07/08",75.10
"Currency","2010/07/07",75.46
"Currency","2010/07/06",75.03
"Currency","2010/07/05",74.73
"Currency","2010/07/04",74.44
"Currency","2010/07/02",74.79
"Currency","2010/07/01",74.42
"Currency","2010/06/30",74.27
"Currency","2010/06/29",74.58
"Currency","2010/06/28",73.94
"Currency","2010/06/27",73.62
"Currency","2010/06/25",74.15
"Currency","2010/06/24",74.34
"Currency","2010/06/23",73.78
"Currency","2010/06/22",74.00
"Currency","2010/06/21",73.42
"Currency","2010/06/20",73.91
"Currency","2010/06/18",74.02
"Currency","2010/06/17",74.06
"Currency","2010/06/16",74.39
"Currency","2010/06/15",74.30
"Currency","2010/06/14",74.25
"Currency","2010/06/13",75.10
"Currency","2010/06/11",75.04
"Currency","2010/06/10",75.09
"Currency","2010/06/09",75.39
"Currency","2010/06/08",75.39
"Currency","2010/06/07",75.22
"Currency","2010/06/06",75.56
"Currency","2010/06/04",74.93
"Currency","2010/06/03",74.34
"Currency","2010/06/02",75.03
"Currency","2010/06/01",75.41
"Currency","2010/05/31",75.20
"Currency","2010/05/30",74.93
"Currency","2010/05/28",74.21
"Currency","2010/05/27",75.67
"Currency","2010/05/26",75.57
"Currency","2010/05/25",76.41
"Currency","2010/05/24",74.93
"Currency","2010/05/21",74.75
"Currency","2010/05/20",74.82
"Currency","2010/05/19",72.81
"Currency","2010/05/18",72.83
"Currency","2010/05/17",72.82
"Currency","2010/05/16",72.88
"Currency","2010/05/14",72.38
"Currency","2010/05/13",72.24
"Currency","2010/05/12",72.08
"Currency","2010/05/11",72.50
"Currency","2010/05/10",71.77
"Currency","2010/05/09",73.17
"Currency","2010/05/07",72.89
"Currency","2010/05/06",72.80
"Currency","2010/05/05",71.78
"Currency","2010/05/04",71.41
"Currency","2010/05/03",71.38
"Currency","2010/05/02",71.01
"Currency","2010/04/30",70.94
"Currency","2010/04/29",71.19
"Currency","2010/04/28",71.59
"Currency","2010/04/27",71.09
"Currency","2010/04/26",71.13
"Currency","2010/04/25",71.10
"Currency","2010/04/23",71.10
"Currency","2010/04/22",71.06
"Currency","2010/03/08",72.88
"Currency","2010/03/07",72.85
"Currency","2010/03/05",73.01
"Currency","2010/03/04",73.28
"Currency","2010/03/03",73.35
"Currency","2010/03/02",73.71
"Currency","2010/03/01",74.11
"Currency","2010/02/28",73.35
"Currency","2010/02/26",73.69
"Currency","2010/02/25",74.24
"Currency","2010/02/24",74.11
"Currency","2010/02/23",74.00
"Currency","2010/02/22",73.94
"Currency","2010/02/21",73.88
"Currency","2010/02/19",74.04
"Currency","2010/02/18",74.03
"Currency","2010/02/17",73.84
"Currency","2010/02/16",73.77
"Currency","2010/02/15",74.10
"Currency","2010/02/14",74.33
"Currency","2010/02/12",74.33
"Currency","2010/02/11",74.40
"Currency","2010/02/10",74.37
"Currency","2010/02/09",74.54
"Currency","2010/02/08",74.63
"Currency","2010/02/07",75.36
"Currency","2010/02/05",74.80
"Currency","2010/02/04",74.00
"Currency","2010/02/03",73.52
"Currency","2010/02/02",73.91
"Currency","2010/02/01",74.05
"Currency","2010/01/31",74.38
"Currency","2010/01/29",73.89
"Currency","2010/01/28",74.15
"Currency","2010/01/27",74.26
"Currency","2010/01/26",72.86
"Currency","2010/01/25",73.90
"Currency","2010/01/24",73.71
"Currency","2010/01/22",73.85
"Currency","2010/01/21",73.64
"Currency","2010/01/20",73.53
"Currency","2010/01/19",73.25
"Currency","2010/01/18",73.06
"Currency","2010/01/17",73.24
"Currency","2010/01/15",73.27
"Currency","2010/01/14",73.03
"Currency","2010/01/13",72.91
"Currency","2010/01/12",73.15
"Currency","2010/01/11",72.46
"Currency","2010/01/10",73.46
"Currency","2010/01/08",73.46
"Currency","2010/01/07",72.59
"Currency","2010/01/06",73.36
"Currency","2010/01/05",73.74
"Currency","2010/01/04",74.01
"Currency","2010/01/03",74.43
"Currency","2010/01/01",74.43
"Currency","2009/12/31",74.43
"Currency","2009/12/30",74.75
"Currency","2009/12/29",74.70
"Currency","2009/12/28",74.13
"Currency","2009/12/27",74.65
"Currency","2009/12/25",74.65
"Currency","2009/12/24",74.65
"Currency","2009/12/23",74.11
"Currency","2009/12/22",74.78
"Currency","2009/12/21",74.97
"Currency","2009/12/20",74.74
"Currency","2009/12/18",74.74
"Currency","2009/12/17",75.02
"Currency","2009/12/16",74.63
"Currency","2009/12/15",74.74
"Currency","2009/12/14",74.54
"Currency","2009/12/13",75.30
"Currency","2009/12/11",75.23
"Currency","2009/12/10",74.73
"Currency","2009/12/09",74.45
"Currency","2009/12/08",74.84
"Currency","2009/12/07",74.49
"Currency","2009/12/06",73.99
"Currency","2009/12/04",73.10
"Currency","2009/12/03",73.72
"Currency","2009/12/02",74.38
"Currency","2009/12/01",73.88
"Currency","2009/11/30",74.51
"Currency","2009/11/29",74.35
"Currency","2009/11/27",74.64
"Currency","2009/11/26",74.31
"Currency","2009/11/25",73.88
"Currency","2009/11/24",73.12
"Currency","2009/11/23",74.53
"Currency","2009/11/22",74.52
"Currency","2009/11/20",74.61
"Currency","2009/11/19",74.71
"Currency","2009/11/18",73.14
"Currency","2009/11/17",73.76
"Currency","2009/11/16",73.95
"Currency","2009/11/15",74.00
"Currency","2009/11/13",74.00
"Currency","2009/11/12",74.63
"Currency","2009/11/11",74.04
"Currency","2009/11/10",74.57
"Currency","2009/11/09",74.16
"Currency","2009/11/08",74.90
"Currency","2009/11/06",74.90
"Currency","2009/11/05",75.29
"Currency","2009/11/04",73.26
"Currency","2009/11/03",73.84
"Currency","2009/11/02",73.90
"Currency","2009/11/01",75.52
"Currency","2009/10/30",75.12
"Currency","2009/10/29",74.95
"Currency","2009/10/28",76.10
"Currency","2009/10/27",75.11
"Currency","2009/10/26",74.65
"Currency","2009/10/25",74.71
"Currency","2009/10/23",74.71
"Currency","2009/10/22",74.91
"Currency","2009/10/21",74.13
"Currency","2009/10/20",73.92
"Currency","2009/10/19",74.03
"Currency","2009/10/18",74.25
"Currency","2009/10/16",74.24
"Currency","2009/10/15",73.78
"Currency","2009/10/14",73.72
"Currency","2009/10/13",74.15
"Currency","2009/10/12",74.24
"Currency","2009/10/11",74.78
"Currency","2009/10/09",74.59
"Currency","2009/10/08",74.32
"Currency","2009/10/07",74.41
"Currency","2009/10/06",75.15
"Currency","2009/10/05",76.00
"Currency","2009/10/04",76.10
"Currency","2009/10/02",76.39
"Currency","2009/10/01",76.43
"Currency","2009/09/30",76.13
"Currency","2009/09/29",76.98
"Currency","2009/09/28",76.80
"Currency","2009/09/27",76.74
"Currency","2009/09/25",76.71
"Currency","2009/09/24",77.32
"Currency","2009/09/23",76.98
"Currency","2009/09/22",76.76
"Currency","2009/09/21",76.90
"Currency","2009/09/20",77.27
"Currency","2009/09/18",77.24
"Currency","2009/09/17",77.01
"Currency","2009/09/16",77.10
"Currency","2009/09/15",77.64
"Currency","2009/09/14",78.06
"Currency","2009/09/13",77.79
"Currency","2009/09/11",77.79
"Currency","2009/09/10",77.58
"Currency","2009/09/09",77.76
"Currency","2009/09/08",77.56
"Currency","2009/09/07",77.82
"Currency","2009/09/06",78.01
"Currency","2009/09/04",76.86
"Currency","2009/09/03",77.19
"Currency","2009/09/02",77.17
"Currency","2009/09/01",77.17
"Currency","2009/08/31",76.79
"Currency","2009/08/30",76.69
"Currency","2009/08/28",76.99
"Currency","2009/08/27",76.95
"Currency","2009/08/26",76.82
"Currency","2009/08/25",76.70
"Currency","2009/08/24",76.59
"Currency","2009/08/23",76.64
"Currency","2009/08/21",76.52
"Currency","2009/08/20",76.64
"Currency","2009/08/19",76.41
"Currency","2009/08/18",76.68
"Currency","2009/08/17",77.20
"Currency","2009/08/16",76.55
"Currency","2009/08/14",76.10
"Currency","2009/08/13",75.70
"Currency","2009/08/12",76.40
"Currency","2009/08/11",75.36
"Currency","2009/08/10",75.07
"Currency","2009/08/09",76.58
"Currency","2009/08/07",75.63
"Currency","2009/08/06",75.30
"Currency","2009/08/05",74.87
"Currency","2009/08/04",75.18
"Currency","2009/08/03",75.00
"Currency","2009/07/31",75.60
"Currency","2009/07/30",76.14
"Currency","2009/07/29",76.42
"Currency","2009/07/28",75.80
"Currency","2009/07/27",75.95
"Currency","2009/07/26",76.15
"Currency","2009/07/24",75.99
"Currency","2009/07/23",76.40
"Currency","2009/07/22",76.61
"Currency","2009/07/21",76.33
"Currency","2009/07/20",75.90
"Currency","2009/07/19",76.63
"Currency","2009/07/17",76.76
"Currency","2009/07/16",76.79
"Currency","2009/07/15",76.63
"Currency","2009/07/14",77.11
"Currency","2009/07/13",77.98
"Currency","2009/07/12",77.04
"Currency","2009/07/10",77.16
"Currency","2009/07/09",76.63
"Currency","2009/07/08",77.12
"Currency","2009/07/07",76.79
"Currency","2009/07/06",76.48
"Currency","2009/07/05",75.41
"Currency","2009/07/03",75.38
"Currency","2009/07/02",75.62
"Currency","2009/07/01",75.38
"Currency","2009/06/30",75.00
"Currency","2009/06/29",76.11
"Currency","2009/06/28",76.08
"Currency","2009/06/26",75.86
"Currency","2009/06/25",76.72
"Currency","2009/06/24",76.49
"Currency","2009/06/23",76.37
"Currency","2009/06/22",76.67
"Currency","2009/06/21",75.22
"Currency","2009/06/19",75.54
"Currency","2009/06/18",75.94
"Currency","2009/06/17",75.84
"Currency","2009/06/16",75.06
"Currency","2009/06/15",75.28
"Currency","2009/06/14",74.96
"Currency","2009/06/12",74.96
"Currency","2009/06/11",75.00
"Currency","2009/06/10",74.53
"Currency","2009/06/09",74.86
"Currency","2009/06/08",75.13
"Currency","2009/06/07",75.10
"Currency","2009/06/05",74.00
"Currency","2009/06/04",74.21
"Currency","2009/06/03",73.49
"Currency","2009/06/02",73.92
"Currency","2009/06/01",74.11
"Currency","2009/05/31",74.11
"Currency","2009/05/29",74.14
"Currency","2009/05/28",74.70
"Currency","2009/05/27",74.72
"Currency","2009/05/26",75.41
"Currency","2009/05/25",74.74
"Currency","2009/05/24",74.14
"Currency","2009/05/22",74.14
"Currency","2009/05/21",73.79
"Currency","2009/05/20",74.45
"Currency","2009/05/19",75.46
"Currency","2009/05/18",75.76
"Currency","2009/05/15",78.11
"Currency","2009/05/14",78.15
"Currency","2009/05/13",78.62
"Currency","2009/05/12",77.51
"","",""
"Data Source: http://www.tradingeconomics.com","",""
"Downloaded from http://vam.wfp.org on 11 Jun 2018","",""
