"Indicator","Time","Value (USD/KGS)"
"Currency","2018/06/08",68.25
"Currency","2018/06/07",68.25
"Currency","2018/06/06",68.35
"Currency","2018/06/05",68.25
"Currency","2018/06/04",68.30
"Currency","2018/06/01",68.35
"Currency","2018/05/31",68.30
"Currency","2018/05/30",68.40
"Currency","2018/05/29",68.25
"Currency","2018/05/28",68.08
"Currency","2018/05/25",68.09
"Currency","2018/05/24",68.10
"Currency","2018/05/23",68.20
"Currency","2018/05/22",68.35
"Currency","2018/05/21",68.42
"Currency","2018/05/18",68.25
"Currency","2018/05/17",68.35
"Currency","2018/05/16",68.39
"Currency","2018/05/15",68.25
"Currency","2018/05/14",68.29
"Currency","2018/05/11",68.30
"Currency","2018/05/10",68.67
"Currency","2018/05/09",68.60
"Currency","2018/05/08",68.60
"Currency","2018/05/07",68.75
"Currency","2018/05/04",68.75
"Currency","2018/05/03",68.70
"Currency","2018/05/02",68.70
"Currency","2018/05/01",68.77
"Currency","2018/04/30",68.78
"Currency","2018/04/27",68.55
"Currency","2018/04/26",68.60
"Currency","2018/04/25",68.50
"Currency","2018/04/24",68.35
"Currency","2018/04/23",68.40
"Currency","2018/04/20",68.40
"Currency","2018/04/19",68.42
"Currency","2018/04/18",68.50
"Currency","2018/04/17",68.60
"Currency","2018/04/16",68.70
"Currency","2018/04/13",68.50
"Currency","2018/04/12",68.80
"Currency","2018/04/11",68.35
"Currency","2018/04/10",68.35
"Currency","2018/04/09",68.35
"Currency","2018/04/06",68.35
"Currency","2018/04/05",68.35
"Currency","2018/04/04",68.30
"Currency","2018/04/03",68.30
"Currency","2018/04/02",68.30
"Currency","2018/03/30",68.30
"Currency","2018/03/29",68.37
"Currency","2018/03/28",68.35
"Currency","2018/03/27",68.07
"Currency","2018/03/26",68.07
"Currency","2018/03/23",68.07
"Currency","2018/03/22",68.07
"Currency","2018/03/21",68.15
"Currency","2018/03/20",68.15
"Currency","2018/03/19",68.10
"Currency","2018/03/16",68.10
"Currency","2018/03/15",68.10
"Currency","2018/03/14",68.09
"Currency","2018/03/13",68.10
"Currency","2018/03/12",68.09
"Currency","2018/03/09",67.79
"Currency","2018/03/08",67.79
"Currency","2018/03/07",67.80
"Currency","2018/03/06",67.80
"Currency","2018/03/05",67.80
"Currency","2018/03/02",67.90
"Currency","2018/03/01",67.95
"Currency","2018/02/28",68.10
"Currency","2018/02/27",67.93
"Currency","2018/02/26",67.94
"Currency","2018/02/23",67.94
"Currency","2018/02/22",67.95
"Currency","2018/02/21",67.85
"Currency","2018/02/20",67.90
"Currency","2018/02/19",68.05
"Currency","2018/02/16",68.05
"Currency","2018/02/15",67.95
"Currency","2018/02/14",68.08
"Currency","2018/02/13",68.08
"Currency","2018/02/12",68.34
"Currency","2018/02/09",68.43
"Currency","2018/02/08",68.54
"Currency","2018/02/07",68.29
"Currency","2018/02/06",68.30
"Currency","2018/02/05",68.40
"Currency","2018/02/02",68.40
"Currency","2018/02/01",68.34
"Currency","2018/01/31",68.30
"Currency","2018/01/30",68.30
"Currency","2018/01/29",68.10
"Currency","2018/01/26",68.10
"Currency","2018/01/25",68.17
"Currency","2018/01/24",68.33
"Currency","2018/01/23",68.69
"Currency","2018/01/22",68.69
"Currency","2018/01/19",69.08
"Currency","2018/01/18",69.09
"Currency","2018/01/17",69.35
"Currency","2018/01/16",69.26
"Currency","2018/01/15",69.28
"Currency","2018/01/12",69.30
"Currency","2018/01/11",69.28
"Currency","2018/01/10",69.04
"Currency","2018/01/09",69.05
"Currency","2018/01/08",68.77
"Currency","2018/01/05",68.73
"Currency","2018/01/04",68.74
"Currency","2018/01/03",68.84
"Currency","2018/01/02",68.84
"Currency","2017/12/29",68.85
"Currency","2017/12/28",69.22
"Currency","2017/12/27",69.23
"Currency","2017/12/26",69.24
"Currency","2017/12/22",69.35
"Currency","2017/12/21",69.35
"Currency","2017/12/20",69.60
"Currency","2017/12/19",69.60
"Currency","2017/12/18",69.60
"Currency","2017/12/15",69.59
"Currency","2017/12/14",69.60
"Currency","2017/12/13",69.59
"Currency","2017/12/12",69.59
"Currency","2017/12/11",69.59
"Currency","2017/12/08",69.67
"Currency","2017/12/07",69.67
"Currency","2017/12/06",69.67
"Currency","2017/12/05",69.67
"Currency","2017/12/04",69.68
"Currency","2017/12/01",69.65
"Currency","2017/11/30",69.55
"Currency","2017/11/29",69.55
"Currency","2017/11/28",69.55
"Currency","2017/11/27",69.55
"Currency","2017/11/24",69.55
"Currency","2017/11/23",69.60
"Currency","2017/11/22",69.60
"Currency","2017/11/21",69.55
"Currency","2017/11/20",69.55
"Currency","2017/11/17",69.56
"Currency","2017/11/16",69.58
"Currency","2017/11/15",69.58
"Currency","2017/11/14",69.58
"Currency","2017/11/13",69.58
"Currency","2017/11/10",69.59
"Currency","2017/11/09",69.48
"Currency","2017/11/08",69.49
"Currency","2017/11/07",69.14
"Currency","2017/11/06",69.14
"Currency","2017/11/03",69.15
"Currency","2017/11/02",68.45
"Currency","2017/11/01",68.93
"Currency","2017/10/31",68.72
"Currency","2017/10/30",68.70
"Currency","2017/10/27",68.60
"Currency","2017/10/26",68.53
"Currency","2017/10/25",68.50
"Currency","2017/10/24",68.43
"Currency","2017/10/23",68.42
"Currency","2017/10/21",68.56
"Currency","2017/10/20",68.56
"Currency","2017/10/19",68.62
"Currency","2017/10/18",68.59
"Currency","2017/10/17",68.54
"Currency","2017/10/16",68.49
"Currency","2017/10/13",68.41
"Currency","2017/10/12",68.40
"Currency","2017/10/11",68.29
"Currency","2017/10/10",68.38
"Currency","2017/10/09",68.31
"Currency","2017/10/06",68.37
"Currency","2017/10/05",68.55
"Currency","2017/10/04",68.58
"Currency","2017/10/03",68.50
"Currency","2017/10/02",68.51
"Currency","2017/09/30",68.63
"Currency","2017/09/29",68.63
"Currency","2017/09/28",68.58
"Currency","2017/09/27",68.42
"Currency","2017/09/26",68.42
"Currency","2017/09/25",68.40
"Currency","2017/09/22",68.44
"Currency","2017/09/21",68.47
"Currency","2017/09/20",68.48
"Currency","2017/09/19",68.44
"Currency","2017/09/18",68.41
"Currency","2017/09/16",68.59
"Currency","2017/09/15",68.59
"Currency","2017/09/14",68.71
"Currency","2017/09/13",68.63
"Currency","2017/09/12",68.58
"Currency","2017/09/11",68.53
"Currency","2017/09/09",68.53
"Currency","2017/09/08",68.53
"Currency","2017/09/07",68.53
"Currency","2017/09/06",68.45
"Currency","2017/09/05",68.45
"Currency","2017/09/04",68.83
"Currency","2017/09/02",68.66
"Currency","2017/09/01",68.66
"Currency","2017/08/31",68.83
"Currency","2017/08/30",68.66
"Currency","2017/08/29",68.64
"Currency","2017/08/28",68.85
"Currency","2017/08/25",68.85
"Currency","2017/08/24",68.85
"Currency","2017/08/23",68.57
"Currency","2017/08/22",68.64
"Currency","2017/08/21",68.71
"Currency","2017/08/19",68.72
"Currency","2017/08/18",68.72
"Currency","2017/08/17",68.69
"Currency","2017/08/16",68.69
"Currency","2017/08/15",68.71
"Currency","2017/08/14",68.90
"Currency","2017/08/11",69.13
"Currency","2017/08/10",69.36
"Currency","2017/08/09",69.38
"Currency","2017/08/08",69.32
"Currency","2017/08/07",69.29
"Currency","2017/08/05",69.36
"Currency","2017/08/04",69.36
"Currency","2017/08/03",69.30
"Currency","2017/08/02",68.98
"Currency","2017/08/01",69.00
"Currency","2017/07/31",69.00
"Currency","2017/07/28",69.00
"Currency","2017/07/27",69.17
"Currency","2017/07/26",69.05
"Currency","2017/07/25",69.05
"Currency","2017/07/24",69.06
"Currency","2017/07/21",69.06
"Currency","2017/07/20",69.06
"Currency","2017/07/19",68.83
"Currency","2017/07/18",69.21
"Currency","2017/07/17",69.41
"Currency","2017/07/14",69.08
"Currency","2017/07/13",69.56
"Currency","2017/07/12",69.56
"Currency","2017/07/11",69.12
"Currency","2017/07/10",69.61
"Currency","2017/07/08",69.61
"Currency","2017/07/07",69.61
"Currency","2017/07/06",69.58
"Currency","2017/07/05",69.15
"Currency","2017/07/04",69.35
"Currency","2017/07/03",69.21
"Currency","2017/06/30",69.03
"Currency","2017/06/29",68.88
"Currency","2017/06/28",68.88
"Currency","2017/06/27",68.83
"Currency","2017/06/26",68.83
"Currency","2017/06/23",68.80
"Currency","2017/06/22",68.80
"Currency","2017/06/21",68.48
"Currency","2017/06/20",68.48
"Currency","2017/06/19",68.48
"Currency","2017/06/17",68.46
"Currency","2017/06/16",68.48
"Currency","2017/06/15",68.47
"Currency","2017/06/14",68.45
"Currency","2017/06/13",68.40
"Currency","2017/06/12",68.34
"Currency","2017/06/10",68.30
"Currency","2017/06/09",68.30
"Currency","2017/06/08",68.27
"Currency","2017/06/07",68.23
"Currency","2017/06/06",68.22
"Currency","2017/06/05",68.15
"Currency","2017/06/03",68.09
"Currency","2017/06/02",68.09
"Currency","2017/06/01",68.04
"Currency","2017/05/31",68.02
"Currency","2017/05/30",67.99
"Currency","2017/05/29",67.93
"Currency","2017/05/26",67.93
"Currency","2017/05/25",67.91
"Currency","2017/05/24",67.83
"Currency","2017/05/23",67.89
"Currency","2017/05/22",67.89
"Currency","2017/05/20",67.89
"Currency","2017/05/19",67.89
"Currency","2017/05/18",67.82
"Currency","2017/05/17",67.67
"Currency","2017/05/16",67.77
"Currency","2017/05/15",67.77
"Currency","2017/05/12",67.65
"Currency","2017/05/11",67.80
"Currency","2017/05/10",67.48
"Currency","2017/05/09",67.50
"Currency","2017/05/08",67.52
"Currency","2017/05/05",67.54
"Currency","2017/05/04",67.55
"Currency","2017/05/03",67.47
"Currency","2017/05/02",67.57
"Currency","2017/05/01",67.24
"Currency","2017/04/28",67.24
"Currency","2017/04/27",67.13
"Currency","2017/04/26",67.14
"Currency","2017/04/24",66.98
"Currency","2017/04/21",67.23
"Currency","2017/04/20",67.78
"Currency","2017/04/19",67.78
"Currency","2017/04/18",67.85
"Currency","2017/04/17",68.26
"Currency","2017/04/14",68.33
"Currency","2017/04/13",68.40
"Currency","2017/04/12",68.43
"Currency","2017/04/11",68.44
"Currency","2017/04/10",68.43
"Currency","2017/04/08",68.43
"Currency","2017/04/07",68.43
"Currency","2017/04/06",68.43
"Currency","2017/04/05",68.50
"Currency","2017/04/04",68.60
"Currency","2017/04/03",68.51
"Currency","2017/04/01",68.55
"Currency","2017/03/31",68.55
"Currency","2017/03/30",68.58
"Currency","2017/03/29",68.56
"Currency","2017/03/28",68.64
"Currency","2017/03/27",68.78
"Currency","2017/03/24",68.84
"Currency","2017/03/23",69.11
"Currency","2017/03/22",69.13
"Currency","2017/03/21",69.27
"Currency","2017/03/20",69.31
"Currency","2017/03/17",69.27
"Currency","2017/03/16",69.29
"Currency","2017/03/15",69.25
"Currency","2017/03/14",69.24
"Currency","2017/03/13",69.22
"Currency","2017/03/10",69.17
"Currency","2017/03/09",69.14
"Currency","2017/03/08",69.19
"Currency","2017/03/07",69.17
"Currency","2017/03/06",69.22
"Currency","2017/03/03",69.19
"Currency","2017/03/02",69.18
"Currency","2017/03/01",69.17
"Currency","2017/02/28",69.15
"Currency","2017/02/27",69.11
"Currency","2017/02/24",69.09
"Currency","2017/02/23",69.11
"Currency","2017/02/22",69.08
"Currency","2017/02/21",69.10
"Currency","2017/02/20",69.08
"Currency","2017/02/17",69.08
"Currency","2017/02/16",69.08
"Currency","2017/02/15",69.16
"Currency","2017/02/14",69.30
"Currency","2017/02/13",69.40
"Currency","2017/02/10",69.42
"Currency","2017/02/09",69.42
"Currency","2017/02/08",69.40
"Currency","2017/02/07",69.40
"Currency","2017/02/06",69.40
"Currency","2017/02/04",69.42
"Currency","2017/02/03",69.42
"Currency","2017/02/02",69.29
"Currency","2017/02/01",69.16
"Currency","2017/01/31",69.09
"Currency","2017/01/30",69.11
"Currency","2017/01/27",69.20
"Currency","2017/01/26",69.40
"Currency","2017/01/25",69.43
"Currency","2017/01/24",69.46
"Currency","2017/01/23",69.50
"Currency","2017/01/21",69.47
"Currency","2017/01/20",69.47
"Currency","2017/01/19",69.47
"Currency","2017/01/18",69.47
"Currency","2017/01/17",69.47
"Currency","2017/01/16",69.30
"Currency","2017/01/13",69.47
"Currency","2017/01/12",69.37
"Currency","2017/01/11",69.46
"Currency","2017/01/10",69.46
"Currency","2017/01/09",69.26
"Currency","2017/01/06",69.19
"Currency","2017/01/05",69.17
"Currency","2017/01/04",69.11
"Currency","2017/01/03",69.21
"Currency","2017/01/02",69.41
"Currency","2016/12/30",69.21
"Currency","2016/12/29",69.38
"Currency","2016/12/28",69.39
"Currency","2016/12/27",69.39
"Currency","2016/12/26",69.39
"Currency","2016/12/23",69.39
"Currency","2016/12/22",69.39
"Currency","2016/12/21",69.38
"Currency","2016/12/20",69.33
"Currency","2016/12/19",69.30
"Currency","2016/12/16",69.26
"Currency","2016/12/15",69.20
"Currency","2016/12/14",69.16
"Currency","2016/12/13",69.16
"Currency","2016/12/12",69.21
"Currency","2016/12/10",69.22
"Currency","2016/12/09",69.38
"Currency","2016/12/08",69.22
"Currency","2016/12/07",69.16
"Currency","2016/12/06",69.14
"Currency","2016/12/05",69.09
"Currency","2016/12/02",69.07
"Currency","2016/12/01",69.09
"Currency","2016/11/30",69.13
"Currency","2016/11/29",69.13
"Currency","2016/11/28",69.13
"Currency","2016/11/25",69.04
"Currency","2016/11/24",69.00
"Currency","2016/11/23",69.03
"Currency","2016/11/22",69.10
"Currency","2016/11/21",69.17
"Currency","2016/11/19",69.18
"Currency","2016/11/18",69.29
"Currency","2016/11/17",69.10
"Currency","2016/11/16",69.12
"Currency","2016/11/15",69.11
"Currency","2016/11/14",68.93
"Currency","2016/11/11",68.84
"Currency","2016/11/10",68.80
"Currency","2016/11/09",68.76
"Currency","2016/11/08",68.73
"Currency","2016/11/07",68.72
"Currency","2016/11/04",68.72
"Currency","2016/11/03",68.73
"Currency","2016/11/02",68.73
"Currency","2016/11/01",68.72
"Currency","2016/10/31",68.65
"Currency","2016/10/28",68.63
"Currency","2016/10/27",68.49
"Currency","2016/10/26",68.30
"Currency","2016/10/25",68.27
"Currency","2016/10/24",68.11
"Currency","2016/10/21",68.08
"Currency","2016/10/20",68.21
"Currency","2016/10/19",68.24
"Currency","2016/10/18",68.33
"Currency","2016/10/17",68.37
"Currency","2016/10/14",68.41
"Currency","2016/10/13",68.43
"Currency","2016/10/12",68.43
"Currency","2016/10/11",68.43
"Currency","2016/10/10",68.37
"Currency","2016/10/07",68.24
"Currency","2016/10/06",68.06
"Currency","2016/10/05",67.89
"Currency","2016/10/04",67.91
"Currency","2016/10/03",68.00
"Currency","2016/09/30",67.89
"Currency","2016/09/29",67.91
"Currency","2016/09/28",68.27
"Currency","2016/09/27",68.27
"Currency","2016/09/26",68.41
"Currency","2016/09/24",68.51
"Currency","2016/09/23",68.51
"Currency","2016/09/22",68.71
"Currency","2016/09/21",68.75
"Currency","2016/09/20",68.78
"Currency","2016/09/19",68.58
"Currency","2016/09/17",68.62
"Currency","2016/09/16",68.62
"Currency","2016/09/15",68.53
"Currency","2016/09/14",68.68
"Currency","2016/09/13",68.93
"Currency","2016/09/12",69.00
"Currency","2016/09/10",69.00
"Currency","2016/09/09",69.00
"Currency","2016/09/08",69.05
"Currency","2016/09/07",69.09
"Currency","2016/09/06",69.03
"Currency","2016/09/05",69.07
"Currency","2016/09/03",69.02
"Currency","2016/09/02",69.02
"Currency","2016/09/01",68.88
"Currency","2016/08/31",68.87
"Currency","2016/08/30",68.87
"Currency","2016/08/29",68.80
"Currency","2016/08/26",68.76
"Currency","2016/08/25",68.62
"Currency","2016/08/24",68.61
"Currency","2016/08/23",68.38
"Currency","2016/08/22",68.28
"Currency","2016/08/19",68.38
"Currency","2016/08/18",68.61
"Currency","2016/08/17",68.70
"Currency","2016/08/16",68.73
"Currency","2016/08/15",68.76
"Currency","2016/08/12",68.82
"Currency","2016/08/11",68.83
"Currency","2016/08/10",68.74
"Currency","2016/08/09",68.70
"Currency","2016/08/08",68.63
"Currency","2016/08/05",68.60
"Currency","2016/08/04",68.49
"Currency","2016/08/03",68.25
"Currency","2016/08/02",68.08
"Currency","2016/08/01",68.16
"Currency","2016/07/29",67.95
"Currency","2016/07/28",67.55
"Currency","2016/07/27",67.13
"Currency","2016/07/26",67.13
"Currency","2016/07/25",67.11
"Currency","2016/07/22",67.07
"Currency","2016/07/21",67.06
"Currency","2016/07/20",67.07
"Currency","2016/07/19",67.11
"Currency","2016/07/18",67.19
"Currency","2016/07/15",67.22
"Currency","2016/07/14",67.23
"Currency","2016/07/13",67.23
"Currency","2016/07/12",67.28
"Currency","2016/07/11",67.28
"Currency","2016/07/08",67.27
"Currency","2016/07/07",67.28
"Currency","2016/07/06",67.37
"Currency","2016/07/05",67.38
"Currency","2016/07/04",67.38
"Currency","2016/07/01",67.39
"Currency","2016/06/30",67.44
"Currency","2016/06/29",67.45
"Currency","2016/06/28",67.40
"Currency","2016/06/27",67.36
"Currency","2016/06/24",67.39
"Currency","2016/06/23",67.49
"Currency","2016/06/22",67.60
"Currency","2016/06/21",67.69
"Currency","2016/06/20",67.75
"Currency","2016/06/17",67.85
"Currency","2016/06/16",67.85
"Currency","2016/06/15",67.90
"Currency","2016/06/14",67.90
"Currency","2016/06/13",67.90
"Currency","2016/06/10",68.01
"Currency","2016/06/09",68.13
"Currency","2016/06/08",68.38
"Currency","2016/06/07",68.38
"Currency","2016/06/06",68.44
"Currency","2016/06/04",68.37
"Currency","2016/06/03",68.37
"Currency","2016/06/02",68.30
"Currency","2016/06/01",68.30
"Currency","2016/05/31",68.30
"Currency","2016/05/30",68.47
"Currency","2016/05/27",68.32
"Currency","2016/05/26",68.37
"Currency","2016/05/25",68.09
"Currency","2016/05/24",68.09
"Currency","2016/05/23",68.08
"Currency","2016/05/20",68.24
"Currency","2016/05/19",68.33
"Currency","2016/05/18",68.35
"Currency","2016/05/17",68.35
"Currency","2016/05/16",68.39
"Currency","2016/05/13",68.39
"Currency","2016/05/12",68.70
"Currency","2016/05/11",68.45
"Currency","2016/05/10",68.45
"Currency","2016/05/09",68.54
"Currency","2016/05/06",68.26
"Currency","2016/05/05",68.52
"Currency","2016/05/04",68.52
"Currency","2016/05/03",68.52
"Currency","2016/05/02",68.52
"Currency","2016/04/30",68.52
"Currency","2016/04/29",68.52
"Currency","2016/04/28",68.70
"Currency","2016/04/27",68.56
"Currency","2016/04/26",68.40
"Currency","2016/04/25",68.43
"Currency","2016/04/23",68.43
"Currency","2016/04/22",68.43
"Currency","2016/04/21",68.47
"Currency","2016/04/20",68.74
"Currency","2016/04/19",68.27
"Currency","2016/04/18",68.59
"Currency","2016/04/16",68.59
"Currency","2016/04/15",68.59
"Currency","2016/04/14",68.69
"Currency","2016/04/13",68.90
"Currency","2016/04/12",69.25
"Currency","2016/04/11",69.98
"Currency","2016/04/09",69.98
"Currency","2016/04/08",69.98
"Currency","2016/04/07",69.98
"Currency","2016/04/06",68.87
"Currency","2016/04/05",69.00
"Currency","2016/04/04",70.00
"Currency","2016/04/01",70.00
"Currency","2016/03/31",70.02
"Currency","2016/03/30",70.20
"Currency","2016/03/29",70.85
"Currency","2016/03/28",71.94
"Currency","2016/03/25",71.94
"Currency","2016/03/24",71.94
"Currency","2016/03/23",71.94
"Currency","2016/03/22",72.06
"Currency","2016/03/21",72.06
"Currency","2016/03/18",72.06
"Currency","2016/03/17",72.16
"Currency","2016/03/16",72.16
"Currency","2016/03/15",72.23
"Currency","2016/03/14",72.60
"Currency","2016/03/13",72.60
"Currency","2016/03/11",72.60
"Currency","2016/03/10",72.71
"Currency","2016/03/09",72.71
"Currency","2016/03/08",73.03
"Currency","2016/03/07",73.03
"Currency","2016/03/06",73.03
"Currency","2016/03/04",73.03
"Currency","2016/03/03",73.02
"Currency","2016/03/02",73.47
"Currency","2016/03/01",73.89
"Currency","2016/02/29",74.42
"Currency","2016/02/28",74.42
"Currency","2016/02/26",74.42
"Currency","2016/02/25",74.46
"Currency","2016/02/24",74.39
"Currency","2016/02/23",74.39
"Currency","2016/02/22",74.46
"Currency","2016/02/19",74.46
"Currency","2016/02/18",74.64
"Currency","2016/02/17",74.66
"Currency","2016/02/16",74.51
"Currency","2016/02/15",75.44
"Currency","2016/02/12",75.44
"Currency","2016/02/11",74.30
"Currency","2016/02/10",73.48
"Currency","2016/02/09",75.35
"Currency","2016/02/08",75.35
"Currency","2016/02/05",75.35
"Currency","2016/02/04",75.46
"Currency","2016/02/03",75.38
"Currency","2016/02/02",75.59
"Currency","2016/02/01",75.89
"Currency","2016/01/29",75.89
"Currency","2016/01/28",75.88
"Currency","2016/01/27",75.89
"Currency","2016/01/26",75.89
"Currency","2016/01/25",75.88
"Currency","2016/01/22",75.88
"Currency","2016/01/21",75.88
"Currency","2016/01/20",75.89
"Currency","2016/01/19",75.87
"Currency","2016/01/18",75.88
"Currency","2016/01/15",75.88
"Currency","2016/01/14",75.90
"Currency","2016/01/13",75.90
"Currency","2016/01/12",75.86
"Currency","2016/01/11",75.90
"Currency","2016/01/08",75.90
"Currency","2016/01/07",75.90
"Currency","2016/01/06",75.90
"Currency","2016/01/05",75.90
"Currency","2016/01/04",75.90
"Currency","2016/01/01",75.90
"Currency","2015/12/31",75.90
"Currency","2015/12/30",75.88
"Currency","2015/12/29",75.84
"Currency","2015/12/28",75.87
"Currency","2015/12/25",75.87
"Currency","2015/12/24",75.87
"Currency","2015/12/23",75.89
"Currency","2015/12/22",75.87
"Currency","2015/12/21",75.88
"Currency","2015/12/20",75.88
"Currency","2015/12/18",75.88
"Currency","2015/12/17",75.87
"Currency","2015/12/16",75.87
"Currency","2015/12/15",75.87
"Currency","2015/12/14",75.87
"Currency","2015/12/11",75.87
"Currency","2015/12/10",75.87
"Currency","2015/12/09",75.87
"Currency","2015/12/08",75.89
"Currency","2015/12/07",75.89
"Currency","2015/12/06",75.89
"Currency","2015/12/04",75.89
"Currency","2015/12/03",75.73
"Currency","2015/12/02",75.81
"Currency","2015/12/01",75.86
"Currency","2015/11/30",73.44
"Currency","2015/11/28",73.44
"Currency","2015/11/27",73.05
"Currency","2015/11/26",73.44
"Currency","2015/11/25",72.91
"Currency","2015/11/24",72.86
"Currency","2015/11/23",72.49
"Currency","2015/11/20",72.49
"Currency","2015/11/19",72.43
"Currency","2015/11/18",72.04
"Currency","2015/11/17",72.03
"Currency","2015/11/16",71.93
"Currency","2015/11/13",71.93
"Currency","2015/11/12",71.54
"Currency","2015/11/11",71.09
"Currency","2015/11/10",70.38
"Currency","2015/11/09",69.79
"Currency","2015/11/08",69.79
"Currency","2015/11/06",69.79
"Currency","2015/11/05",69.79
"Currency","2015/11/04",69.73
"Currency","2015/11/03",69.71
"Currency","2015/11/02",69.17
"Currency","2015/11/01",69.38
"Currency","2015/10/30",69.38
"Currency","2015/10/29",69.32
"Currency","2015/10/28",69.15
"Currency","2015/10/27",69.15
"Currency","2015/10/26",68.85
"Currency","2015/10/25",68.85
"Currency","2015/10/23",68.85
"Currency","2015/10/22",68.84
"Currency","2015/10/21",68.85
"Currency","2015/10/20",68.84
"Currency","2015/10/19",69.20
"Currency","2015/10/18",68.81
"Currency","2015/10/16",68.81
"Currency","2015/10/15",68.57
"Currency","2015/10/14",68.57
"Currency","2015/10/13",68.61
"Currency","2015/10/12",68.72
"Currency","2015/10/09",68.72
"Currency","2015/10/08",69.11
"Currency","2015/10/07",69.19
"Currency","2015/10/06",69.08
"Currency","2015/10/05",68.86
"Currency","2015/10/04",68.86
"Currency","2015/10/02",68.86
"Currency","2015/10/01",68.82
"Currency","2015/09/30",68.84
"Currency","2015/09/29",68.71
"Currency","2015/09/28",69.11
"Currency","2015/09/27",69.11
"Currency","2015/09/26",69.11
"Currency","2015/09/25",69.11
"Currency","2015/09/24",69.11
"Currency","2015/09/23",68.68
"Currency","2015/09/22",68.58
"Currency","2015/09/21",70.49
"Currency","2015/09/20",70.49
"Currency","2015/09/18",70.49
"Currency","2015/09/17",68.81
"Currency","2015/09/16",68.80
"Currency","2015/09/15",68.34
"Currency","2015/09/14",67.13
"Currency","2015/09/13",67.13
"Currency","2015/09/11",67.13
"Currency","2015/09/10",66.97
"Currency","2015/09/09",66.50
"Currency","2015/09/08",66.15
"Currency","2015/09/07",65.63
"Currency","2015/09/06",65.63
"Currency","2015/09/04",65.63
"Currency","2015/09/03",64.53
"Currency","2015/09/02",64.28
"Currency","2015/09/01",66.00
"Currency","2015/08/31",66.00
"Currency","2015/08/30",66.00
"Currency","2015/08/28",66.00
"Currency","2015/08/27",66.07
"Currency","2015/08/26",65.31
"Currency","2015/08/25",64.93
"Currency","2015/08/24",62.15
"Currency","2015/08/21",62.15
"Currency","2015/08/20",62.07
"Currency","2015/08/19",61.32
"Currency","2015/08/18",61.12
"Currency","2015/08/17",61.40
"Currency","2015/08/14",61.40
"Currency","2015/08/13",62.08
"Currency","2015/08/12",62.18
"Currency","2015/08/11",62.44
"Currency","2015/08/10",62.75
"Currency","2015/08/07",62.75
"Currency","2015/08/06",62.75
"Currency","2015/08/05",62.75
"Currency","2015/08/04",62.76
"Currency","2015/08/03",62.78
"Currency","2015/07/31",62.79
"Currency","2015/07/30",60.92
"Currency","2015/07/29",60.93
"Currency","2015/07/28",61.02
"Currency","2015/07/27",61.37
"Currency","2015/07/24",61.37
"Currency","2015/07/23",62.62
"Currency","2015/07/22",62.75
"Currency","2015/07/21",62.96
"Currency","2015/07/20",63.01
"Currency","2015/07/17",63.01
"Currency","2015/07/16",62.89
"Currency","2015/07/15",62.77
"Currency","2015/07/14",62.72
"Currency","2015/07/13",62.37
"Currency","2015/07/12",62.37
"Currency","2015/07/10",62.37
"Currency","2015/07/09",62.15
"Currency","2015/07/08",62.15
"Currency","2015/07/07",62.29
"Currency","2015/07/06",62.23
"Currency","2015/07/04",62.09
"Currency","2015/07/03",62.24
"Currency","2015/07/02",62.11
"Currency","2015/07/01",62.14
"Currency","2015/06/30",62.22
"Currency","2015/06/29",61.31
"Currency","2015/06/26",61.32
"Currency","2015/06/25",61.03
"Currency","2015/06/24",60.88
"Currency","2015/06/23",60.85
"Currency","2015/06/22",60.59
"Currency","2015/06/19",60.58
"Currency","2015/06/18",60.40
"Currency","2015/06/17",60.21
"Currency","2015/06/16",60.16
"Currency","2015/06/15",59.85
"Currency","2015/06/12",59.87
"Currency","2015/06/11",59.65
"Currency","2015/06/10",59.50
"Currency","2015/06/09",59.38
"Currency","2015/06/08",59.03
"Currency","2015/06/05",59.05
"Currency","2015/06/04",59.03
"Currency","2015/06/03",58.92
"Currency","2015/06/02",58.03
"Currency","2015/06/01",58.05
"Currency","2015/05/29",58.10
"Currency","2015/05/28",58.28
"Currency","2015/05/27",58.30
"Currency","2015/05/26",57.92
"Currency","2015/05/25",58.43
"Currency","2015/05/22",58.43
"Currency","2015/05/21",58.70
"Currency","2015/05/20",58.70
"Currency","2015/05/19",58.50
"Currency","2015/05/18",58.50
"Currency","2015/05/15",58.53
"Currency","2015/05/14",58.80
"Currency","2015/05/13",58.40
"Currency","2015/05/12",58.40
"Currency","2015/05/11",58.43
"Currency","2015/05/08",58.45
"Currency","2015/05/07",59.52
"Currency","2015/05/06",60.18
"Currency","2015/05/05",60.20
"Currency","2015/05/04",60.20
"Currency","2015/05/01",60.20
"Currency","2015/04/30",60.22
"Currency","2015/04/29",59.35
"Currency","2015/04/28",60.95
"Currency","2015/04/27",60.20
"Currency","2015/04/24",61.21
"Currency","2015/04/23",61.23
"Currency","2015/04/22",60.93
"Currency","2015/04/21",61.47
"Currency","2015/04/20",63.20
"Currency","2015/04/17",63.20
"Currency","2015/04/16",63.90
"Currency","2015/04/15",63.87
"Currency","2015/04/14",63.95
"Currency","2015/04/13",64.03
"Currency","2015/04/10",64.05
"Currency","2015/04/09",64.03
"Currency","2015/04/08",64.05
"Currency","2015/04/07",64.02
"Currency","2015/04/06",63.87
"Currency","2015/04/03",63.99
"Currency","2015/04/02",64.00
"Currency","2015/04/01",64.02
"Currency","2015/03/31",64.00
"Currency","2015/03/30",64.02
"Currency","2015/03/27",64.04
"Currency","2015/03/26",63.53
"Currency","2015/03/25",62.97
"Currency","2015/03/24",63.50
"Currency","2015/03/23",63.10
"Currency","2015/03/20",63.14
"Currency","2015/03/19",62.85
"Currency","2015/03/18",62.70
"Currency","2015/03/17",62.52
"Currency","2015/03/16",62.38
"Currency","2015/03/13",62.08
"Currency","2015/03/12",62.03
"Currency","2015/03/11",61.87
"Currency","2015/03/10",61.53
"Currency","2015/03/09",61.57
"Currency","2015/03/06",61.56
"Currency","2015/03/05",61.51
"Currency","2015/03/04",61.47
"Currency","2015/03/03",61.48
"Currency","2015/03/02",61.45
"Currency","2015/02/27",61.45
"Currency","2015/02/26",61.45
"Currency","2015/02/25",61.45
"Currency","2015/02/24",61.35
"Currency","2015/02/23",61.25
"Currency","2015/02/20",61.30
"Currency","2015/02/19",61.25
"Currency","2015/02/18",61.25
"Currency","2015/02/17",60.90
"Currency","2015/02/16",60.80
"Currency","2015/02/13",60.80
"Currency","2015/02/12",60.77
"Currency","2015/02/11",60.87
"Currency","2015/02/10",61.30
"Currency","2015/02/09",61.30
"Currency","2015/02/06",60.82
"Currency","2015/02/05",60.65
"Currency","2015/02/04",59.89
"Currency","2015/02/03",60.70
"Currency","2015/02/02",60.25
"Currency","2015/01/30",60.45
"Currency","2015/01/29",60.37
"Currency","2015/01/28",60.37
"Currency","2015/01/27",60.37
"Currency","2015/01/26",60.32
"Currency","2015/01/23",60.35
"Currency","2015/01/22",60.30
"Currency","2015/01/21",60.30
"Currency","2015/01/20",60.30
"Currency","2015/01/19",60.30
"Currency","2015/01/16",60.30
"Currency","2015/01/15",60.35
"Currency","2015/01/14",60.05
"Currency","2015/01/13",60.05
"Currency","2015/01/12",59.85
"Currency","2015/01/09",59.35
"Currency","2015/01/08",59.05
"Currency","2015/01/07",59.05
"Currency","2015/01/06",59.05
"Currency","2015/01/05",59.05
"Currency","2015/01/02",59.05
"Currency","2015/01/01",59.05
"Currency","2014/12/31",59.05
"Currency","2014/12/30",59.05
"Currency","2014/12/29",59.05
"Currency","2014/12/26",59.05
"Currency","2014/12/25",59.05
"Currency","2014/12/24",59.05
"Currency","2014/12/23",59.05
"Currency","2014/12/22",59.05
"Currency","2014/12/19",59.30
"Currency","2014/12/18",57.70
"Currency","2014/12/17",57.70
"Currency","2014/12/16",57.70
"Currency","2014/12/15",57.70
"Currency","2014/12/12",57.70
"Currency","2014/12/11",57.72
"Currency","2014/12/10",57.72
"Currency","2014/12/09",57.60
"Currency","2014/12/08",57.70
"Currency","2014/12/05",57.60
"Currency","2014/12/04",57.60
"Currency","2014/12/03",57.60
"Currency","2014/12/02",57.60
"Currency","2014/12/01",57.60
"Currency","2014/11/28",57.60
"Currency","2014/11/27",57.57
"Currency","2014/11/26",57.57
"Currency","2014/11/25",57.80
"Currency","2014/11/24",57.80
"Currency","2014/11/23",57.56
"Currency","2014/11/22",57.56
"Currency","2014/11/21",57.80
"Currency","2014/11/20",57.80
"Currency","2014/11/19",57.80
"Currency","2014/11/18",57.80
"Currency","2014/11/17",57.80
"Currency","2014/11/16",57.60
"Currency","2014/11/15",57.60
"Currency","2014/11/14",57.80
"Currency","2014/11/13",57.80
"Currency","2014/11/12",57.80
"Currency","2014/11/11",57.80
"Currency","2014/11/10",57.70
"Currency","2014/11/09",57.59
"Currency","2014/11/08",57.59
"Currency","2014/11/07",57.65
"Currency","2014/11/06",57.65
"Currency","2014/11/05",57.65
"Currency","2014/11/04",57.65
"Currency","2014/11/03",57.65
"Currency","2014/11/02",57.34
"Currency","2014/11/01",57.34
"Currency","2014/10/31",58.00
"Currency","2014/10/30",58.00
"Currency","2014/10/29",57.45
"Currency","2014/10/28",57.40
"Currency","2014/10/27",56.70
"Currency","2014/10/26",56.07
"Currency","2014/10/25",56.07
"Currency","2014/10/24",56.65
"Currency","2014/10/23",56.35
"Currency","2014/10/22",56.25
"Currency","2014/10/21",56.25
"Currency","2014/10/20",55.77
"Currency","2014/10/19",55.14
"Currency","2014/10/18",55.14
"Currency","2014/10/17",54.70
"Currency","2014/10/16",54.70
"Currency","2014/10/15",54.70
"Currency","2014/10/14",54.70
"Currency","2014/10/13",54.70
"Currency","2014/10/12",54.71
"Currency","2014/10/11",54.71
"Currency","2014/10/10",54.35
"Currency","2014/10/09",54.35
"Currency","2014/10/08",54.35
"Currency","2014/10/07",54.35
"Currency","2014/10/06",54.35
"Currency","2014/10/05",54.30
"Currency","2014/10/04",54.30
"Currency","2014/10/03",54.35
"Currency","2014/10/02",54.35
"Currency","2014/10/01",54.30
"Currency","2014/09/30",54.40
"Currency","2014/09/29",54.40
"Currency","2014/09/28",54.67
"Currency","2014/09/27",54.67
"Currency","2014/09/26",54.50
"Currency","2014/09/25",54.20
"Currency","2014/09/24",54.20
"Currency","2014/09/23",54.20
"Currency","2014/09/22",54.20
"Currency","2014/09/21",54.01
"Currency","2014/09/20",54.01
"Currency","2014/09/19",54.20
"Currency","2014/09/18",54.20
"Currency","2014/09/17",54.10
"Currency","2014/09/16",53.85
"Currency","2014/09/15",53.85
"Currency","2014/09/14",53.93
"Currency","2014/09/13",53.93
"Currency","2014/09/12",53.90
"Currency","2014/09/11",53.92
"Currency","2014/09/10",53.97
"Currency","2014/09/09",53.97
"Currency","2014/09/08",53.80
"Currency","2014/09/05",53.15
"Currency","2014/09/04",53.15
"Currency","2014/09/03",53.15
"Currency","2014/09/02",53.15
"Currency","2014/09/01",53.00
"Currency","2014/08/29",52.97
"Currency","2014/08/28",52.97
"Currency","2014/08/27",52.85
"Currency","2014/08/26",52.60
"Currency","2014/08/25",52.60
"Currency","2014/08/24",52.30
"Currency","2014/08/23",52.30
"Currency","2014/08/22",52.45
"Currency","2014/08/21",52.45
"Currency","2014/08/20",52.35
"Currency","2014/08/19",51.70
"Currency","2014/08/18",51.70
"Currency","2014/08/17",52.08
"Currency","2014/08/16",52.08
"Currency","2014/08/15",51.70
"Currency","2014/08/14",51.70
"Currency","2014/08/13",51.70
"Currency","2014/08/12",51.70
"Currency","2014/08/11",51.70
"Currency","2014/08/10",51.71
"Currency","2014/08/09",51.71
"Currency","2014/08/08",51.70
"Currency","2014/08/07",51.70
"Currency","2014/08/06",51.70
"Currency","2014/08/05",51.57
"Currency","2014/08/04",51.57
"Currency","2014/08/03",51.69
"Currency","2014/08/02",51.69
"Currency","2014/08/01",51.62
"Currency","2014/07/31",51.65
"Currency","2014/07/30",51.65
"Currency","2014/07/29",51.77
"Currency","2014/07/28",51.77
"Currency","2014/07/27",51.82
"Currency","2014/07/26",51.82
"Currency","2014/07/25",51.77
"Currency","2014/07/24",51.77
"Currency","2014/07/23",51.77
"Currency","2014/07/22",51.80
"Currency","2014/07/21",51.82
"Currency","2014/07/19",51.72
"Currency","2014/07/18",51.67
"Currency","2014/07/17",51.67
"Currency","2014/07/16",51.67
"Currency","2014/07/15",51.67
"Currency","2014/07/14",51.72
"Currency","2014/07/13",51.78
"Currency","2014/07/12",51.78
"Currency","2014/07/11",51.80
"Currency","2014/07/10",51.80
"Currency","2014/07/09",51.80
"Currency","2014/07/08",52.07
"Currency","2014/07/07",52.07
"Currency","2014/07/06",52.15
"Currency","2014/07/05",52.15
"Currency","2014/07/04",52.20
"Currency","2014/07/03",52.20
"Currency","2014/07/02",52.20
"Currency","2014/07/01",51.82
"Currency","2014/06/30",51.82
"Currency","2014/06/29",51.86
"Currency","2014/06/28",51.86
"Currency","2014/06/27",51.97
"Currency","2014/06/26",51.97
"Currency","2014/06/25",51.97
"Currency","2014/06/24",52.07
"Currency","2014/06/23",52.17
"Currency","2014/06/22",52.11
"Currency","2014/06/21",52.11
"Currency","2014/06/20",52.20
"Currency","2014/06/19",52.35
"Currency","2014/06/18",52.35
"Currency","2014/06/17",52.20
"Currency","2014/06/16",51.82
"Currency","2014/06/15",51.98
"Currency","2014/06/14",51.98
"Currency","2014/06/13",51.80
"Currency","2014/06/12",51.80
"Currency","2014/06/11",51.97
"Currency","2014/06/10",52.25
"Currency","2014/06/09",52.41
"Currency","2014/06/08",52.61
"Currency","2014/06/07",52.61
"Currency","2014/06/06",52.47
"Currency","2014/06/05",52.40
"Currency","2014/06/04",52.65
"Currency","2014/06/03",52.65
"Currency","2014/06/02",52.45
"Currency","2014/06/01",52.27
"Currency","2014/05/31",52.27
"Currency","2014/05/30",52.07
"Currency","2014/05/29",52.07
"Currency","2014/05/28",52.15
"Currency","2014/05/27",52.32
"Currency","2014/05/26",52.50
"Currency","2014/05/24",52.31
"Currency","2014/05/23",52.50
"Currency","2014/05/22",52.50
"Currency","2014/05/21",52.02
"Currency","2014/05/20",51.97
"Currency","2014/05/19",51.57
"Currency","2014/05/18",52.09
"Currency","2014/05/17",52.09
"Currency","2014/05/16",51.57
"Currency","2014/05/15",51.80
"Currency","2014/05/14",52.12
"Currency","2014/05/13",52.05
"Currency","2014/05/12",52.25
"Currency","2014/05/11",52.41
"Currency","2014/05/10",52.41
"Currency","2014/05/09",52.25
"Currency","2014/05/08",52.25
"Currency","2014/05/07",52.40
"Currency","2014/05/06",53.87
"Currency","2014/05/05",53.80
"Currency","2014/05/04",53.96
"Currency","2014/05/03",53.96
"Currency","2014/05/02",53.80
"Currency","2014/05/01",53.92
"Currency","2014/04/30",53.92
"Currency","2014/04/29",54.00
"Currency","2014/04/28",53.89
"Currency","2014/04/27",54.43
"Currency","2014/04/26",54.43
"Currency","2014/04/25",54.42
"Currency","2014/04/24",53.90
"Currency","2014/04/23",54.17
"Currency","2014/04/22",53.90
"Currency","2014/04/21",53.89
"Currency","2014/04/20",54.42
"Currency","2014/04/19",54.42
"Currency","2014/04/18",54.15
"Currency","2014/04/17",54.42
"Currency","2014/04/16",54.15
"Currency","2014/04/15",54.42
"Currency","2014/04/14",54.43
"Currency","2014/04/13",54.44
"Currency","2014/04/12",54.44
"Currency","2014/04/11",54.43
"Currency","2014/04/10",54.44
"Currency","2014/04/09",54.43
"Currency","2014/04/08",54.44
"Currency","2014/04/07",54.44
"Currency","2014/04/06",54.49
"Currency","2014/04/05",54.49
"Currency","2014/04/04",54.48
"Currency","2014/04/03",54.48
"Currency","2014/04/02",54.48
"Currency","2014/04/01",54.48
"Currency","2014/03/31",54.48
"Currency","2014/03/30",54.49
"Currency","2014/03/29",54.49
"Currency","2014/03/28",54.49
"Currency","2014/03/27",54.49
"Currency","2014/03/26",52.25
"Currency","2014/03/25",52.25
"Currency","2014/03/24",52.25
"Currency","2014/03/23",54.49
"Currency","2014/03/22",54.49
"Currency","2014/03/21",52.25
"Currency","2014/03/20",52.25
"Currency","2014/03/19",52.25
"Currency","2014/03/18",52.25
"Currency","2014/03/17",52.25
"Currency","2014/03/16",54.50
"Currency","2014/03/15",54.50
"Currency","2014/03/14",52.25
"Currency","2014/03/13",52.25
"Currency","2014/03/12",52.25
"Currency","2014/03/11",52.25
"Currency","2014/03/10",52.25
"Currency","2014/03/09",54.49
"Currency","2014/03/08",54.49
"Currency","2014/03/07",52.25
"Currency","2014/03/06",52.25
"Currency","2014/03/05",52.25
"Currency","2014/03/04",52.25
"Currency","2014/03/03",52.25
"Currency","2014/03/02",52.44
"Currency","2014/03/01",52.44
"Currency","2014/02/28",52.25
"Currency","2014/02/27",52.25
"Currency","2014/02/26",52.25
"Currency","2014/02/25",52.25
"Currency","2014/02/24",52.25
"Currency","2014/02/23",51.67
"Currency","2014/02/22",51.67
"Currency","2014/02/21",52.25
"Currency","2014/02/20",52.25
"Currency","2014/02/19",52.07
"Currency","2014/02/18",52.07
"Currency","2014/02/17",52.07
"Currency","2014/02/16",51.65
"Currency","2014/02/15",51.65
"Currency","2014/02/14",51.56
"Currency","2014/02/13",51.56
"Currency","2014/02/12",51.56
"Currency","2014/02/11",51.56
"Currency","2014/02/10",51.56
"Currency","2014/02/09",51.00
"Currency","2014/02/08",51.00
"Currency","2014/02/07",51.56
"Currency","2014/02/06",51.56
"Currency","2014/02/05",51.56
"Currency","2014/02/04",51.56
"Currency","2014/02/03",50.39
"Currency","2014/02/02",50.42
"Currency","2014/02/01",50.42
"Currency","2014/01/31",50.42
"Currency","2014/01/30",50.79
"Currency","2014/01/29",50.79
"Currency","2014/01/28",50.79
"Currency","2014/01/25",50.60
"Currency","2014/01/24",50.60
"Currency","2014/01/23",50.61
"Currency","2014/01/22",50.32
"Currency","2014/01/21",50.24
"Currency","2014/01/20",49.92
"Currency","2014/01/19",49.92
"Currency","2014/01/18",49.92
"Currency","2014/01/17",49.92
"Currency","2014/01/16",49.66
"Currency","2014/01/15",49.45
"Currency","2014/01/14",49.45
"Currency","2014/01/13",49.35
"Currency","2014/01/12",49.35
"Currency","2014/01/11",49.35
"Currency","2014/01/10",49.35
"Currency","2014/01/09",49.19
"Currency","2014/01/08",49.19
"Currency","2014/01/07",49.19
"Currency","2014/01/06",49.19
"Currency","2014/01/05",49.19
"Currency","2014/01/04",49.19
"Currency","2014/01/03",49.19
"Currency","2014/01/02",49.19
"Currency","2014/01/01",49.25
"Currency","2013/12/31",49.25
"Currency","2013/12/30",49.33
"Currency","2013/12/29",49.50
"Currency","2013/12/28",49.50
"Currency","2013/12/27",49.50
"Currency","2013/12/26",49.40
"Currency","2013/12/25",49.28
"Currency","2013/12/24",49.28
"Currency","2013/12/23",49.23
"Currency","2013/12/22",49.14
"Currency","2013/12/21",49.14
"Currency","2013/12/20",49.14
"Currency","2013/12/19",49.09
"Currency","2013/12/18",49.05
"Currency","2013/12/17",49.16
"Currency","2013/12/16",49.27
"Currency","2013/12/15",49.42
"Currency","2013/12/14",49.42
"Currency","2013/12/13",49.42
"Currency","2013/12/12",49.42
"Currency","2013/12/11",49.40
"Currency","2013/12/10",49.40
"Currency","2013/12/09",49.35
"Currency","2013/12/08",49.27
"Currency","2013/12/07",49.27
"Currency","2013/12/06",49.27
"Currency","2013/12/05",49.10
"Currency","2013/12/04",49.01
"Currency","2013/12/03",48.96
"Currency","2013/12/02",48.96
"Currency","2013/12/01",48.95
"Currency","2013/11/30",48.95
"Currency","2013/11/29",48.95
"Currency","2013/11/28",48.98
"Currency","2013/11/27",48.93
"Currency","2013/11/26",48.94
"Currency","2013/11/25",48.83
"Currency","2013/11/24",48.83
"Currency","2013/11/23",48.83
"Currency","2013/11/22",48.83
"Currency","2013/11/21",48.83
"Currency","2013/11/20",48.87
"Currency","2013/11/19",48.90
"Currency","2013/11/18",48.90
"Currency","2013/11/17",48.81
"Currency","2013/11/16",48.81
"Currency","2013/11/15",48.81
"Currency","2013/11/14",48.71
"Currency","2013/11/13",48.68
"Currency","2013/11/12",48.68
"Currency","2013/11/11",48.64
"Currency","2013/11/10",48.64
"Currency","2013/11/09",48.64
"Currency","2013/11/08",48.64
"Currency","2013/11/07",48.64
"Currency","2013/11/06",48.60
"Currency","2013/11/05",48.49
"Currency","2013/11/04",48.48
"Currency","2013/11/03",48.50
"Currency","2013/11/02",48.50
"Currency","2013/11/01",48.50
"Currency","2013/10/31",48.50
"Currency","2013/10/30",48.51
"Currency","2013/10/29",48.55
"Currency","2013/10/28",48.51
"Currency","2013/10/27",48.70
"Currency","2013/10/26",48.70
"Currency","2013/10/25",48.70
"Currency","2013/10/24",48.69
"Currency","2013/10/23",48.66
"Currency","2013/10/22",48.62
"Currency","2013/10/21",48.55
"Currency","2013/10/20",48.58
"Currency","2013/10/19",48.58
"Currency","2013/10/18",48.58
"Currency","2013/10/17",48.64
"Currency","2013/10/16",48.69
"Currency","2013/10/15",48.69
"Currency","2013/10/14",48.69
"Currency","2013/10/13",48.82
"Currency","2013/10/11",48.82
"Currency","2013/10/10",48.84
"Currency","2013/10/09",48.88
"Currency","2013/10/08",48.90
"Currency","2013/10/07",48.89
"Currency","2013/10/04",48.80
"Currency","2013/10/03",48.75
"Currency","2013/10/02",48.70
"Currency","2013/10/01",48.66
"Currency","2013/09/30",48.62
"Currency","2013/09/27",48.71
"Currency","2013/09/26",48.76
"Currency","2013/09/25",48.90
"Currency","2013/09/24",49.06
"Currency","2013/09/23",49.14
"Currency","2013/09/20",49.00
"Currency","2013/09/19",48.91
"Currency","2013/09/18",48.89
"Currency","2013/09/17",48.93
"Currency","2013/09/16",49.18
"Currency","2013/09/13",49.40
"Currency","2013/09/12",49.33
"Currency","2013/09/11",49.21
"Currency","2013/09/10",49.10
"Currency","2013/09/09",48.96
"Currency","2013/09/06",48.82
"Currency","2013/09/05",48.75
"Currency","2013/09/04",48.74
"Currency","2013/09/03",48.72
"Currency","2013/09/02",48.72
"Currency","2013/08/30",48.71
"Currency","2013/08/29",48.67
"Currency","2013/08/28",48.61
"Currency","2013/08/27",48.60
"Currency","2013/08/26",48.54
"Currency","2013/08/23",48.52
"Currency","2013/08/22",48.49
"Currency","2013/08/21",48.48
"Currency","2013/08/20",48.48
"Currency","2013/08/19",48.48
"Currency","2013/08/16",48.39
"Currency","2013/08/15",48.50
"Currency","2013/08/14",48.88
"Currency","2013/08/13",48.97
"Currency","2013/08/12",48.98
"Currency","2013/08/09",48.98
"Currency","2013/08/08",48.98
"Currency","2013/08/07",48.97
"Currency","2013/08/06",48.96
"Currency","2013/08/05",48.95
"Currency","2013/08/02",48.95
"Currency","2013/08/01",48.95
"Currency","2013/07/31",48.87
"Currency","2013/07/30",48.84
"Currency","2013/07/29",48.80
"Currency","2013/07/26",48.85
"Currency","2013/07/25",48.94
"Currency","2013/07/24",49.00
"Currency","2013/07/23",49.03
"Currency","2013/07/22",49.04
"Currency","2013/07/19",49.03
"Currency","2013/07/18",48.97
"Currency","2013/07/17",48.93
"Currency","2013/07/16",48.89
"Currency","2013/07/15",48.89
"Currency","2013/07/12",48.86
"Currency","2013/07/11",48.85
"Currency","2013/07/10",48.85
"Currency","2013/07/09",48.85
"Currency","2013/07/08",48.84
"Currency","2013/07/05",48.78
"Currency","2013/07/04",48.67
"Currency","2013/07/03",48.62
"Currency","2013/07/02",48.62
"Currency","2013/07/01",48.63
"Currency","2013/06/28",48.64
"Currency","2013/06/27",48.64
"Currency","2013/06/26",48.58
"Currency","2013/06/25",48.53
"Currency","2013/06/24",48.48
"Currency","2013/06/21",48.43
"Currency","2013/06/20",48.43
"Currency","2013/06/19",48.44
"Currency","2013/06/18",48.49
"Currency","2013/06/17",48.44
"Currency","2013/06/14",48.40
"Currency","2013/06/13",48.42
"Currency","2013/06/12",48.62
"Currency","2013/06/11",48.69
"Currency","2013/06/10",48.68
"Currency","2013/06/07",48.60
"Currency","2013/06/06",48.53
"Currency","2013/06/05",48.37
"Currency","2013/06/04",48.33
"Currency","2013/06/03",48.27
"Currency","2013/05/31",48.23
"Currency","2013/05/30",48.19
"Currency","2013/05/29",48.19
"Currency","2013/05/28",48.22
"Currency","2013/05/27",48.26
"Currency","2013/05/24",48.29
"Currency","2013/05/23",48.29
"Currency","2013/05/22",48.29
"Currency","2013/05/21",48.29
"Currency","2013/05/20",48.28
"Currency","2013/05/17",48.23
"Currency","2013/05/16",48.14
"Currency","2013/05/15",48.13
"Currency","2013/05/14",48.13
"Currency","2013/05/13",48.13
"Currency","2013/05/10",48.13
"Currency","2013/05/09",48.13
"Currency","2013/05/08",48.13
"Currency","2013/05/07",48.13
"Currency","2013/05/06",48.13
"Currency","2013/05/03",48.12
"Currency","2013/05/02",48.12
"Currency","2013/05/01",48.12
"Currency","2013/04/30",48.17
"Currency","2013/04/29",48.24
"Currency","2013/04/26",48.28
"Currency","2013/04/25",48.38
"Currency","2013/04/24",48.43
"Currency","2013/04/23",48.44
"Currency","2013/04/22",48.45
"Currency","2013/04/19",48.49
"Currency","2013/04/18",48.32
"Currency","2013/04/17",48.28
"Currency","2013/04/16",48.26
"Currency","2013/04/15",48.23
"Currency","2013/04/12",48.18
"Currency","2013/04/11",48.15
"Currency","2013/04/10",48.10
"Currency","2013/04/09",48.08
"Currency","2013/04/08",48.05
"Currency","2013/04/05",47.94
"Currency","2013/04/04",47.94
"Currency","2013/04/03",47.93
"Currency","2013/04/02",47.93
"Currency","2013/04/01",47.96
"Currency","2013/03/29",47.97
"Currency","2013/03/28",47.97
"Currency","2013/03/27",47.98
"Currency","2013/03/26",47.96
"Currency","2013/03/25",47.90
"Currency","2013/03/22",47.90
"Currency","2013/03/21",47.90
"Currency","2013/03/20",47.89
"Currency","2013/03/19",47.88
"Currency","2013/03/18",47.87
"Currency","2013/03/15",47.86
"Currency","2013/03/14",47.77
"Currency","2013/03/13",47.78
"Currency","2013/03/12",47.82
"Currency","2013/03/11",47.84
"Currency","2013/03/08",47.84
"Currency","2013/03/07",47.75
"Currency","2013/03/06",47.69
"Currency","2013/03/05",47.61
"Currency","2013/03/04",47.56
"Currency","2013/03/01",47.54
"Currency","2013/02/28",47.57
"Currency","2013/02/27",47.60
"Currency","2013/02/26",47.64
"Currency","2013/02/25",47.64
"Currency","2013/02/22",47.65
"Currency","2013/02/21",47.67
"Currency","2013/02/20",47.74
"Currency","2013/02/19",47.74
"Currency","2013/02/18",47.77
"Currency","2013/02/15",47.85
"Currency","2013/02/14",47.89
"Currency","2013/02/13",47.95
"Currency","2013/02/12",47.95
"Currency","2013/02/11",47.97
"Currency","2013/02/08",47.97
"Currency","2013/02/07",47.98
"Currency","2013/02/06",47.91
"Currency","2013/02/05",47.87
"Currency","2013/02/04",47.84
"Currency","2013/02/01",47.79
"Currency","2013/01/31",47.77
"Currency","2013/01/30",47.79
"Currency","2013/01/29",47.80
"Currency","2013/01/28",47.76
"Currency","2013/01/25",47.67
"Currency","2013/01/24",47.63
"Currency","2013/01/23",47.60
"Currency","2013/01/22",47.60
"Currency","2013/01/21",47.60
"Currency","2013/01/18",47.43
"Currency","2013/01/17",47.41
"Currency","2013/01/16",47.40
"Currency","2013/01/15",47.41
"Currency","2013/01/14",47.40
"Currency","2013/01/11",47.43
"Currency","2013/01/10",47.42
"Currency","2013/01/09",47.40
"Currency","2013/01/08",47.39
"Currency","2013/01/07",47.39
"Currency","2013/01/04",47.39
"Currency","2013/01/03",47.39
"Currency","2013/01/02",47.39
"Currency","2013/01/01",47.40
"Currency","2012/12/31",47.40
"Currency","2012/12/28",47.40
"Currency","2012/12/27",47.48
"Currency","2012/12/26",47.48
"Currency","2012/12/25",47.43
"Currency","2012/12/24",47.43
"Currency","2012/12/21",47.42
"Currency","2012/12/20",47.42
"Currency","2012/12/19",47.34
"Currency","2012/12/18",47.35
"Currency","2012/12/17",47.37
"Currency","2012/12/14",47.38
"Currency","2012/12/13",47.40
"Currency","2012/12/12",47.44
"Currency","2012/12/11",47.45
"Currency","2012/12/10",47.48
"Currency","2012/12/07",47.45
"Currency","2012/12/06",47.38
"Currency","2012/12/04",47.34
"Currency","2012/12/03",47.29
"Currency","2012/11/29",47.25
"Currency","2012/11/28",47.28
"Currency","2012/11/27",47.29
"Currency","2012/11/26",47.29
"Currency","2012/11/23",47.30
"Currency","2012/11/22",47.30
"Currency","2012/11/21",47.31
"Currency","2012/11/20",47.32
"Currency","2012/11/19",47.30
"Currency","2012/11/16",47.29
"Currency","2012/11/15",47.28
"Currency","2012/11/14",47.29
"Currency","2012/11/13",47.29
"Currency","2012/11/12",47.29
"Currency","2012/11/09",47.27
"Currency","2012/11/08",47.25
"Currency","2012/11/07",47.25
"Currency","2012/11/06",47.24
"Currency","2012/11/05",47.19
"Currency","2012/11/02",47.17
"Currency","2012/10/30",47.12
"Currency","2012/10/29",47.09
"Currency","2012/10/26",47.09
"Currency","2012/10/25",47.07
"Currency","2012/10/24",47.07
"Currency","2012/10/23",47.04
"Currency","2012/10/04",47.00
"Currency","2012/10/03",47.07
"Currency","2012/10/02",47.11
"Currency","2012/10/01",47.15
"Currency","2012/09/30",47.15
"Currency","2012/09/29",47.15
"Currency","2012/09/28",46.97
"Currency","2012/09/27",46.98
"Currency","2012/09/26",47.07
"Currency","2012/09/25",47.14
"Currency","2012/09/24",46.97
"Currency","2012/09/23",46.97
"Currency","2012/09/22",46.97
"Currency","2012/09/21",47.08
"Currency","2012/09/20",47.10
"Currency","2012/09/19",47.17
"Currency","2012/09/18",47.15
"Currency","2012/09/17",46.92
"Currency","2012/09/16",46.92
"Currency","2012/09/15",46.92
"Currency","2012/09/14",46.78
"Currency","2012/09/13",47.17
"Currency","2012/09/12",47.23
"Currency","2012/09/11",47.40
"Currency","2012/09/10",47.47
"Currency","2012/09/09",47.47
"Currency","2012/09/08",47.47
"Currency","2012/09/07",47.64
"Currency","2012/09/06",47.27
"Currency","2012/09/05",46.64
"Currency","2012/09/04",46.40
"Currency","2012/09/03",46.07
"Currency","2012/09/02",46.07
"Currency","2012/09/01",46.07
"Currency","2012/08/31",46.07
"Currency","2012/08/30",46.03
"Currency","2012/08/29",46.22
"Currency","2012/08/28",46.52
"Currency","2012/08/27",46.64
"Currency","2012/08/26",46.64
"Currency","2012/08/25",46.64
"Currency","2012/08/24",46.80
"Currency","2012/08/23",46.80
"Currency","2012/08/22",46.80
"Currency","2012/08/21",46.82
"Currency","2012/08/20",46.82
"Currency","2012/08/19",46.82
"Currency","2012/08/18",46.82
"Currency","2012/08/17",46.88
"Currency","2012/08/16",46.93
"Currency","2012/08/15",47.06
"Currency","2012/08/14",47.08
"Currency","2012/08/13",47.08
"Currency","2012/08/12",47.08
"Currency","2012/08/11",47.08
"Currency","2012/08/10",47.14
"Currency","2012/08/09",47.20
"Currency","2012/08/08",47.25
"Currency","2012/08/07",47.25
"Currency","2012/08/06",47.24
"Currency","2012/08/05",47.24
"Currency","2012/08/04",47.24
"Currency","2012/08/03",47.16
"Currency","2012/08/02",47.15
"Currency","2012/08/01",47.15
"Currency","2012/07/31",47.15
"Currency","2012/07/30",47.13
"Currency","2012/07/29",47.13
"Currency","2012/07/28",47.13
"Currency","2012/07/27",47.10
"Currency","2012/07/26",47.02
"Currency","2012/07/25",47.01
"Currency","2012/07/24",47.15
"Currency","2012/07/23",47.15
"Currency","2012/07/22",47.15
"Currency","2012/07/21",47.15
"Currency","2012/07/20",47.13
"Currency","2012/07/19",47.10
"Currency","2012/07/18",47.11
"Currency","2012/07/17",47.19
"Currency","2012/07/16",47.16
"Currency","2012/07/15",47.16
"Currency","2012/07/14",47.16
"Currency","2012/07/13",47.15
"Currency","2012/07/12",47.14
"Currency","2012/07/11",47.25
"Currency","2012/07/10",47.31
"Currency","2012/07/09",47.42
"Currency","2012/07/08",47.42
"Currency","2012/07/07",47.42
"Currency","2012/07/06",47.44
"Currency","2012/07/05",47.39
"Currency","2012/07/04",47.31
"Currency","2012/07/03",47.30
"Currency","2012/07/02",47.24
"Currency","2012/07/01",47.24
"Currency","2012/06/30",47.24
"Currency","2012/06/29",47.17
"Currency","2012/06/28",47.15
"Currency","2012/06/27",47.15
"Currency","2012/06/26",47.16
"Currency","2012/06/25",47.20
"Currency","2012/06/24",47.20
"Currency","2012/06/23",47.20
"Currency","2012/06/22",47.22
"Currency","2012/06/21",47.25
"Currency","2012/06/20",47.24
"Currency","2012/06/19",47.18
"Currency","2012/06/18",47.11
"Currency","2012/06/17",47.11
"Currency","2012/06/16",47.11
"Currency","2012/06/15",47.08
"Currency","2012/06/14",47.16
"Currency","2012/06/13",47.31
"Currency","2012/06/12",47.32
"Currency","2012/06/11",47.35
"Currency","2012/06/10",47.35
"Currency","2012/06/09",47.35
"Currency","2012/06/08",47.35
"Currency","2012/06/07",47.35
"Currency","2012/06/06",47.39
"Currency","2012/06/05",47.14
"Currency","2012/06/04",47.03
"Currency","2012/06/03",47.03
"Currency","2012/06/02",47.03
"Currency","2012/06/01",46.96
"Currency","2012/05/31",46.94
"Currency","2012/05/30",46.93
"Currency","2012/05/29",47.18
"Currency","2012/05/28",47.28
"Currency","2012/05/27",47.28
"Currency","2012/05/26",47.28
"Currency","2012/05/25",47.30
"Currency","2012/05/24",47.26
"Currency","2012/05/23",47.20
"Currency","2012/05/22",47.20
"Currency","2012/05/21",47.17
"Currency","2012/05/20",47.17
"Currency","2012/05/19",47.17
"Currency","2012/05/18",47.15
"Currency","2012/05/17",47.14
"Currency","2012/05/16",47.11
"Currency","2012/05/15",47.06
"Currency","2012/05/14",46.98
"Currency","2012/05/13",46.98
"Currency","2012/05/12",46.98
"Currency","2012/05/11",46.95
"Currency","2012/05/10",46.97
"Currency","2012/05/09",46.97
"Currency","2012/05/08",46.97
"Currency","2012/05/07",46.97
"Currency","2012/05/06",46.97
"Currency","2012/05/05",46.97
"Currency","2012/05/04",46.97
"Currency","2012/05/03",46.91
"Currency","2012/05/02",46.86
"Currency","2012/05/01",46.86
"Currency","2012/04/30",46.85
"Currency","2012/04/29",46.85
"Currency","2012/04/28",46.85
"Currency","2012/04/27",46.88
"Currency","2012/04/26",46.91
"Currency","2012/04/25",46.91
"Currency","2012/04/24",46.87
"Currency","2012/04/23",46.78
"Currency","2012/04/22",46.78
"Currency","2012/04/21",46.78
"Currency","2012/04/20",46.76
"Currency","2012/04/19",46.82
"Currency","2012/04/18",46.72
"Currency","2012/04/17",46.62
"Currency","2012/04/16",46.78
"Currency","2012/04/15",46.78
"Currency","2012/04/14",46.78
"Currency","2012/04/13",46.83
"Currency","2012/04/12",46.80
"Currency","2012/04/11",46.75
"Currency","2012/04/10",46.72
"Currency","2012/04/09",46.78
"Currency","2012/04/08",46.78
"Currency","2012/04/07",46.78
"Currency","2012/04/06",46.91
"Currency","2012/04/05",46.91
"Currency","2012/04/04",46.66
"Currency","2012/04/03",46.60
"Currency","2012/04/02",46.83
"Currency","2012/04/01",46.83
"Currency","2012/03/31",46.83
"Currency","2012/03/30",46.84
"Currency","2012/03/29",46.72
"Currency","2012/03/28",46.62
"Currency","2012/03/27",46.53
"Currency","2012/03/26",46.51
"Currency","2012/03/25",46.51
"Currency","2012/03/24",46.51
"Currency","2012/03/23",46.80
"Currency","2012/03/22",46.87
"Currency","2012/03/21",46.87
"Currency","2012/03/20",46.87
"Currency","2012/03/19",46.81
"Currency","2012/03/18",46.81
"Currency","2012/03/17",46.81
"Currency","2012/03/16",46.70
"Currency","2012/03/15",46.60
"Currency","2012/03/14",46.57
"Currency","2012/03/13",46.55
"Currency","2012/03/12",46.56
"Currency","2012/03/11",46.56
"Currency","2012/03/10",46.56
"Currency","2012/03/09",46.57
"Currency","2012/03/08",46.57
"Currency","2012/03/07",46.64
"Currency","2012/03/06",46.73
"Currency","2012/03/05",46.75
"Currency","2012/03/04",46.75
"Currency","2012/03/03",46.75
"Currency","2012/03/02",46.73
"Currency","2012/03/01",46.55
"Currency","2012/02/29",46.49
"Currency","2012/02/28",46.66
"Currency","2012/02/27",46.90
"Currency","2012/02/26",46.90
"Currency","2012/02/25",46.90
"Currency","2012/02/24",46.90
"Currency","2012/02/23",46.90
"Currency","2012/02/22",46.82
"Currency","2012/02/21",46.74
"Currency","2012/02/20",46.68
"Currency","2012/02/19",46.68
"Currency","2012/02/18",46.68
"Currency","2012/02/17",46.60
"Currency","2012/02/16",46.59
"Currency","2012/02/15",46.61
"Currency","2012/02/14",46.67
"Currency","2012/02/13",46.89
"Currency","2012/02/12",46.89
"Currency","2012/02/11",46.89
"Currency","2012/02/10",46.89
"Currency","2012/02/09",46.90
"Currency","2012/02/08",46.86
"Currency","2012/02/07",46.86
"Currency","2012/02/06",46.86
"Currency","2012/02/05",46.86
"Currency","2012/02/04",46.86
"Currency","2012/02/03",46.82
"Currency","2012/02/02",46.84
"Currency","2012/02/01",46.85
"Currency","2012/01/31",46.78
"Currency","2012/01/30",46.77
"Currency","2012/01/29",46.77
"Currency","2012/01/28",46.70
"Currency","2012/01/27",46.65
"Currency","2012/01/26",46.64
"Currency","2012/01/25",46.65
"Currency","2012/01/24",46.75
"Currency","2012/01/23",46.81
"Currency","2012/01/22",46.81
"Currency","2012/01/21",46.83
"Currency","2012/01/20",46.93
"Currency","2012/01/19",46.92
"Currency","2012/01/18",46.82
"Currency","2012/01/17",46.81
"Currency","2012/01/16",46.81
"Currency","2012/01/15",46.81
"Currency","2012/01/14",46.85
"Currency","2012/01/13",46.85
"Currency","2012/01/12",46.71
"Currency","2012/01/11",46.70
"Currency","2012/01/10",46.57
"Currency","2012/01/09",46.48
"Currency","2012/01/08",46.48
"Currency","2012/01/07",46.48
"Currency","2012/01/06",46.48
"Currency","2012/01/05",46.48
"Currency","2012/01/04",46.48
"Currency","2012/01/03",46.48
"Currency","2012/01/02",46.48
"Currency","2012/01/01",46.48
"Currency","2011/12/31",46.48
"Currency","2011/12/30",46.28
"Currency","2011/12/29",46.27
"Currency","2011/12/28",46.41
"Currency","2011/12/27",46.45
"Currency","2011/12/26",46.63
"Currency","2011/12/25",46.63
"Currency","2011/12/24",46.63
"Currency","2011/12/23",46.69
"Currency","2011/12/22",46.66
"Currency","2011/12/21",46.52
"Currency","2011/12/20",46.52
"Currency","2011/12/19",46.66
"Currency","2011/12/18",46.66
"Currency","2011/12/17",46.66
"Currency","2011/12/16",46.69
"Currency","2011/12/15",46.63
"Currency","2011/12/14",46.60
"Currency","2011/12/13",46.61
"Currency","2011/12/12",46.59
"Currency","2011/12/11",46.59
"Currency","2011/12/10",46.59
"Currency","2011/12/09",46.61
"Currency","2011/12/08",46.85
"Currency","2011/12/07",46.85
"Currency","2011/12/06",46.83
"Currency","2011/12/05",46.72
"Currency","2011/12/04",46.72
"Currency","2011/12/03",46.72
"Currency","2011/12/02",46.70
"Currency","2011/12/01",46.71
"Currency","2011/11/30",46.83
"Currency","2011/11/29",46.82
"Currency","2011/11/28",46.71
"Currency","2011/11/27",46.71
"Currency","2011/11/26",46.71
"Currency","2011/11/25",46.70
"Currency","2011/11/24",46.69
"Currency","2011/11/23",46.63
"Currency","2011/11/22",46.62
"Currency","2011/11/21",46.66
"Currency","2011/11/20",46.66
"Currency","2011/11/19",46.66
"Currency","2011/11/18",46.62
"Currency","2011/11/17",46.41
"Currency","2011/11/16",46.40
"Currency","2011/11/15",46.15
"Currency","2011/11/14",46.03
"Currency","2011/11/13",46.03
"Currency","2011/11/12",46.03
"Currency","2011/11/11",45.89
"Currency","2011/11/10",45.82
"Currency","2011/11/09",45.76
"Currency","2011/11/08",45.76
"Currency","2011/11/07",45.76
"Currency","2011/11/06",45.76
"Currency","2011/11/05",45.76
"Currency","2011/11/04",45.67
"Currency","2011/11/03",45.66
"Currency","2011/11/02",45.59
"Currency","2011/11/01",45.57
"Currency","2011/10/31",45.60
"Currency","2011/10/30",45.60
"Currency","2011/10/29",45.60
"Currency","2011/10/28",45.58
"Currency","2011/10/27",45.54
"Currency","2011/10/26",45.53
"Currency","2011/10/25",45.38
"Currency","2011/10/24",45.33
"Currency","2011/10/23",45.33
"Currency","2011/10/22",45.33
"Currency","2011/10/21",45.29
"Currency","2011/10/20",45.26
"Currency","2011/10/19",44.95
"Currency","2011/10/18",44.96
"Currency","2011/10/17",45.12
"Currency","2011/10/16",45.12
"Currency","2011/10/15",45.12
"Currency","2011/10/14",45.21
"Currency","2011/10/13",45.22
"Currency","2011/10/12",45.26
"Currency","2011/10/11",45.26
"Currency","2011/10/10",45.26
"Currency","2011/10/09",45.26
"Currency","2011/10/08",45.26
"Currency","2011/10/07",45.26
"Currency","2011/10/06",45.14
"Currency","2011/10/05",45.13
"","",""
"Data Source: http://www.tradingeconomics.com","",""
"Downloaded from http://vam.wfp.org on 11 Jun 2018","",""
