"Indicator","Time","Value (USD/CDF)"
"Currency","2018/06/08",1599.00
"Currency","2018/06/07",1597.00
"Currency","2018/06/06",1615.40
"Currency","2018/06/05",1597.00
"Currency","2018/06/04",1597.00
"Currency","2018/06/01",1597.00
"Currency","2018/05/31",1597.00
"Currency","2018/05/30",1614.70
"Currency","2018/05/29",1597.00
"Currency","2018/05/28",1597.00
"Currency","2018/05/25",1581.00
"Currency","2018/05/24",1597.00
"Currency","2018/05/23",1613.12
"Currency","2018/05/22",1613.10
"Currency","2018/05/21",1596.00
"Currency","2018/05/18",1596.00
"Currency","2018/05/17",1596.00
"Currency","2018/05/16",1596.00
"Currency","2018/05/15",1613.10
"Currency","2018/05/14",1613.10
"Currency","2018/05/11",1596.00
"Currency","2018/05/10",1596.00
"Currency","2018/05/09",1596.00
"Currency","2018/05/08",1596.00
"Currency","2018/05/07",1613.75
"Currency","2018/05/04",1598.00
"Currency","2018/05/03",1598.00
"Currency","2018/05/02",1598.00
"Currency","2018/05/01",1596.00
"Currency","2018/04/30",1596.00
"Currency","2018/04/27",1596.00
"Currency","2018/04/26",1596.00
"Currency","2018/04/25",1596.00
"Currency","2018/04/24",1596.00
"Currency","2018/04/23",1595.00
"Currency","2018/04/20",1595.00
"Currency","2018/04/19",1595.00
"Currency","2018/04/18",1594.00
"Currency","2018/04/17",1612.25
"Currency","2018/04/16",1594.00
"Currency","2018/04/13",1594.00
"Currency","2018/04/12",1594.00
"Currency","2018/04/11",1594.00
"Currency","2018/04/10",1594.00
"Currency","2018/04/09",1594.00
"Currency","2018/04/06",1594.00
"Currency","2018/04/05",1594.00
"Currency","2018/04/04",1594.00
"Currency","2018/04/03",1594.00
"Currency","2018/04/02",1595.00
"Currency","2018/03/30",1595.00
"Currency","2018/03/29",1595.00
"Currency","2018/03/28",1594.00
"Currency","2018/03/27",1594.00
"Currency","2018/03/26",1611.17
"Currency","2018/03/23",1594.00
"Currency","2018/03/22",1595.00
"Currency","2018/03/21",1595.00
"Currency","2018/03/20",1595.00
"Currency","2018/03/19",1595.00
"Currency","2018/03/16",1595.00
"Currency","2018/03/15",1595.00
"Currency","2018/03/14",1594.00
"Currency","2018/03/13",1610.26
"Currency","2018/03/12",1594.00
"Currency","2018/03/09",1594.00
"Currency","2018/03/08",1594.00
"Currency","2018/03/07",1594.00
"Currency","2018/03/06",1594.00
"Currency","2018/03/05",1594.00
"Currency","2018/03/02",1580.00
"Currency","2018/03/01",1610.95
"Currency","2018/02/28",1594.00
"Currency","2018/02/27",1594.00
"Currency","2018/02/26",1610.02
"Currency","2018/02/23",1609.90
"Currency","2018/02/22",1594.00
"Currency","2018/02/21",1594.00
"Currency","2018/02/20",1594.00
"Currency","2018/02/19",1608.80
"Currency","2018/02/16",1608.85
"Currency","2018/02/15",1594.00
"Currency","2018/02/14",1591.00
"Currency","2018/02/13",1591.00
"Currency","2018/02/12",1606.10
"Currency","2018/02/09",1605.98
"Currency","2018/02/08",1591.00
"Currency","2018/02/07",1586.00
"Currency","2018/02/06",1603.95
"Currency","2018/02/05",1586.00
"Currency","2018/02/02",1570.00
"Currency","2018/02/01",1599.95
"Currency","2018/01/31",1600.60
"Currency","2018/01/30",1586.00
"Currency","2018/01/29",1586.00
"Currency","2018/01/26",1597.77
"Currency","2018/01/25",1597.70
"Currency","2018/01/24",1586.00
"Currency","2018/01/23",1596.95
"Currency","2018/01/22",1586.00
"Currency","2018/01/19",1596.81
"Currency","2018/01/18",1586.00
"Currency","2018/01/17",1572.00
"Currency","2018/01/16",1593.70
"Currency","2018/01/15",1593.75
"Currency","2018/01/12",1593.49
"Currency","2018/01/11",1593.65
"Currency","2018/01/10",1593.90
"Currency","2018/01/09",1566.00
"Currency","2018/01/08",1566.00
"Currency","2018/01/05",1587.60
"Currency","2018/01/04",1565.00
"Currency","2018/01/03",1565.00
"Currency","2018/01/02",1558.00
"Currency","2017/12/29",1586.90
"Currency","2017/12/28",1558.00
"Currency","2017/12/27",1585.87
"Currency","2017/12/26",1557.00
"Currency","2017/12/22",1586.60
"Currency","2017/12/21",1585.89
"Currency","2017/12/20",1585.90
"Currency","2017/12/19",1556.00
"Currency","2017/12/18",1557.00
"Currency","2017/12/15",1585.78
"Currency","2017/12/14",1585.80
"Currency","2017/12/13",1586.15
"Currency","2017/12/12",1585.70
"Currency","2017/12/11",1585.65
"Currency","2017/12/08",1585.40
"Currency","2017/12/07",1585.90
"Currency","2017/12/06",1554.00
"Currency","2017/12/05",1583.85
"Currency","2017/12/04",1547.00
"Currency","2017/12/01",1581.25
"Currency","2017/11/30",1581.25
"Currency","2017/11/29",1547.00
"Currency","2017/11/28",1580.78
"Currency","2017/11/27",1578.21
"Currency","2017/11/24",1574.27
"Currency","2017/11/23",1547.00
"Currency","2017/11/22",1574.27
"Currency","2017/11/21",1574.47
"Currency","2017/11/20",1574.45
"Currency","2017/11/17",1572.50
"Currency","2017/11/16",1572.50
"Currency","2017/11/15",1540.00
"Currency","2017/11/14",1540.00
"Currency","2017/11/13",1572.95
"Currency","2017/11/10",1572.12
"Currency","2017/11/09",1540.00
"Currency","2017/11/08",1570.45
"Currency","2017/11/07",1540.00
"Currency","2017/11/06",1570.95
"Currency","2017/11/03",1570.85
"Currency","2017/11/02",1540.00
"Currency","2017/11/01",1565.50
"Currency","2017/10/31",1565.50
"Currency","2017/10/30",1535.00
"Currency","2017/10/27",1565.50
"Currency","2017/10/26",1565.50
"Currency","2017/10/25",1565.50
"Currency","2017/10/24",1565.50
"Currency","2017/10/23",1565.88
"Currency","2017/10/20",1565.50
"Currency","2017/10/19",1565.50
"Currency","2017/10/18",1565.50
"Currency","2017/10/17",1565.50
"Currency","2017/10/16",1560.00
"Currency","2017/10/14",1565.50
"Currency","2017/10/13",1565.50
"Currency","2017/10/12",1565.50
"Currency","2017/10/11",1564.47
"Currency","2017/10/10",1565.50
"Currency","2017/10/09",1564.90
"Currency","2017/10/07",1565.50
"Currency","2017/10/06",1565.50
"Currency","2017/10/05",1564.75
"Currency","2017/10/04",1565.50
"Currency","2017/10/03",1565.51
"Currency","2017/10/02",1563.02
"Currency","2017/09/29",1559.54
"Currency","2017/09/28",1559.24
"Currency","2017/09/27",1559.24
"Currency","2017/09/26",1541.00
"Currency","2017/09/25",1559.24
"Currency","2017/09/22",1557.80
"Currency","2017/09/21",1557.78
"Currency","2017/09/20",1555.88
"Currency","2017/09/19",1555.92
"Currency","2017/09/18",1555.90
"Currency","2017/09/16",1555.45
"Currency","2017/09/15",1555.45
"Currency","2017/09/14",1555.45
"Currency","2017/09/13",1555.45
"Currency","2017/09/12",1558.60
"Currency","2017/09/11",1555.45
"Currency","2017/09/09",1552.88
"Currency","2017/09/08",1552.88
"Currency","2017/09/07",1552.88
"Currency","2017/09/06",1552.88
"Currency","2017/09/05",1550.88
"Currency","2017/09/04",1550.90
"Currency","2017/09/01",1547.93
"Currency","2017/08/31",1547.93
"Currency","2017/08/30",1547.93
"Currency","2017/08/29",1547.93
"Currency","2017/08/28",1545.45
"Currency","2017/08/25",1544.65
"Currency","2017/08/24",1542.50
"Currency","2017/08/23",1542.50
"Currency","2017/08/22",1540.60
"Currency","2017/08/21",1540.63
"Currency","2017/08/18",1540.63
"Currency","2017/08/17",1530.25
"Currency","2017/08/16",1530.24
"Currency","2017/08/15",1525.05
"Currency","2017/08/14",1500.20
"Currency","2017/08/11",1595.78
"Currency","2017/08/10",1595.80
"Currency","2017/08/09",1595.80
"Currency","2017/08/08",1595.82
"Currency","2017/08/07",1595.82
"Currency","2017/08/04",1555.48
"Currency","2017/08/03",1555.23
"Currency","2017/08/02",1620.00
"Currency","2017/08/01",1642.75
"Currency","2017/07/31",1580.00
"Currency","2017/07/28",1630.62
"Currency","2017/07/27",1600.50
"Currency","2017/07/26",1595.62
"Currency","2017/07/25",1595.62
"Currency","2017/07/24",1595.60
"Currency","2017/07/21",1595.62
"Currency","2017/07/20",1595.63
"Currency","2017/07/19",1574.54
"Currency","2017/07/18",1558.84
"Currency","2017/07/17",1541.00
"Currency","2017/07/14",1536.83
"Currency","2017/07/13",1534.35
"Currency","2017/07/12",1534.37
"Currency","2017/07/11",1525.73
"Currency","2017/07/10",1519.64
"Currency","2017/07/08",1504.70
"Currency","2017/07/07",1504.70
"Currency","2017/07/06",1504.40
"Currency","2017/07/05",1499.40
"Currency","2017/07/04",1479.70
"Currency","2017/07/03",1479.72
"Currency","2017/06/30",1480.72
"Currency","2017/06/29",1474.73
"Currency","2017/06/28",1479.72
"Currency","2017/06/27",1480.72
"Currency","2017/06/26",1469.55
"Currency","2017/06/23",1464.60
"Currency","2017/06/22",1462.12
"Currency","2017/06/21",1459.95
"Currency","2017/06/20",1448.13
"Currency","2017/06/19",1448.14
"Currency","2017/06/17",1448.10
"Currency","2017/06/16",1448.10
"Currency","2017/06/15",1451.08
"Currency","2017/06/14",1450.00
"Currency","2017/06/13",1445.87
"Currency","2017/06/12",1444.20
"Currency","2017/06/09",1434.95
"Currency","2017/06/08",1434.97
"Currency","2017/06/07",1434.95
"Currency","2017/06/06",1420.00
"Currency","2017/06/05",1434.35
"Currency","2017/06/02",1434.35
"Currency","2017/06/01",1432.80
"Currency","2017/05/31",1429.60
"Currency","2017/05/30",1424.14
"Currency","2017/05/29",1424.14
"Currency","2017/05/26",1424.15
"Currency","2017/05/25",1418.97
"Currency","2017/05/24",1418.97
"Currency","2017/05/23",1418.97
"Currency","2017/05/22",1413.48
"Currency","2017/05/20",1416.45
"Currency","2017/05/19",1412.49
"Currency","2017/05/18",1411.20
"Currency","2017/05/17",1409.90
"Currency","2017/05/16",1410.00
"Currency","2017/05/15",1413.86
"Currency","2017/05/12",1406.00
"Currency","2017/05/11",1405.08
"Currency","2017/05/10",1405.08
"Currency","2017/05/09",1398.65
"Currency","2017/05/08",1403.65
"Currency","2017/05/05",1400.88
"Currency","2017/05/04",1400.87
"Currency","2017/05/03",1398.95
"Currency","2017/05/02",1399.95
"Currency","2017/05/01",1398.95
"Currency","2017/04/28",1399.95
"Currency","2017/04/27",1400.01
"Currency","2017/04/26",1375.00
"Currency","2017/04/25",1393.50
"Currency","2017/04/24",1393.50
"Currency","2017/04/21",1395.00
"Currency","2017/04/20",1390.75
"Currency","2017/04/19",1359.00
"Currency","2017/04/18",1365.00
"Currency","2017/04/17",1379.80
"Currency","2017/04/14",1369.00
"Currency","2017/04/13",1370.00
"Currency","2017/04/12",1345.00
"Currency","2017/04/11",1347.00
"Currency","2017/04/10",1347.00
"Currency","2017/04/07",1355.00
"Currency","2017/04/06",1354.00
"Currency","2017/04/05",1355.00
"Currency","2017/04/04",1354.00
"Currency","2017/04/03",1355.00
"Currency","2017/03/31",1358.00
"Currency","2017/03/30",1332.00
"Currency","2017/03/29",1341.00
"Currency","2017/03/28",1339.50
"Currency","2017/03/27",1341.00
"Currency","2017/03/24",1341.95
"Currency","2017/03/23",1342.95
"Currency","2017/03/22",1341.90
"Currency","2017/03/21",1334.40
"Currency","2017/03/20",1334.45
"Currency","2017/03/17",1334.00
"Currency","2017/03/16",1332.00
"Currency","2017/03/15",1332.00
"Currency","2017/03/14",1312.00
"Currency","2017/03/13",1327.00
"Currency","2017/03/10",1325.00
"Currency","2017/03/09",1299.00
"Currency","2017/03/08",1322.00
"Currency","2017/03/07",1317.00
"Currency","2017/03/06",1315.00
"Currency","2017/03/03",1313.00
"Currency","2017/03/02",1311.00
"Currency","2017/03/01",1307.00
"Currency","2017/02/28",1281.00
"Currency","2017/02/27",1300.00
"Currency","2017/02/24",1256.00
"Currency","2017/02/23",1255.00
"Currency","2017/02/22",1254.00
"Currency","2017/02/21",1269.00
"Currency","2017/02/20",1256.00
"Currency","2017/02/17",1255.00
"Currency","2017/02/16",1253.00
"Currency","2017/02/15",1256.00
"Currency","2017/02/14",1285.00
"Currency","2017/02/13",1276.00
"Currency","2017/02/10",1256.00
"Currency","2017/02/09",1254.00
"Currency","2017/02/08",1250.00
"Currency","2017/02/07",1253.00
"Currency","2017/02/06",1256.00
"Currency","2017/02/03",1257.00
"Currency","2017/02/02",1259.00
"Currency","2017/02/01",1222.00
"Currency","2017/01/31",1234.00
"Currency","2017/01/30",1259.00
"Currency","2017/01/27",1224.00
"Currency","2017/01/26",1225.00
"Currency","2017/01/25",1221.00
"Currency","2017/01/24",1237.00
"Currency","2017/01/23",1240.00
"Currency","2017/01/20",1224.00
"Currency","2017/01/19",1220.00
"Currency","2017/01/18",1222.00
"Currency","2017/01/17",1224.00
"Currency","2017/01/16",1226.00
"Currency","2017/01/13",1228.00
"Currency","2017/01/12",1224.00
"Currency","2017/01/11",1190.00
"Currency","2017/01/10",1199.00
"Currency","2017/01/09",1154.00
"Currency","2017/01/06",1160.00
"Currency","2017/01/05",1158.00
"Currency","2017/01/04",1156.00
"Currency","2017/01/03",1159.00
"Currency","2017/01/02",1160.00
"Currency","2016/12/30",1159.00
"Currency","2016/12/29",1156.00
"Currency","2016/12/28",1160.00
"Currency","2016/12/27",1166.00
"Currency","2016/12/26",1167.00
"Currency","2016/12/23",1168.00
"Currency","2016/12/22",1174.00
"Currency","2016/12/21",1158.00
"Currency","2016/12/20",1164.00
"Currency","2016/12/19",1164.00
"Currency","2016/12/16",1170.00
"Currency","2016/12/15",1172.00
"Currency","2016/12/14",1173.00
"Currency","2016/12/13",1174.00
"Currency","2016/12/12",1181.00
"Currency","2016/12/10",1186.00
"Currency","2016/12/09",1192.00
"Currency","2016/12/08",1187.00
"Currency","2016/12/07",1124.00
"Currency","2016/12/06",1130.00
"Currency","2016/12/05",1135.00
"Currency","2016/12/02",1142.00
"Currency","2016/12/01",909.00
"Currency","2016/11/30",1143.00
"Currency","2016/11/29",1140.00
"Currency","2016/11/28",1139.00
"Currency","2016/11/25",1145.00
"Currency","2016/11/24",1145.00
"Currency","2016/11/23",1145.00
"Currency","2016/11/22",1143.00
"Currency","2016/11/21",1145.00
"Currency","2016/11/19",924.00
"Currency","2016/11/18",950.00
"Currency","2016/11/17",917.00
"Currency","2016/11/16",923.00
"Currency","2016/11/15",929.00
"Currency","2016/11/14",932.00
"Currency","2016/11/09",938.00
"Currency","2016/11/08",938.00
"Currency","2016/11/07",944.00
"Currency","2016/11/04",944.00
"Currency","2016/11/03",951.00
"Currency","2016/11/02",953.00
"Currency","2016/11/01",954.00
"Currency","2016/10/31",959.00
"Currency","2016/10/28",959.00
"Currency","2016/10/27",964.00
"Currency","2016/10/26",964.00
"Currency","2016/10/25",965.00
"Currency","2016/10/24",965.00
"Currency","2016/10/21",966.00
"Currency","2016/10/20",966.00
"Currency","2016/10/19",966.00
"Currency","2016/10/18",966.00
"Currency","2016/10/17",966.00
"Currency","2016/10/14",971.00
"Currency","2016/10/13",962.00
"Currency","2016/10/12",962.00
"Currency","2016/10/11",963.00
"Currency","2016/10/10",963.00
"Currency","2016/10/07",968.00
"Currency","2016/10/06",968.00
"Currency","2016/10/05",968.00
"Currency","2016/10/04",968.00
"Currency","2016/10/03",969.00
"Currency","2016/10/01",974.00
"Currency","2016/09/30",974.00
"Currency","2016/09/29",974.00
"Currency","2016/09/28",967.40
"Currency","2016/09/27",967.40
"Currency","2016/09/26",970.35
"Currency","2016/09/24",970.40
"Currency","2016/09/23",970.40
"Currency","2016/09/22",951.00
"Currency","2016/09/21",951.00
"Currency","2016/09/20",957.00
"Currency","2016/09/19",973.00
"Currency","2016/09/17",957.00
"Currency","2016/09/16",957.00
"Currency","2016/09/15",958.00
"Currency","2016/09/14",958.00
"Currency","2016/09/13",958.00
"Currency","2016/09/12",958.00
"Currency","2016/09/10",964.00
"Currency","2016/09/09",964.00
"Currency","2016/09/08",964.00
"Currency","2016/09/07",964.00
"Currency","2016/09/06",964.00
"Currency","2016/09/05",962.00
"Currency","2016/09/03",965.00
"Currency","2016/09/02",965.00
"Currency","2016/09/01",965.00
"Currency","2016/08/31",965.00
"Currency","2016/08/30",965.00
"Currency","2016/08/29",966.00
"Currency","2016/08/26",972.00
"Currency","2016/08/25",972.00
"Currency","2016/08/24",971.00
"Currency","2016/08/23",971.00
"Currency","2016/08/22",972.00
"Currency","2016/08/19",961.00
"Currency","2016/08/18",962.00
"Currency","2016/08/17",962.00
"Currency","2016/08/16",963.00
"Currency","2016/08/15",963.00
"Currency","2016/08/12",969.00
"Currency","2016/08/11",970.00
"Currency","2016/08/10",958.00
"Currency","2016/08/09",964.00
"Currency","2016/08/08",971.00
"Currency","2016/08/05",970.00
"Currency","2016/08/04",961.00
"Currency","2016/08/03",961.00
"Currency","2016/08/02",962.00
"Currency","2016/08/01",970.00
"Currency","2016/07/29",972.50
"Currency","2016/07/28",943.00
"Currency","2016/07/27",943.00
"Currency","2016/07/26",944.00
"Currency","2016/07/25",945.00
"Currency","2016/07/22",946.00
"Currency","2016/07/21",945.00
"Currency","2016/07/20",937.00
"Currency","2016/07/19",937.00
"Currency","2016/07/18",937.00
"Currency","2016/07/15",936.00
"Currency","2016/07/14",937.00
"Currency","2016/07/13",937.00
"Currency","2016/07/12",932.00
"Currency","2016/07/11",937.00
"Currency","2016/07/08",933.00
"Currency","2016/07/07",938.50
"Currency","2016/07/06",935.00
"Currency","2016/07/05",931.00
"Currency","2016/07/04",931.00
"Currency","2016/07/01",931.00
"Currency","2016/06/30",935.00
"Currency","2016/06/29",956.00
"Currency","2016/06/28",955.00
"Currency","2016/06/27",956.00
"Currency","2016/06/24",961.00
"Currency","2016/06/23",960.00
"Currency","2016/06/22",961.00
"Currency","2016/06/21",956.00
"Currency","2016/06/20",956.00
"Currency","2016/06/17",931.00
"Currency","2016/06/16",928.00
"Currency","2016/06/15",929.00
"Currency","2016/06/14",928.00
"Currency","2016/06/13",928.00
"Currency","2016/06/10",928.00
"Currency","2016/06/09",928.00
"Currency","2016/06/08",931.00
"Currency","2016/06/07",928.00
"Currency","2016/06/06",928.00
"Currency","2016/06/04",925.00
"Currency","2016/06/03",924.00
"Currency","2016/06/02",924.00
"Currency","2016/06/01",930.00
"Currency","2016/05/31",928.50
"Currency","2016/05/30",924.00
"Currency","2016/05/27",927.00
"Currency","2016/05/26",928.50
"Currency","2016/05/25",930.00
"Currency","2016/05/24",929.50
"Currency","2016/05/23",928.00
"Currency","2016/05/20",924.00
"Currency","2016/05/19",928.00
"Currency","2016/05/18",925.00
"Currency","2016/05/17",929.00
"Currency","2016/05/16",926.00
"Currency","2016/05/13",924.00
"Currency","2016/05/12",930.00
"Currency","2016/05/11",929.00
"Currency","2016/05/10",922.00
"Currency","2016/05/09",924.00
"Currency","2016/05/06",924.00
"Currency","2016/05/05",929.00
"Currency","2016/05/04",930.00
"Currency","2016/05/03",929.00
"Currency","2016/05/02",928.00
"Currency","2016/04/29",928.00
"Currency","2016/04/28",927.00
"Currency","2016/04/27",930.00
"Currency","2016/04/26",925.00
"Currency","2016/04/25",929.00
"Currency","2016/04/23",929.00
"Currency","2016/04/22",928.00
"Currency","2016/04/21",929.00
"Currency","2016/04/20",924.00
"Currency","2016/04/19",928.50
"Currency","2016/04/18",928.00
"Currency","2016/04/15",928.00
"Currency","2016/04/14",928.00
"Currency","2016/04/13",928.00
"Currency","2016/04/12",930.00
"Currency","2016/04/11",928.00
"Currency","2016/04/08",929.00
"Currency","2016/04/07",928.50
"Currency","2016/04/06",927.00
"Currency","2016/04/05",931.00
"Currency","2016/04/04",927.00
"Currency","2016/04/01",929.00
"Currency","2016/03/31",928.00
"Currency","2016/03/30",924.00
"Currency","2016/03/29",928.00
"Currency","2016/03/28",923.00
"Currency","2016/03/25",924.00
"Currency","2016/03/24",928.00
"Currency","2016/03/23",925.00
"Currency","2016/03/22",924.00
"Currency","2016/03/21",923.00
"Currency","2016/03/18",924.00
"Currency","2016/03/17",927.00
"Currency","2016/03/16",927.00
"Currency","2016/03/15",924.00
"Currency","2016/03/14",928.00
"Currency","2016/03/13",925.00
"Currency","2016/03/11",930.00
"Currency","2016/03/10",926.00
"Currency","2016/03/09",925.50
"Currency","2016/03/08",928.00
"Currency","2016/03/07",928.00
"Currency","2016/03/06",924.00
"Currency","2016/03/04",926.00
"Currency","2016/03/03",927.00
"Currency","2016/03/02",923.00
"Currency","2016/03/01",923.00
"Currency","2016/02/29",923.50
"Currency","2016/02/28",928.00
"Currency","2016/02/26",928.00
"Currency","2016/02/25",927.50
"Currency","2016/02/24",926.50
"Currency","2016/02/23",928.00
"Currency","2016/02/22",931.00
"Currency","2016/02/19",928.00
"Currency","2016/02/18",928.50
"Currency","2016/02/17",928.00
"Currency","2016/02/16",928.00
"Currency","2016/02/15",928.00
"Currency","2016/02/12",924.00
"Currency","2016/02/11",918.00
"Currency","2016/02/10",930.00
"Currency","2016/02/09",929.00
"Currency","2016/02/08",929.00
"Currency","2016/02/05",929.00
"Currency","2016/02/04",929.00
"Currency","2016/02/03",928.00
"Currency","2016/02/02",929.00
"Currency","2016/02/01",929.00
"Currency","2016/01/29",928.00
"Currency","2016/01/28",928.00
"Currency","2016/01/27",928.50
"Currency","2016/01/26",928.50
"Currency","2016/01/25",924.00
"Currency","2016/01/22",928.00
"Currency","2016/01/21",928.50
"Currency","2016/01/20",928.00
"Currency","2016/01/19",928.00
"Currency","2016/01/18",928.00
"Currency","2016/01/15",923.00
"Currency","2016/01/14",928.00
"Currency","2016/01/13",928.00
"Currency","2016/01/12",924.00
"Currency","2016/01/11",924.00
"Currency","2016/01/10",924.00
"Currency","2016/01/08",924.00
"Currency","2016/01/07",927.00
"Currency","2016/01/06",928.00
"Currency","2016/01/05",928.00
"Currency","2016/01/04",928.00
"Currency","2016/01/03",926.00
"Currency","2016/01/01",925.00
"Currency","2015/12/31",925.00
"Currency","2015/12/30",923.50
"Currency","2015/12/29",924.00
"Currency","2015/12/28",924.00
"Currency","2015/12/25",928.00
"Currency","2015/12/24",928.00
"Currency","2015/12/23",928.00
"Currency","2015/12/22",927.00
"Currency","2015/12/21",927.50
"Currency","2015/12/20",924.00
"Currency","2015/12/18",924.00
"Currency","2015/12/17",928.00
"Currency","2015/12/16",928.00
"Currency","2015/12/15",928.00
"Currency","2015/12/14",928.00
"Currency","2015/12/11",927.00
"Currency","2015/12/10",927.00
"Currency","2015/12/09",921.00
"Currency","2015/12/08",928.00
"Currency","2015/12/07",916.00
"Currency","2015/12/06",928.50
"Currency","2015/12/04",928.50
"Currency","2015/12/03",928.00
"Currency","2015/12/02",928.00
"Currency","2015/12/01",927.00
"Currency","2015/11/30",927.00
"Currency","2015/11/28",926.00
"Currency","2015/11/27",929.00
"Currency","2015/11/26",925.00
"Currency","2015/11/25",927.00
"Currency","2015/11/24",928.00
"Currency","2015/11/23",928.00
"Currency","2015/11/20",923.00
"Currency","2015/11/19",921.00
"Currency","2015/11/18",924.00
"Currency","2015/11/17",928.00
"Currency","2015/11/16",928.00
"Currency","2015/11/13",928.00
"Currency","2015/11/12",928.00
"Currency","2015/11/11",916.00
"Currency","2015/11/10",928.00
"Currency","2015/11/09",926.50
"Currency","2015/11/08",928.00
"Currency","2015/11/06",928.00
"Currency","2015/11/05",928.00
"Currency","2015/11/04",930.00
"Currency","2015/11/03",928.00
"Currency","2015/11/02",928.00
"Currency","2015/11/01",928.00
"Currency","2015/10/30",928.00
"Currency","2015/10/29",922.00
"Currency","2015/10/28",928.00
"Currency","2015/10/27",927.00
"Currency","2015/10/26",922.00
"Currency","2015/10/25",928.00
"Currency","2015/10/23",928.00
"Currency","2015/10/22",928.00
"Currency","2015/10/21",921.00
"Currency","2015/10/20",922.00
"Currency","2015/10/19",928.00
"Currency","2015/10/18",925.00
"Currency","2015/10/16",925.00
"Currency","2015/10/15",928.00
"Currency","2015/10/14",926.50
"Currency","2015/10/13",928.00
"Currency","2015/10/12",926.00
"Currency","2015/10/09",929.00
"Currency","2015/10/08",928.50
"Currency","2015/10/07",920.00
"Currency","2015/10/06",928.00
"Currency","2015/10/05",927.50
"Currency","2015/10/04",927.50
"Currency","2015/10/02",927.50
"Currency","2015/10/01",929.00
"Currency","2015/09/30",924.00
"Currency","2015/09/29",928.50
"Currency","2015/09/28",926.00
"Currency","2015/09/27",928.00
"Currency","2015/09/26",928.00
"Currency","2015/09/25",928.00
"Currency","2015/09/24",928.00
"Currency","2015/09/23",929.00
"Currency","2015/09/22",928.50
"Currency","2015/09/21",928.00
"Currency","2015/09/20",927.50
"Currency","2015/09/18",927.50
"Currency","2015/09/17",928.00
"Currency","2015/09/16",927.00
"Currency","2015/09/15",928.50
"Currency","2015/09/14",928.00
"Currency","2015/09/13",928.00
"Currency","2015/09/11",928.00
"Currency","2015/09/10",925.00
"Currency","2015/09/09",929.50
"Currency","2015/09/08",928.50
"Currency","2015/09/07",928.00
"Currency","2015/09/06",928.00
"Currency","2015/09/04",928.00
"Currency","2015/09/03",928.00
"Currency","2015/09/02",928.00
"Currency","2015/09/01",928.00
"Currency","2015/08/31",928.00
"Currency","2015/08/30",928.00
"Currency","2015/08/28",928.00
"Currency","2015/08/27",928.00
"Currency","2015/08/26",917.00
"Currency","2015/08/25",928.00
"Currency","2015/08/24",928.00
"Currency","2015/08/21",928.00
"Currency","2015/08/20",928.00
"Currency","2015/08/19",928.00
"Currency","2015/08/18",928.00
"Currency","2015/08/17",928.00
"Currency","2015/08/14",925.50
"Currency","2015/08/13",927.00
"Currency","2015/08/12",928.00
"Currency","2015/08/11",925.00
"Currency","2015/08/10",928.00
"Currency","2015/08/07",928.00
"Currency","2015/08/06",926.50
"Currency","2015/08/05",925.00
"Currency","2015/08/04",927.00
"Currency","2015/08/03",927.00
"Currency","2015/07/31",928.00
"Currency","2015/07/30",926.00
"Currency","2015/07/29",927.50
"Currency","2015/07/28",922.00
"Currency","2015/07/27",928.00
"Currency","2015/07/24",923.00
"Currency","2015/07/23",928.00
"Currency","2015/07/22",927.00
"Currency","2015/07/21",926.00
"Currency","2015/07/20",928.00
"Currency","2015/07/17",924.00
"Currency","2015/07/16",928.00
"Currency","2015/07/15",927.50
"Currency","2015/07/14",926.50
"Currency","2015/07/13",928.00
"Currency","2015/07/12",928.00
"Currency","2015/07/10",917.00
"Currency","2015/07/09",929.00
"Currency","2015/07/08",926.00
"Currency","2015/07/07",927.00
"Currency","2015/07/06",927.50
"Currency","2015/07/04",918.00
"Currency","2015/07/03",928.00
"Currency","2015/07/02",928.00
"Currency","2015/07/01",928.00
"Currency","2015/06/30",928.00
"Currency","2015/06/29",928.00
"Currency","2015/06/26",928.00
"Currency","2015/06/25",928.00
"Currency","2015/06/24",927.50
"Currency","2015/06/23",926.50
"Currency","2015/06/22",927.50
"Currency","2015/06/19",927.00
"Currency","2015/06/18",926.50
"Currency","2015/06/17",926.50
"Currency","2015/06/16",927.00
"Currency","2015/06/15",927.00
"Currency","2015/06/12",927.00
"Currency","2015/06/11",926.50
"Currency","2015/06/10",927.00
"Currency","2015/06/09",926.50
"Currency","2015/06/08",928.00
"Currency","2015/06/05",928.00
"Currency","2015/06/04",927.00
"Currency","2015/06/03",924.00
"Currency","2015/06/02",923.00
"Currency","2015/06/01",924.00
"Currency","2015/05/29",924.50
"Currency","2015/05/28",923.00
"Currency","2015/05/27",924.00
"Currency","2015/05/26",923.00
"Currency","2015/05/25",923.00
"Currency","2015/05/22",923.00
"Currency","2015/05/21",923.00
"Currency","2015/05/20",923.00
"Currency","2015/05/19",923.00
"Currency","2015/05/18",928.00
"Currency","2015/05/15",923.00
"Currency","2015/05/14",924.00
"Currency","2015/05/13",928.00
"Currency","2015/05/12",924.00
"Currency","2015/05/11",926.50
"Currency","2015/05/08",923.00
"Currency","2015/05/07",923.00
"Currency","2015/05/06",925.00
"Currency","2015/05/05",923.00
"Currency","2015/05/04",923.00
"Currency","2015/05/01",923.00
"Currency","2015/04/30",923.00
"Currency","2015/04/29",923.00
"Currency","2015/04/28",923.00
"Currency","2015/04/27",923.00
"Currency","2015/04/24",928.00
"Currency","2015/04/23",924.00
"Currency","2015/04/22",928.00
"Currency","2015/04/21",928.00
"Currency","2015/04/20",927.50
"Currency","2015/04/17",928.00
"Currency","2015/04/16",924.00
"Currency","2015/04/15",924.00
"Currency","2015/04/14",927.00
"Currency","2015/04/13",928.00
"Currency","2015/04/10",924.00
"Currency","2015/04/09",927.00
"Currency","2015/04/08",924.00
"Currency","2015/04/07",928.00
"Currency","2015/04/06",925.00
"Currency","2015/04/03",926.75
"Currency","2015/04/02",926.75
"Currency","2015/04/01",923.00
"Currency","2015/03/31",922.00
"Currency","2015/03/30",926.50
"Currency","2015/03/27",924.00
"Currency","2015/03/26",924.00
"Currency","2015/03/25",927.50
"Currency","2015/03/24",927.00
"Currency","2015/03/23",924.00
"Currency","2015/03/20",926.50
"Currency","2015/03/19",926.50
"Currency","2015/03/18",927.00
"Currency","2015/03/17",926.50
"Currency","2015/03/16",926.50
"Currency","2015/03/13",924.00
"Currency","2015/03/12",926.00
"Currency","2015/03/11",926.50
"Currency","2015/03/10",924.00
"Currency","2015/03/09",927.00
"Currency","2015/03/06",924.00
"Currency","2015/03/05",927.00
"Currency","2015/03/04",923.00
"Currency","2015/03/03",924.00
"Currency","2015/03/02",924.00
"Currency","2015/02/27",913.00
"Currency","2015/02/26",923.00
"Currency","2015/02/25",923.00
"Currency","2015/02/24",924.00
"Currency","2015/02/23",926.00
"Currency","2015/02/20",925.00
"Currency","2015/02/19",923.00
"Currency","2015/02/18",928.00
"Currency","2015/02/17",927.00
"Currency","2015/02/16",927.00
"Currency","2015/02/13",927.00
"Currency","2015/02/12",923.00
"Currency","2015/02/11",924.00
"Currency","2015/02/10",924.00
"Currency","2015/02/09",928.00
"Currency","2015/02/06",925.00
"Currency","2015/02/05",924.00
"Currency","2015/02/04",923.00
"Currency","2015/02/03",924.00
"Currency","2015/02/02",925.00
"Currency","2015/01/30",927.00
"Currency","2015/01/29",926.00
"Currency","2015/01/28",924.00
"Currency","2015/01/27",924.00
"Currency","2015/01/26",924.00
"Currency","2015/01/23",926.00
"Currency","2015/01/22",923.00
"Currency","2015/01/21",928.00
"Currency","2015/01/20",927.00
"Currency","2015/01/19",928.00
"Currency","2015/01/16",923.00
"Currency","2015/01/15",923.00
"Currency","2015/01/14",924.00
"Currency","2015/01/13",928.00
"Currency","2015/01/12",923.00
"Currency","2015/01/09",924.00
"Currency","2015/01/08",924.00
"Currency","2015/01/07",924.00
"Currency","2015/01/06",924.00
"Currency","2015/01/05",923.00
"Currency","2015/01/02",924.00
"Currency","2015/01/01",923.00
"Currency","2014/12/31",923.00
"Currency","2014/12/30",928.00
"Currency","2014/12/29",923.00
"Currency","2014/12/26",926.00
"Currency","2014/12/25",926.00
"Currency","2014/12/24",926.00
"Currency","2014/12/23",927.50
"Currency","2014/12/22",927.00
"Currency","2014/12/19",927.00
"Currency","2014/12/18",928.00
"Currency","2014/12/17",927.00
"Currency","2014/12/16",927.00
"Currency","2014/12/15",912.00
"Currency","2014/12/12",928.00
"Currency","2014/12/11",928.00
"Currency","2014/12/10",928.00
"Currency","2014/12/09",927.00
"Currency","2014/12/08",927.00
"Currency","2014/12/05",928.00
"Currency","2014/12/04",923.00
"Currency","2014/12/03",924.00
"Currency","2014/12/02",924.00
"Currency","2014/12/01",923.00
"Currency","2014/11/28",924.00
"Currency","2014/11/27",923.00
"Currency","2014/11/26",924.50
"Currency","2014/11/25",925.00
"Currency","2014/11/24",924.00
"Currency","2014/11/23",924.00
"Currency","2014/11/22",924.00
"Currency","2014/11/21",924.00
"Currency","2014/11/20",924.00
"Currency","2014/11/19",924.00
"Currency","2014/11/18",925.00
"Currency","2014/11/17",923.00
"Currency","2014/11/16",928.00
"Currency","2014/11/15",928.00
"Currency","2014/11/14",926.50
"Currency","2014/11/13",924.00
"Currency","2014/11/12",927.00
"Currency","2014/11/11",924.00
"Currency","2014/11/10",927.00
"Currency","2014/11/09",925.00
"Currency","2014/11/08",925.00
"Currency","2014/11/07",925.00
"Currency","2014/11/06",927.00
"Currency","2014/11/05",926.00
"Currency","2014/11/04",924.00
"Currency","2014/11/03",924.00
"Currency","2014/11/02",925.00
"Currency","2014/11/01",925.00
"Currency","2014/10/31",924.00
"Currency","2014/10/30",925.00
"Currency","2014/10/29",924.00
"Currency","2014/10/28",924.00
"Currency","2014/10/27",924.00
"Currency","2014/10/26",923.00
"Currency","2014/10/25",923.00
"Currency","2014/10/24",924.00
"Currency","2014/10/23",924.00
"Currency","2014/10/22",924.00
"Currency","2014/10/21",925.00
"Currency","2014/10/20",924.00
"Currency","2014/10/19",924.00
"Currency","2014/10/18",924.00
"Currency","2014/10/17",920.50
"Currency","2014/10/16",921.95
"Currency","2014/10/15",919.00
"Currency","2014/10/14",919.00
"Currency","2014/10/13",919.00
"Currency","2014/10/12",923.00
"Currency","2014/10/11",923.00
"Currency","2014/10/10",924.00
"Currency","2014/10/09",924.00
"Currency","2014/10/08",924.00
"Currency","2014/10/07",924.00
"Currency","2014/10/06",919.00
"Currency","2014/10/05",919.01
"Currency","2014/10/04",919.01
"Currency","2014/10/03",919.00
"Currency","2014/10/02",925.00
"Currency","2014/10/01",926.00
"Currency","2014/09/30",926.00
"Currency","2014/09/29",923.79
"Currency","2014/09/28",923.30
"Currency","2014/09/27",923.30
"Currency","2014/09/26",922.59
"Currency","2014/09/25",922.00
"Currency","2014/09/24",924.00
"Currency","2014/09/23",924.00
"Currency","2014/09/22",923.50
"Currency","2014/09/21",923.50
"Currency","2014/09/20",923.50
"Currency","2014/09/19",923.89
"Currency","2014/09/18",923.39
"Currency","2014/09/17",922.84
"Currency","2014/09/16",923.39
"Currency","2014/09/15",923.70
"Currency","2014/09/14",923.00
"Currency","2014/09/13",923.00
"Currency","2014/09/12",924.00
"Currency","2014/09/11",924.00
"Currency","2014/09/10",924.04
"Currency","2014/09/09",923.09
"Currency","2014/09/08",923.09
"Currency","2014/09/05",923.70
"Currency","2014/09/04",924.00
"Currency","2014/09/03",923.89
"Currency","2014/09/02",924.00
"Currency","2014/09/01",924.00
"Currency","2014/08/29",923.00
"Currency","2014/08/28",924.00
"Currency","2014/08/27",923.79
"Currency","2014/08/26",924.00
"Currency","2014/08/25",919.56
"Currency","2014/08/24",919.01
"Currency","2014/08/23",919.01
"Currency","2014/08/22",924.00
"Currency","2014/08/21",924.00
"Currency","2014/08/20",924.00
"Currency","2014/08/19",923.95
"Currency","2014/08/18",924.00
"Currency","2014/08/17",923.00
"Currency","2014/08/16",923.00
"Currency","2014/08/15",923.00
"Currency","2014/08/14",922.79
"Currency","2014/08/13",924.00
"Currency","2014/08/12",924.00
"Currency","2014/08/11",924.00
"Currency","2014/08/10",919.01
"Currency","2014/08/09",919.01
"Currency","2014/08/08",924.00
"Currency","2014/08/07",923.39
"Currency","2014/08/06",922.79
"Currency","2014/08/05",924.00
"Currency","2014/08/04",922.14
"Currency","2014/08/03",926.00
"Currency","2014/08/02",926.00
"Currency","2014/08/01",924.00
"Currency","2014/07/31",924.00
"Currency","2014/07/30",923.70
"Currency","2014/07/29",924.00
"Currency","2014/07/28",919.00
"Currency","2014/07/27",919.01
"Currency","2014/07/26",919.01
"Currency","2014/07/25",919.75
"Currency","2014/07/24",922.79
"Currency","2014/07/23",924.00
"Currency","2014/07/22",923.95
"Currency","2014/07/21",923.29
"Currency","2014/07/19",922.00
"Currency","2014/07/18",920.79
"Currency","2014/07/17",924.00
"Currency","2014/07/16",924.00
"Currency","2014/07/15",923.45
"Currency","2014/07/14",921.00
"Currency","2014/07/13",919.00
"Currency","2014/07/12",919.00
"Currency","2014/07/11",919.00
"Currency","2014/07/10",924.00
"Currency","2014/07/09",922.79
"Currency","2014/07/08",922.75
"Currency","2014/07/07",924.00
"Currency","2014/07/06",924.00
"Currency","2014/07/05",924.00
"Currency","2014/07/04",924.00
"Currency","2014/07/03",923.39
"Currency","2014/07/02",924.20
"Currency","2014/07/01",919.03
"Currency","2014/06/30",924.00
"Currency","2014/06/29",921.00
"Currency","2014/06/28",921.00
"Currency","2014/06/27",920.17
"Currency","2014/06/26",921.00
"Currency","2014/06/25",924.00
"Currency","2014/06/24",923.39
"Currency","2014/06/23",924.00
"Currency","2014/06/22",921.50
"Currency","2014/06/21",921.50
"Currency","2014/06/20",924.00
"Currency","2014/06/19",923.79
"Currency","2014/06/18",922.79
"Currency","2014/06/17",923.89
"Currency","2014/06/16",924.00
"Currency","2014/06/15",930.00
"Currency","2014/06/14",930.00
"Currency","2014/06/13",924.00
"Currency","2014/06/12",926.00
"Currency","2014/06/11",922.14
"Currency","2014/06/10",923.39
"Currency","2014/06/09",919.00
"Currency","2014/06/08",919.01
"Currency","2014/06/07",919.01
"Currency","2014/06/06",919.00
"Currency","2014/06/05",923.54
"Currency","2014/06/04",924.00
"Currency","2014/06/03",923.79
"Currency","2014/06/02",924.00
"Currency","2014/06/01",909.00
"Currency","2014/05/31",922.00
"Currency","2014/05/30",919.00
"Currency","2014/05/29",922.39
"Currency","2014/05/28",924.00
"Currency","2014/05/27",920.00
"Currency","2014/05/26",924.00
"Currency","2014/05/24",923.00
"Currency","2014/05/23",924.00
"Currency","2014/05/22",919.00
"Currency","2014/05/21",923.70
"Currency","2014/05/20",924.00
"Currency","2014/05/19",922.79
"Currency","2014/05/18",921.00
"Currency","2014/05/17",920.00
"Currency","2014/05/16",922.79
"Currency","2014/05/15",919.00
"Currency","2014/05/14",924.00
"Currency","2014/05/13",924.00
"Currency","2014/05/12",924.00
"Currency","2014/05/11",923.50
"Currency","2014/05/10",923.50
"Currency","2014/05/09",924.00
"Currency","2014/05/08",923.89
"Currency","2014/05/07",918.97
"Currency","2014/05/06",922.75
"Currency","2014/05/05",924.00
"Currency","2014/05/04",924.00
"Currency","2014/05/03",924.00
"Currency","2014/05/02",924.00
"Currency","2014/05/01",924.00
"Currency","2014/04/30",924.00
"Currency","2014/04/29",924.00
"Currency","2014/04/28",919.00
"Currency","2014/04/27",921.50
"Currency","2014/04/26",921.50
"Currency","2014/04/25",921.75
"Currency","2014/04/24",921.75
"Currency","2014/04/23",921.79
"Currency","2014/04/22",923.00
"Currency","2014/04/21",924.00
"Currency","2014/04/20",924.00
"Currency","2014/04/19",923.70
"Currency","2014/04/18",923.89
"Currency","2014/04/17",923.89
"Currency","2014/04/16",924.00
"Currency","2014/04/15",924.00
"Currency","2014/04/14",923.54
"Currency","2014/04/13",924.00
"Currency","2014/04/12",924.00
"Currency","2014/04/11",922.75
"Currency","2014/04/10",922.45
"Currency","2014/04/09",921.50
"Currency","2014/04/08",923.79
"Currency","2014/04/07",924.00
"Currency","2014/04/06",924.00
"Currency","2014/04/05",924.00
"Currency","2014/04/04",924.00
"Currency","2014/04/03",923.00
"Currency","2014/04/02",923.00
"Currency","2014/04/01",921.50
"Currency","2014/03/31",921.14
"Currency","2014/03/30",921.00
"Currency","2014/03/29",921.00
"Currency","2014/03/28",922.25
"Currency","2014/03/27",923.70
"Currency","2014/03/26",924.00
"Currency","2014/03/25",924.00
"Currency","2014/03/24",924.00
"Currency","2014/03/23",924.00
"Currency","2014/03/22",924.00
"Currency","2014/03/21",921.20
"Currency","2014/03/20",922.95
"Currency","2014/03/19",921.79
"Currency","2014/03/18",922.89
"Currency","2014/03/17",922.39
"Currency","2014/03/16",922.00
"Currency","2014/03/15",922.00
"Currency","2014/03/14",921.14
"Currency","2014/03/13",922.39
"Currency","2014/03/12",922.39
"Currency","2014/03/11",923.00
"Currency","2014/03/10",922.95
"Currency","2014/03/09",923.50
"Currency","2014/03/08",923.50
"Currency","2014/03/07",927.00
"Currency","2014/03/06",921.14
"Currency","2014/03/05",923.00
"Currency","2014/03/04",921.14
"Currency","2014/03/03",921.75
"Currency","2014/03/02",923.00
"Currency","2014/03/01",923.00
"Currency","2014/02/28",924.00
"Currency","2014/02/27",923.70
"Currency","2014/02/26",924.04
"Currency","2014/02/25",924.00
"Currency","2014/02/24",922.75
"Currency","2014/02/23",921.50
"Currency","2014/02/22",921.50
"Currency","2014/02/21",918.00
"Currency","2014/02/20",923.20
"Currency","2014/02/19",921.00
"Currency","2014/02/18",918.50
"Currency","2014/02/17",923.09
"Currency","2014/02/16",920.50
"Currency","2014/02/15",920.50
"Currency","2014/02/14",920.50
"Currency","2014/02/13",924.00
"Currency","2014/02/12",924.00
"Currency","2014/02/11",924.00
"Currency","2014/02/10",922.75
"Currency","2014/02/09",924.00
"Currency","2014/02/08",924.00
"Currency","2014/02/07",922.14
"Currency","2014/02/06",922.79
"Currency","2014/02/05",924.00
"Currency","2014/02/04",924.00
"Currency","2014/02/03",924.00
"Currency","2014/02/02",924.00
"Currency","2014/02/01",924.00
"Currency","2014/01/31",924.00
"Currency","2014/01/30",923.50
"Currency","2014/01/29",924.00
"Currency","2014/01/28",927.00
"Currency","2014/01/25",924.00
"Currency","2014/01/24",914.00
"Currency","2014/01/23",925.00
"Currency","2014/01/22",924.00
"Currency","2014/01/21",924.00
"Currency","2014/01/20",923.00
"Currency","2014/01/19",923.00
"Currency","2014/01/18",923.00
"Currency","2014/01/17",923.00
"Currency","2014/01/16",924.00
"Currency","2014/01/15",924.00
"Currency","2014/01/14",922.15
"Currency","2014/01/13",924.00
"Currency","2014/01/12",924.00
"Currency","2014/01/11",924.00
"Currency","2014/01/10",924.00
"Currency","2014/01/09",919.00
"Currency","2014/01/08",923.80
"Currency","2014/01/07",924.00
"Currency","2014/01/06",924.00
"Currency","2014/01/05",917.00
"Currency","2014/01/04",917.00
"Currency","2014/01/03",917.00
"Currency","2014/01/02",917.00
"Currency","2014/01/01",917.00
"Currency","2013/12/31",917.00
"Currency","2013/12/30",914.50
"Currency","2013/12/29",923.40
"Currency","2013/12/28",923.40
"Currency","2013/12/27",923.40
"Currency","2013/12/26",919.01
"Currency","2013/12/25",917.00
"Currency","2013/12/24",917.00
"Currency","2013/12/23",916.90
"Currency","2013/12/22",924.00
"Currency","2013/12/21",924.00
"Currency","2013/12/20",924.00
"Currency","2013/12/19",917.00
"Currency","2013/12/18",916.70
"Currency","2013/12/17",924.00
"Currency","2013/12/16",912.01
"Currency","2013/12/15",917.00
"Currency","2013/12/14",917.00
"Currency","2013/12/13",917.00
"Currency","2013/12/12",921.50
"Currency","2013/12/11",924.00
"Currency","2013/12/10",922.75
"Currency","2013/12/09",926.00
"Currency","2013/12/08",925.00
"Currency","2013/12/07",925.00
"Currency","2013/12/06",919.00
"Currency","2013/12/05",925.00
"Currency","2013/12/04",919.01
"Currency","2013/12/03",919.01
"Currency","2013/12/02",925.00
"Currency","2013/12/01",925.00
"Currency","2013/11/30",925.00
"Currency","2013/11/29",925.00
"Currency","2013/11/28",919.08
"Currency","2013/11/27",926.00
"Currency","2013/11/26",919.01
"Currency","2013/11/25",919.01
"Currency","2013/11/24",919.01
"Currency","2013/11/23",919.01
"Currency","2013/11/22",919.01
"Currency","2013/11/21",923.50
"Currency","2013/11/20",922.38
"Currency","2013/11/19",923.50
"Currency","2013/11/18",919.00
"Currency","2013/11/17",919.00
"Currency","2013/11/16",919.00
"Currency","2013/11/15",919.00
"Currency","2013/11/14",919.00
"Currency","2013/11/13",923.00
"Currency","2013/11/12",922.00
"Currency","2013/11/11",921.00
"Currency","2013/11/10",920.00
"Currency","2013/11/09",920.00
"Currency","2013/11/08",920.00
"Currency","2013/11/07",929.00
"Currency","2013/11/06",928.50
"Currency","2013/11/05",928.50
"Currency","2013/11/04",928.00
"Currency","2013/11/03",919.00
"Currency","2013/11/02",919.00
"Currency","2013/11/01",919.00
"Currency","2013/10/31",921.50
"Currency","2013/10/30",923.50
"Currency","2013/10/29",923.50
"Currency","2013/10/28",923.50
"Currency","2013/10/27",927.00
"Currency","2013/10/26",927.00
"Currency","2013/10/25",927.00
"Currency","2013/10/24",924.00
"Currency","2013/10/23",921.50
"Currency","2013/10/22",923.50
"Currency","2013/10/21",923.50
"Currency","2013/10/20",923.00
"Currency","2013/10/19",923.00
"Currency","2013/10/18",923.00
"Currency","2013/10/17",923.50
"Currency","2013/10/16",922.38
"Currency","2013/10/15",923.50
"Currency","2013/10/14",923.50
"Currency","2013/10/13",923.50
"Currency","2013/10/11",923.50
"Currency","2013/10/10",923.50
"Currency","2013/10/09",922.00
"Currency","2013/10/08",921.00
"Currency","2013/10/07",923.50
"Currency","2013/10/04",923.50
"Currency","2013/10/03",923.50
"Currency","2013/10/02",923.50
"Currency","2013/10/01",922.38
"Currency","2013/09/30",923.50
"Currency","2013/09/27",923.50
"Currency","2013/09/26",923.50
"Currency","2013/09/25",923.50
"Currency","2013/09/24",923.50
"Currency","2013/09/23",923.50
"Currency","2013/09/20",923.50
"Currency","2013/09/19",919.00
"Currency","2013/09/18",923.50
"Currency","2013/09/17",923.50
"Currency","2013/09/16",923.50
"Currency","2013/09/13",923.50
"Currency","2013/09/12",923.50
"Currency","2013/09/11",923.50
"Currency","2013/09/10",923.50
"Currency","2013/09/09",923.50
"Currency","2013/09/06",923.50
"Currency","2013/09/05",923.50
"Currency","2013/09/04",923.00
"Currency","2013/09/03",923.50
"Currency","2013/09/02",923.50
"Currency","2013/08/30",924.00
"Currency","2013/08/29",922.50
"Currency","2013/08/28",924.00
"Currency","2013/08/27",923.50
"Currency","2013/08/26",923.00
"Currency","2013/08/23",923.50
"Currency","2013/08/22",923.50
"Currency","2013/08/21",919.01
"Currency","2013/08/20",919.01
"Currency","2013/08/19",923.00
"Currency","2013/08/16",923.00
"Currency","2013/08/15",918.00
"Currency","2013/08/14",918.00
"Currency","2013/08/13",918.00
"Currency","2013/08/12",921.00
"Currency","2013/08/09",921.00
"Currency","2013/08/08",921.00
"Currency","2013/08/07",920.00
"Currency","2013/08/06",919.50
"Currency","2013/08/05",919.50
"Currency","2013/08/02",923.00
"Currency","2013/08/01",919.01
"Currency","2013/07/31",923.50
"Currency","2013/07/30",921.25
"Currency","2013/07/29",919.01
"Currency","2013/07/26",923.50
"Currency","2013/07/25",919.01
"Currency","2013/07/24",919.01
"Currency","2013/07/23",923.50
"Currency","2013/07/22",919.01
"Currency","2013/07/19",919.01
"Currency","2013/07/18",919.01
"Currency","2013/07/17",919.01
"Currency","2013/07/16",919.00
"Currency","2013/07/15",918.00
"Currency","2013/07/12",920.75
"Currency","2013/07/11",919.00
"Currency","2013/07/10",919.01
"Currency","2013/07/09",919.01
"Currency","2013/07/08",919.01
"Currency","2013/07/05",922.00
"Currency","2013/07/04",921.29
"Currency","2013/07/03",921.29
"Currency","2013/07/02",916.72
"Currency","2013/07/01",917.49
"Currency","2013/06/28",908.00
"Currency","2013/06/27",918.87
"Currency","2013/06/26",916.87
"Currency","2013/06/25",919.92
"Currency","2013/06/24",921.75
"Currency","2013/06/21",920.43
"Currency","2013/06/20",917.57
"Currency","2013/06/19",917.62
"Currency","2013/06/18",914.91
"Currency","2013/06/17",919.69
"Currency","2013/06/14",918.70
"Currency","2013/06/13",918.87
"Currency","2013/06/12",918.70
"Currency","2013/06/11",915.92
"Currency","2013/06/10",918.60
"Currency","2013/06/07",920.05
"Currency","2013/06/06",919.42
"Currency","2013/06/05",919.61
"Currency","2013/06/04",916.37
"Currency","2013/06/03",918.06
"Currency","2013/05/31",918.16
"Currency","2013/05/30",918.62
"Currency","2013/05/29",920.45
"Currency","2013/05/28",921.11
"Currency","2013/05/27",918.87
"Currency","2013/05/24",918.31
"Currency","2013/05/23",919.62
"Currency","2013/05/22",917.55
"Currency","2013/05/21",917.90
"Currency","2013/05/20",917.50
"Currency","2013/05/17",918.61
"Currency","2013/05/16",918.61
"Currency","2013/05/15",917.18
"Currency","2013/05/14",919.41
"Currency","2013/05/13",915.45
"Currency","2013/05/10",923.24
"Currency","2013/05/09",919.23
"Currency","2013/05/08",918.78
"Currency","2013/05/07",918.78
"Currency","2013/05/06",922.18
"Currency","2013/05/03",917.78
"Currency","2013/05/02",917.05
"Currency","2013/05/01",918.77
"Currency","2013/04/30",918.77
"Currency","2013/04/29",919.50
"Currency","2013/04/26",915.28
"Currency","2013/04/25",918.57
"Currency","2013/04/24",917.86
"Currency","2013/04/23",921.32
"Currency","2013/04/22",915.79
"Currency","2013/04/19",920.48
"Currency","2013/04/18",921.72
"Currency","2013/04/17",919.41
"Currency","2013/04/16",915.01
"Currency","2013/04/15",915.01
"Currency","2013/04/12",915.01
"Currency","2013/04/11",916.46
"Currency","2013/04/10",914.79
"Currency","2013/04/09",916.52
"Currency","2013/04/08",918.51
"Currency","2013/04/05",917.20
"Currency","2013/04/04",915.94
"Currency","2013/04/03",918.62
"Currency","2013/04/02",915.77
"Currency","2013/04/01",918.89
"Currency","2013/03/29",919.45
"Currency","2013/03/28",919.45
"Currency","2013/03/27",918.45
"Currency","2013/03/26",918.34
"Currency","2013/03/25",917.13
"Currency","2013/03/22",918.69
"Currency","2013/03/21",916.19
"Currency","2013/03/20",915.85
"Currency","2013/03/19",913.49
"Currency","2013/03/18",914.34
"Currency","2013/03/15",918.65
"Currency","2013/03/14",921.33
"Currency","2013/03/13",916.61
"Currency","2013/03/12",916.99
"Currency","2013/03/11",919.38
"Currency","2013/03/08",915.61
"Currency","2013/03/07",916.18
"Currency","2013/03/06",915.89
"Currency","2013/03/05",915.01
"Currency","2013/03/04",919.20
"Currency","2013/03/01",918.43
"Currency","2013/02/28",919.43
"Currency","2013/02/27",919.07
"Currency","2013/02/26",919.84
"Currency","2013/02/25",918.62
"Currency","2013/02/22",917.13
"Currency","2013/02/21",920.73
"Currency","2013/02/20",920.53
"Currency","2013/02/19",919.21
"Currency","2013/02/18",917.87
"Currency","2013/02/15",917.32
"Currency","2013/02/14",916.87
"Currency","2013/02/13",916.78
"Currency","2013/02/12",912.98
"Currency","2013/02/11",912.41
"Currency","2013/02/08",914.19
"Currency","2013/02/07",919.20
"Currency","2013/02/06",920.63
"Currency","2013/02/05",917.46
"Currency","2013/02/04",918.32
"Currency","2013/02/01",918.22
"Currency","2013/01/31",916.72
"Currency","2013/01/30",916.72
"Currency","2013/01/29",914.35
"Currency","2013/01/28",915.13
"Currency","2013/01/25",915.17
"Currency","2013/01/24",918.32
"Currency","2013/01/23",919.80
"Currency","2013/01/22",916.24
"Currency","2013/01/21",914.83
"Currency","2013/01/18",913.24
"Currency","2013/01/17",915.72
"Currency","2013/01/16",915.72
"Currency","2013/01/15",915.72
"Currency","2013/01/14",916.48
"Currency","2013/01/11",914.12
"Currency","2013/01/10",914.31
"Currency","2013/01/09",916.70
"Currency","2013/01/08",916.89
"Currency","2013/01/07",919.48
"Currency","2013/01/04",917.34
"Currency","2013/01/03",917.34
"Currency","2013/01/02",915.17
"Currency","2013/01/01",915.17
"Currency","2012/12/31",915.17
"Currency","2012/12/28",915.17
"Currency","2012/12/27",917.32
"Currency","2012/12/26",915.37
"Currency","2012/12/25",918.98
"Currency","2012/12/24",918.98
"Currency","2012/12/21",915.75
"Currency","2012/12/20",913.40
"Currency","2012/12/19",914.90
"Currency","2012/12/18",914.23
"Currency","2012/12/17",915.56
"Currency","2012/12/14",915.56
"Currency","2012/12/13",916.03
"Currency","2012/12/12",912.19
"Currency","2012/12/11",911.23
"Currency","2012/12/10",915.43
"Currency","2012/12/07",914.57
"Currency","2012/12/06",919.48
"Currency","2012/12/04",913.77
"Currency","2012/12/03",913.77
"Currency","2012/11/29",914.52
"Currency","2012/11/28",913.91
"Currency","2012/11/27",915.46
"Currency","2012/11/26",913.67
"Currency","2012/11/23",916.36
"Currency","2012/11/22",916.17
"Currency","2012/11/21",912.89
"Currency","2012/11/20",908.70
"Currency","2012/11/19",908.70
"Currency","2012/11/16",911.91
"Currency","2012/11/15",916.08
"Currency","2012/11/14",916.08
"Currency","2012/11/13",914.34
"Currency","2012/11/12",917.16
"Currency","2012/11/09",916.38
"Currency","2012/11/08",915.46
"Currency","2012/11/07",918.30
"Currency","2012/11/06",922.54
"Currency","2012/11/05",922.04
"Currency","2012/11/02",917.79
"Currency","2012/10/30",915.66
"Currency","2012/10/29",916.93
"Currency","2012/10/26",916.90
"Currency","2012/10/25",917.92
"Currency","2012/10/24",918.48
"Currency","2012/09/30",916.70
"Currency","2012/08/31",921.40
"Currency","2012/07/31",912.98
"Currency","2012/06/30",920.82
"Currency","2012/05/31",921.91
"Currency","2012/04/30",916.27
"Currency","2012/03/31",922.20
"Currency","2012/02/29",921.14
"Currency","2012/01/31",924.06
"Currency","2011/12/31",910.82
"Currency","2011/11/30",916.17
"Currency","2011/10/31",920.79
"Currency","2011/09/30",919.25
"Currency","2011/08/31",920.59
"Currency","2011/07/31",926.33
"Currency","2011/06/30",920.51
"Currency","2011/05/31",922.04
"Currency","2011/04/30",921.66
"Currency","2011/03/31",920.89
"Currency","2011/02/28",924.05
"Currency","2011/01/31",919.15
"Currency","2010/12/31",915.13
"Currency","2010/11/30",908.54
"Currency","2010/10/31",912.04
"Currency","2010/09/30",904.86
"Currency","2010/08/31",902.28
"Currency","2010/07/31",900.07
"Currency","2010/06/30",894.49
"Currency","2010/01/31",917.33
"Currency","2009/12/31",862.42
"Currency","2009/11/30",864.85
"Currency","2009/10/31",876.48
"Currency","2009/09/30",822.48
"Currency","2009/08/31",775.32
"Currency","2009/07/31",780.06
"Currency","2009/06/30",769.62
"Currency","2009/05/31",792.00
"Currency","2009/04/30",839.66
"Currency","2009/03/31",766.70
"Currency","2009/02/28",743.79
"Currency","2009/01/31",715.69
"Currency","2008/12/31",657.45
"Currency","2008/11/30",598.53
"Currency","2008/10/31",579.39
"Currency","2008/09/30",568.97
"Currency","2008/08/31",562.43
"Currency","2008/07/31",561.16
"Currency","2008/06/30",561.91
"Currency","2008/05/31",559.64
"Currency","2008/04/30",560.23
"Currency","2008/03/31",559.20
"Currency","2008/02/29",555.00
"Currency","2008/01/31",549.00
"Currency","2007/12/31",504.72
"","",""
"Data Source: http://www.tradingeconomics.com","",""
"Downloaded from http://vam.wfp.org on 11 Jun 2018","",""
